2025-07-12 00:43:43,328 - INFO - 🚀 开始运行区域信息获取程序...
2025-07-12 00:43:43,328 - INFO - 📂 正在加载数据: /Users/songdingan/Downloads/detect_bus/final_station_ranking.csv
2025-07-12 00:43:43,356 - INFO - 🧪 测试模式已启用: 只处理前 5 条记录 (原始数据: 3931 条)
2025-07-12 00:43:43,356 - INFO - ✅ 数据加载成功!
2025-07-12 00:43:43,357 - INFO -    - 样本数量: 5
2025-07-12 00:43:43,357 - INFO -    - 列名: ['rank', 'station_name', 'comprehensive_score', 'score_std', 'longitude', 'latitude', 'Safety and Comfort in Waiting Areas_score', 'Information Accessibility_score', 'Barrier-free Access_score']
2025-07-12 00:43:43,357 - INFO - 🚀 开始并发处理...
2025-07-12 00:43:43,357 - INFO - 📈 未找到进度文件，从头开始处理
2025-07-12 00:43:43,357 - INFO - 📊 待处理记录数: 5
2025-07-12 00:43:43,357 - INFO - 🔄 正在处理记录 0: (121.535484, 31.041946)
2025-07-12 00:43:43,358 - INFO - 🔄 正在处理记录 1: (121.535484, 31.041946)
2025-07-12 00:43:43,358 - INFO - 🔄 正在处理记录 2: (121.488661, 31.076451)
2025-07-12 00:43:43,656 - INFO - ✅ API调用成功: 121.535484, 31.041946 -> 闵行区
2025-07-12 00:43:43,662 - INFO - 🔄 正在处理记录 3: (121.380541, 31.093393)
2025-07-12 00:43:43,663 - INFO - 📈 进度: 1/5 (20.0%)
2025-07-12 00:43:44,568 - INFO - ✅ API调用成功: 121.535484, 31.041946 -> 闵行区
2025-07-12 00:43:44,570 - INFO - 🔄 正在处理记录 4: (121.532578, 31.041873)
2025-07-12 00:43:44,570 - INFO - 📈 进度: 2/5 (40.0%)
2025-07-12 00:43:45,706 - INFO - ✅ API调用成功: 121.488661, 31.076451 -> 闵行区
2025-07-12 00:43:45,715 - INFO - 📈 进度: 3/5 (60.0%)
2025-07-12 00:43:46,495 - INFO - ✅ API调用成功: 121.380541, 31.093393 -> 闵行区
2025-07-12 00:43:46,505 - INFO - 📈 进度: 4/5 (80.0%)
2025-07-12 00:43:47,513 - INFO - ✅ API调用成功: 121.532578, 31.041873 -> 闵行区
2025-07-12 00:43:47,527 - INFO - ✅ 写入 5 条结果到 /Users/songdingan/Downloads/detect_bus/test_5_records_with_district.csv
2025-07-12 00:43:47,527 - INFO - 📈 进度: 5/5 (100.0%)
2025-07-12 00:43:47,527 - INFO - 🎉 并发处理完成！
2025-07-12 00:43:47,528 - INFO - 📝 创建最终合并文件...
2025-07-12 00:43:47,538 - INFO - ✅ 最终文件已存在且完整: /Users/songdingan/Downloads/detect_bus/test_5_records_with_district.csv
2025-07-12 00:43:47,538 - INFO - 🎉 程序运行完成！
2025-07-12 00:47:30,310 - INFO - 🚀 开始运行区域信息获取程序...
2025-07-12 00:47:30,310 - INFO - 📂 正在加载数据: /Users/songdingan/Downloads/detect_bus/final_station_ranking.csv
2025-07-12 00:47:30,320 - INFO - ✅ 数据加载成功!
2025-07-12 00:47:30,320 - INFO -    - 样本数量: 3931
2025-07-12 00:47:30,320 - INFO -    - 列名: ['rank', 'station_name', 'comprehensive_score', 'score_std', 'longitude', 'latitude', 'Safety and Comfort in Waiting Areas_score', 'Information Accessibility_score', 'Barrier-free Access_score']
2025-07-12 00:47:30,320 - INFO - 🚀 开始并发处理...
2025-07-12 00:47:30,320 - INFO - 📈 未找到进度文件，从头开始处理
2025-07-12 00:47:30,320 - INFO - 📊 待处理记录数: 3931
2025-07-12 00:47:30,320 - INFO - 🔄 正在处理记录 0: (121.535484, 31.041946)
2025-07-12 00:47:30,321 - INFO - 🔄 正在处理记录 1: (121.535484, 31.041946)
2025-07-12 00:47:30,321 - INFO - 🔄 正在处理记录 2: (121.488661, 31.076451)
2025-07-12 00:47:30,645 - INFO - ✅ API调用成功: 121.535484, 31.041946 -> 闵行区
2025-07-12 00:47:30,653 - INFO - 🔄 正在处理记录 3: (121.380541, 31.093393)
2025-07-12 00:47:30,653 - INFO - 📈 进度: 1/3931 (0.0%)
2025-07-12 00:47:31,427 - INFO - ✅ API调用成功: 121.535484, 31.041946 -> 闵行区
2025-07-12 00:47:31,431 - INFO - 🔄 正在处理记录 4: (121.532578, 31.041873)
2025-07-12 00:47:31,431 - INFO - 📈 进度: 2/3931 (0.1%)
2025-07-12 00:47:32,435 - INFO - ✅ API调用成功: 121.488661, 31.076451 -> 闵行区
2025-07-12 00:47:32,444 - INFO - 🔄 正在处理记录 5: (121.283837, 31.210794)
2025-07-12 00:47:32,444 - INFO - 📈 进度: 3/3931 (0.1%)
2025-07-12 00:47:33,634 - INFO - ✅ API调用成功: 121.380541, 31.093393 -> 闵行区
2025-07-12 00:47:33,641 - INFO - 🔄 正在处理记录 6: (121.498049, 31.077287)
2025-07-12 00:47:33,641 - INFO - 📈 进度: 4/3931 (0.1%)
2025-07-12 00:47:34,419 - INFO - ✅ API调用成功: 121.532578, 31.041873 -> 闵行区
2025-07-12 00:47:34,507 - INFO - 🔄 正在处理记录 7: (121.501511, 31.098742)
2025-07-12 00:47:34,507 - INFO - 📈 进度: 5/3931 (0.1%)
2025-07-12 00:47:35,496 - INFO - ✅ API调用成功: 121.283837, 31.210794 -> 闵行区
2025-07-12 00:47:35,505 - INFO - 🔄 正在处理记录 8: (121.603424, 31.224462)
2025-07-12 00:47:35,505 - INFO - 📈 进度: 6/3931 (0.2%)
2025-07-12 00:47:36,482 - INFO - ✅ API调用成功: 121.498049, 31.077287 -> 闵行区
2025-07-12 00:47:36,494 - INFO - 🔄 正在处理记录 9: (121.366209, 31.131427)
2025-07-12 00:47:36,494 - INFO - 📈 进度: 7/3931 (0.2%)
2025-07-12 00:47:37,465 - INFO - ✅ API调用成功: 121.501511, 31.098742 -> 闵行区
2025-07-12 00:47:37,477 - INFO - 🔄 正在处理记录 10: (121.354915, 31.11987)
2025-07-12 00:47:37,477 - INFO - 📈 进度: 8/3931 (0.2%)
2025-07-12 00:47:38,657 - INFO - ✅ API调用成功: 121.603424, 31.224462 -> 浦东新区
2025-07-12 00:47:38,664 - INFO - 🔄 正在处理记录 11: (121.641989, 31.169824)
2025-07-12 00:47:38,664 - INFO - 📈 进度: 9/3931 (0.2%)
2025-07-12 00:47:39,486 - INFO - ✅ API调用成功: 121.366209, 31.131427 -> 闵行区
2025-07-12 00:47:39,495 - INFO - 🔄 正在处理记录 12: (121.48612, 31.079792)
2025-07-12 00:47:39,500 - INFO - ✅ 写入 10 条结果到 /Users/songdingan/Downloads/detect_bus/final_station_ranking_with_district.csv
2025-07-12 00:47:39,501 - INFO - 📈 进度: 10/3931 (0.3%)
2025-07-12 00:47:40,507 - INFO - ✅ API调用成功: 121.354915, 31.11987 -> 松江区
2025-07-12 00:47:40,520 - INFO - 🔄 正在处理记录 13: (121.380412, 31.04476)
2025-07-12 00:47:40,520 - INFO - 📈 进度: 11/3931 (0.3%)
2025-07-12 00:47:41,474 - INFO - ✅ API调用成功: 121.641989, 31.169824 -> 浦东新区
2025-07-12 00:47:41,483 - INFO - 🔄 正在处理记录 14: (121.471213, 31.230942)
2025-07-12 00:47:41,483 - INFO - 📈 进度: 12/3931 (0.3%)
2025-07-12 00:47:42,483 - INFO - ✅ API调用成功: 121.48612, 31.079792 -> 闵行区
2025-07-12 00:47:42,496 - INFO - 🔄 正在处理记录 15: (121.180143, 30.819502)
2025-07-12 00:47:42,496 - INFO - 📈 进度: 13/3931 (0.3%)
2025-07-12 00:47:43,523 - INFO - ✅ API调用成功: 121.380412, 31.04476 -> 闵行区
2025-07-12 00:47:43,535 - INFO - 🔄 正在处理记录 16: (121.67088, 31.166769)
2025-07-12 00:47:43,535 - INFO - 📈 进度: 14/3931 (0.4%)
2025-07-12 00:47:44,553 - INFO - ✅ API调用成功: 121.471213, 31.230942 -> 静安区
2025-07-12 00:47:44,563 - INFO - 🔄 正在处理记录 17: (121.413254, 31.038813)
2025-07-12 00:47:44,563 - INFO - 📈 进度: 15/3931 (0.4%)
2025-07-12 00:47:45,497 - INFO - ✅ API调用成功: 121.180143, 30.819502 -> 金山区
2025-07-12 00:47:45,507 - INFO - 🔄 正在处理记录 18: (121.531221, 31.057701)
2025-07-12 00:47:45,507 - INFO - 📈 进度: 16/3931 (0.4%)
2025-07-12 00:47:46,508 - INFO - ✅ API调用成功: 121.67088, 31.166769 -> 浦东新区
2025-07-12 00:47:46,525 - INFO - 🔄 正在处理记录 19: (121.417468, 31.002398)
2025-07-12 00:47:46,525 - INFO - 📈 进度: 17/3931 (0.4%)
2025-07-12 00:47:47,511 - INFO - ✅ API调用成功: 121.413254, 31.038813 -> 闵行区
2025-07-12 00:47:47,524 - INFO - 🔄 正在处理记录 20: (121.262497, 31.238617)
2025-07-12 00:47:47,524 - INFO - 📈 进度: 18/3931 (0.5%)
2025-07-12 00:47:48,487 - INFO - ✅ API调用成功: 121.531221, 31.057701 -> 闵行区
2025-07-12 00:47:48,501 - INFO - 🔄 正在处理记录 21: (121.381339, 31.085956)
2025-07-12 00:47:48,501 - INFO - 📈 进度: 19/3931 (0.5%)
2025-07-12 00:47:49,514 - INFO - ✅ API调用成功: 121.417468, 31.002398 -> 闵行区
2025-07-12 00:47:49,524 - INFO - 🔄 正在处理记录 22: (121.780977, 31.0514)
2025-07-12 00:47:49,528 - INFO - ✅ 写入 10 条结果到 /Users/songdingan/Downloads/detect_bus/final_station_ranking_with_district.csv
2025-07-12 00:47:49,528 - INFO - 📈 进度: 20/3931 (0.5%)
2025-07-12 00:47:50,516 - INFO - ✅ API调用成功: 121.262497, 31.238617 -> 闵行区
2025-07-12 00:47:50,525 - INFO - 🔄 正在处理记录 23: (121.523418, 31.144905)
2025-07-12 00:47:50,525 - INFO - 📈 进度: 21/3931 (0.5%)
2025-07-12 00:47:51,496 - INFO - ✅ API调用成功: 121.381339, 31.085956 -> 闵行区
2025-07-12 00:47:51,506 - INFO - 🔄 正在处理记录 24: (121.357219, 30.728959)
2025-07-12 00:47:51,506 - INFO - 📈 进度: 22/3931 (0.6%)
2025-07-12 00:47:52,518 - INFO - ✅ API调用成功: 121.780977, 31.0514 -> 浦东新区
2025-07-12 00:47:52,541 - INFO - 🔄 正在处理记录 25: (121.352522, 31.365712)
2025-07-12 00:47:52,541 - INFO - 📈 进度: 23/3931 (0.6%)
2025-07-12 00:47:53,527 - INFO - ✅ API调用成功: 121.523418, 31.144905 -> 浦东新区
2025-07-12 00:47:53,541 - INFO - 🔄 正在处理记录 26: (121.583323, 31.096414)
2025-07-12 00:47:53,541 - INFO - 📈 进度: 24/3931 (0.6%)
2025-07-12 00:47:54,554 - INFO - ✅ API调用成功: 121.357219, 30.728959 -> 金山区
2025-07-12 00:47:54,567 - INFO - 🔄 正在处理记录 27: (121.209761, 31.005576)
2025-07-12 00:47:54,567 - INFO - 📈 进度: 25/3931 (0.6%)
2025-07-12 00:47:55,532 - INFO - ✅ API调用成功: 121.352522, 31.365712 -> 宝山区
2025-07-12 00:47:55,540 - INFO - 🔄 正在处理记录 28: (121.349047, 31.286209)
2025-07-12 00:47:55,540 - INFO - 📈 进度: 26/3931 (0.7%)
2025-07-12 00:47:56,647 - INFO - ✅ API调用成功: 121.583323, 31.096414 -> 浦东新区
2025-07-12 00:47:56,661 - INFO - 🔄 正在处理记录 29: (121.478035, 31.242217)
2025-07-12 00:47:56,661 - INFO - 📈 进度: 27/3931 (0.7%)
2025-07-12 00:47:57,590 - INFO - ✅ API调用成功: 121.209761, 31.005576 -> 松江区
2025-07-12 00:47:57,600 - INFO - 🔄 正在处理记录 30: (121.209761, 31.005576)
2025-07-12 00:47:57,601 - INFO - 📈 进度: 28/3931 (0.7%)
2025-07-12 00:47:58,559 - INFO - ✅ API调用成功: 121.349047, 31.286209 -> 普陀区
2025-07-12 00:47:58,574 - INFO - 🔄 正在处理记录 31: (121.705076, 31.204945)
2025-07-12 00:47:58,574 - INFO - 📈 进度: 29/3931 (0.7%)
2025-07-12 00:47:59,620 - INFO - ✅ API调用成功: 121.478035, 31.242217 -> 黄浦区
2025-07-12 00:47:59,636 - INFO - 🔄 正在处理记录 32: (121.305043, 31.14642)
2025-07-12 00:47:59,647 - INFO - ✅ 写入 10 条结果到 /Users/songdingan/Downloads/detect_bus/final_station_ranking_with_district.csv
2025-07-12 00:47:59,647 - INFO - 📈 进度: 30/3931 (0.8%)
2025-07-12 00:48:00,567 - INFO - ✅ API调用成功: 121.209761, 31.005576 -> 松江区
2025-07-12 00:48:00,585 - INFO - 🔄 正在处理记录 33: (121.381565, 31.107962)
2025-07-12 00:48:00,585 - INFO - 📈 进度: 31/3931 (0.8%)
2025-07-12 00:48:01,557 - INFO - ✅ API调用成功: 121.705076, 31.204945 -> 浦东新区
2025-07-12 00:48:01,571 - INFO - 🔄 正在处理记录 34: (121.257097, 31.119721)
2025-07-12 00:48:01,571 - INFO - 📈 进度: 32/3931 (0.8%)
2025-07-12 00:48:02,564 - INFO - ✅ API调用成功: 121.305043, 31.14642 -> 松江区
2025-07-12 00:48:02,581 - INFO - 🔄 正在处理记录 35: (121.529501, 31.585598)
2025-07-12 00:48:02,582 - INFO - 📈 进度: 33/3931 (0.8%)
2025-07-12 00:48:03,564 - INFO - ✅ API调用成功: 121.381565, 31.107962 -> 闵行区
2025-07-12 00:48:03,574 - INFO - 🔄 正在处理记录 36: (121.567315, 31.115341)
2025-07-12 00:48:03,574 - INFO - 📈 进度: 34/3931 (0.9%)
2025-07-12 00:48:04,665 - INFO - ✅ API调用成功: 121.257097, 31.119721 -> 松江区
2025-07-12 00:48:04,679 - INFO - 🔄 正在处理记录 37: (121.483019, 31.34426)
2025-07-12 00:48:04,679 - INFO - 📈 进度: 35/3931 (0.9%)
2025-07-12 00:48:05,563 - INFO - ✅ API调用成功: 121.529501, 31.585598 -> 崇明区
2025-07-12 00:48:05,575 - INFO - 🔄 正在处理记录 38: (121.223698, 31.008803)
2025-07-12 00:48:05,575 - INFO - 📈 进度: 36/3931 (0.9%)
2025-07-12 00:48:06,571 - INFO - ✅ API调用成功: 121.567315, 31.115341 -> 浦东新区
2025-07-12 00:48:06,588 - INFO - 🔄 正在处理记录 39: (121.546691, 31.027869)
2025-07-12 00:48:06,588 - INFO - 📈 进度: 37/3931 (0.9%)
2025-07-12 00:48:07,557 - INFO - ✅ API调用成功: 121.483019, 31.34426 -> 宝山区
2025-07-12 00:48:07,570 - INFO - 🔄 正在处理记录 40: (121.376382, 31.117511)
2025-07-12 00:48:07,570 - INFO - 📈 进度: 38/3931 (1.0%)
2025-07-12 00:48:08,551 - INFO - ✅ API调用成功: 121.223698, 31.008803 -> 松江区
2025-07-12 00:48:08,559 - INFO - 🔄 正在处理记录 41: (121.574085, 31.116552)
2025-07-12 00:48:08,559 - INFO - 📈 进度: 39/3931 (1.0%)
2025-07-12 00:48:09,785 - INFO - ✅ API调用成功: 121.546691, 31.027869 -> 闵行区
2025-07-12 00:48:09,795 - INFO - 🔄 正在处理记录 42: (121.28528, 31.78613)
2025-07-12 00:48:09,803 - INFO - ✅ 写入 10 条结果到 /Users/songdingan/Downloads/detect_bus/final_station_ranking_with_district.csv
2025-07-12 00:48:09,803 - INFO - 📈 进度: 40/3931 (1.0%)
2025-07-12 00:48:10,604 - INFO - ✅ API调用成功: 121.376382, 31.117511 -> 闵行区
2025-07-12 00:48:10,615 - INFO - 🔄 正在处理记录 43: (121.531705, 31.184198)
2025-07-12 00:48:10,615 - INFO - 📈 进度: 41/3931 (1.0%)
2025-07-12 00:48:11,827 - INFO - ✅ API调用成功: 121.574085, 31.116552 -> 浦东新区
2025-07-12 00:48:11,842 - INFO - 🔄 正在处理记录 44: (121.574085, 31.116552)
2025-07-12 00:48:11,842 - INFO - 📈 进度: 42/3931 (1.1%)
2025-07-12 00:48:12,560 - INFO - ✅ API调用成功: 121.28528, 31.78613 -> 崇明区
2025-07-12 00:48:12,573 - INFO - 🔄 正在处理记录 45: (121.292936, 30.80331)
2025-07-12 00:48:12,573 - INFO - 📈 进度: 43/3931 (1.1%)
2025-07-12 00:48:13,584 - INFO - ✅ API调用成功: 121.531705, 31.184198 -> 浦东新区
2025-07-12 00:48:13,595 - INFO - 🔄 正在处理记录 46: (121.741735, 30.965299)
2025-07-12 00:48:13,595 - INFO - 📈 进度: 44/3931 (1.1%)
2025-07-12 00:48:14,600 - INFO - ✅ API调用成功: 121.574085, 31.116552 -> 浦东新区
2025-07-12 00:48:14,615 - INFO - 🔄 正在处理记录 47: (121.588911, 31.268077)
2025-07-12 00:48:14,615 - INFO - 📈 进度: 45/3931 (1.1%)
2025-07-12 00:48:15,587 - INFO - ✅ API调用成功: 121.292936, 30.80331 -> 金山区
2025-07-12 00:48:15,600 - INFO - 🔄 正在处理记录 48: (121.449168, 31.170941)
2025-07-12 00:48:15,600 - INFO - 📈 进度: 46/3931 (1.2%)
2025-07-12 00:48:16,605 - INFO - ✅ API调用成功: 121.741735, 30.965299 -> 奉贤区
2025-07-12 00:48:16,616 - INFO - 🔄 正在处理记录 49: (121.338923, 31.479368)
2025-07-12 00:48:16,616 - INFO - 📈 进度: 47/3931 (1.2%)
2025-07-12 00:48:17,609 - INFO - ✅ API调用成功: 121.588911, 31.268077 -> 浦东新区
2025-07-12 00:48:17,620 - INFO - 🔄 正在处理记录 50: (121.32673, 31.118671)
2025-07-12 00:48:17,620 - INFO - 📈 进度: 48/3931 (1.2%)
2025-07-12 00:48:18,985 - INFO - ✅ API调用成功: 121.449168, 31.170941 -> 徐汇区
2025-07-12 00:48:18,996 - INFO - 🔄 正在处理记录 51: (121.76519, 31.062948)
2025-07-12 00:48:18,996 - INFO - 📈 进度: 49/3931 (1.2%)
2025-07-12 00:48:19,619 - INFO - ✅ API调用成功: 121.338923, 31.479368 -> 宝山区
2025-07-12 00:48:19,630 - INFO - 🔄 正在处理记录 52: (121.548186, 31.194717)
2025-07-12 00:48:19,644 - INFO - ✅ 写入 10 条结果到 /Users/songdingan/Downloads/detect_bus/final_station_ranking_with_district.csv
2025-07-12 00:48:19,644 - INFO - 📈 进度: 50/3931 (1.3%)
2025-07-12 00:48:20,661 - INFO - ✅ API调用成功: 121.32673, 31.118671 -> 松江区
2025-07-12 00:48:20,673 - INFO - 🔄 正在处理记录 53: (121.257097, 31.119721)
2025-07-12 00:48:20,673 - INFO - 📈 进度: 51/3931 (1.3%)
2025-07-12 00:48:21,633 - INFO - ✅ API调用成功: 121.76519, 31.062948 -> 浦东新区
2025-07-12 00:48:21,644 - INFO - 🔄 正在处理记录 54: (121.283573, 31.776434)
2025-07-12 00:48:21,644 - INFO - 📈 进度: 52/3931 (1.3%)
2025-07-12 00:48:22,606 - INFO - ✅ API调用成功: 121.548186, 31.194717 -> 浦东新区
2025-07-12 00:48:22,618 - INFO - 🔄 正在处理记录 55: (121.561335, 31.570182)
2025-07-12 00:48:22,618 - INFO - 📈 进度: 53/3931 (1.3%)
2025-07-12 00:48:23,620 - INFO - ✅ API调用成功: 121.257097, 31.119721 -> 松江区
2025-07-12 00:48:23,628 - INFO - 🔄 正在处理记录 56: (121.239184, 31.389629)
2025-07-12 00:48:23,628 - INFO - 📈 进度: 54/3931 (1.4%)
2025-07-12 00:48:24,628 - INFO - ✅ API调用成功: 121.283573, 31.776434 -> 崇明区
2025-07-12 00:48:24,640 - INFO - 🔄 正在处理记录 57: (121.577127, 31.285536)
2025-07-12 00:48:24,640 - INFO - 📈 进度: 55/3931 (1.4%)
2025-07-12 00:48:25,867 - INFO - ✅ API调用成功: 121.561335, 31.570182 -> 崇明区
2025-07-12 00:48:25,890 - INFO - 🔄 正在处理记录 58: (121.592759, 31.259933)
2025-07-12 00:48:25,890 - INFO - 📈 进度: 56/3931 (1.4%)
2025-07-12 00:48:26,626 - INFO - ✅ API调用成功: 121.239184, 31.389629 -> 嘉定区
2025-07-12 00:48:26,644 - INFO - 🔄 正在处理记录 59: (121.538271, 31.16974)
2025-07-12 00:48:26,644 - INFO - 📈 进度: 57/3931 (1.5%)
2025-07-12 00:48:27,698 - INFO - ✅ API调用成功: 121.577127, 31.285536 -> 浦东新区
2025-07-12 00:48:27,716 - INFO - 🔄 正在处理记录 60: (121.48489, 31.341943)
2025-07-12 00:48:27,716 - INFO - 📈 进度: 58/3931 (1.5%)
2025-07-12 00:48:28,621 - INFO - ✅ API调用成功: 121.592759, 31.259933 -> 浦东新区
2025-07-12 00:48:28,635 - INFO - 🔄 正在处理记录 61: (121.651148, 31.105558)
2025-07-12 00:48:28,636 - INFO - 📈 进度: 59/3931 (1.5%)
2025-07-12 00:48:29,634 - INFO - ✅ API调用成功: 121.538271, 31.16974 -> 浦东新区
2025-07-12 00:48:29,647 - INFO - 🔄 正在处理记录 62: (121.295282, 31.160486)
2025-07-12 00:48:29,657 - INFO - ✅ 写入 10 条结果到 /Users/songdingan/Downloads/detect_bus/final_station_ranking_with_district.csv
2025-07-12 00:48:29,657 - INFO - 📈 进度: 60/3931 (1.5%)
2025-07-12 00:48:30,624 - INFO - ✅ API调用成功: 121.48489, 31.341943 -> 宝山区
2025-07-12 00:48:30,637 - INFO - 🔄 正在处理记录 63: (121.364518, 31.188855)
2025-07-12 00:48:30,637 - INFO - 📈 进度: 61/3931 (1.6%)
2025-07-12 00:48:31,655 - INFO - ✅ API调用成功: 121.651148, 31.105558 -> 浦东新区
2025-07-12 00:48:31,670 - INFO - 🔄 正在处理记录 64: (121.509712, 31.25656)
2025-07-12 00:48:31,670 - INFO - 📈 进度: 62/3931 (1.6%)
2025-07-12 00:48:32,693 - INFO - ✅ API调用成功: 121.295282, 31.160486 -> 青浦区
2025-07-12 00:48:32,708 - INFO - 🔄 正在处理记录 65: (121.910781, 30.91772)
2025-07-12 00:48:32,708 - INFO - 📈 进度: 63/3931 (1.6%)
2025-07-12 00:48:33,656 - INFO - ✅ API调用成功: 121.364518, 31.188855 -> 闵行区
2025-07-12 00:48:33,670 - INFO - 🔄 正在处理记录 66: (121.703658, 31.241252)
2025-07-12 00:48:33,671 - INFO - 📈 进度: 64/3931 (1.6%)
2025-07-12 00:48:34,747 - INFO - ✅ API调用成功: 121.509712, 31.25656 -> 虹口区
2025-07-12 00:48:34,765 - INFO - 🔄 正在处理记录 67: (121.405857, 31.632686)
2025-07-12 00:48:34,765 - INFO - 📈 进度: 65/3931 (1.7%)
2025-07-12 00:48:35,659 - INFO - ✅ API调用成功: 121.910781, 30.91772 -> 浦东新区
2025-07-12 00:48:35,670 - INFO - 🔄 正在处理记录 68: (121.865726, 30.977135)
2025-07-12 00:48:35,670 - INFO - 📈 进度: 66/3931 (1.7%)
2025-07-12 00:48:36,649 - INFO - ✅ API调用成功: 121.703658, 31.241252 -> 浦东新区
2025-07-12 00:48:36,671 - INFO - 🔄 正在处理记录 69: (121.584235, 31.088468)
2025-07-12 00:48:36,671 - INFO - 📈 进度: 67/3931 (1.7%)
2025-07-12 00:48:37,643 - INFO - ✅ API调用成功: 121.405857, 31.632686 -> 崇明区
2025-07-12 00:48:37,654 - INFO - 🔄 正在处理记录 70: (121.232261, 31.374023)
2025-07-12 00:48:37,654 - INFO - 📈 进度: 68/3931 (1.7%)
2025-07-12 00:48:38,640 - INFO - ✅ API调用成功: 121.865726, 30.977135 -> 浦东新区
2025-07-12 00:48:38,648 - INFO - 🔄 正在处理记录 71: (121.401358, 31.331373)
2025-07-12 00:48:38,648 - INFO - 📈 进度: 69/3931 (1.8%)
2025-07-12 00:48:39,676 - INFO - ✅ API调用成功: 121.584235, 31.088468 -> 浦东新区
2025-07-12 00:48:39,690 - INFO - 🔄 正在处理记录 72: (121.586019, 31.265204)
2025-07-12 00:48:39,700 - INFO - ✅ 写入 10 条结果到 /Users/songdingan/Downloads/detect_bus/final_station_ranking_with_district.csv
2025-07-12 00:48:39,701 - INFO - 📈 进度: 70/3931 (1.8%)
2025-07-12 00:48:40,701 - INFO - ✅ API调用成功: 121.232261, 31.374023 -> 嘉定区
2025-07-12 00:48:40,711 - INFO - 🔄 正在处理记录 73: (121.747071, 31.048652)
2025-07-12 00:48:40,711 - INFO - 📈 进度: 71/3931 (1.8%)
2025-07-12 00:48:41,664 - INFO - ✅ API调用成功: 121.401358, 31.331373 -> 宝山区
2025-07-12 00:48:41,679 - INFO - 🔄 正在处理记录 74: (121.494498, 31.404976)
2025-07-12 00:48:41,679 - INFO - 📈 进度: 72/3931 (1.8%)
2025-07-12 00:48:42,656 - INFO - ✅ API调用成功: 121.586019, 31.265204 -> 浦东新区
2025-07-12 00:48:42,667 - INFO - 🔄 正在处理记录 75: (121.5777, 31.128728)
2025-07-12 00:48:42,667 - INFO - 📈 进度: 73/3931 (1.9%)
2025-07-12 00:48:43,675 - INFO - ✅ API调用成功: 121.747071, 31.048652 -> 浦东新区
2025-07-12 00:48:43,683 - INFO - 🔄 正在处理记录 76: (121.564919, 31.33289)
2025-07-12 00:48:43,683 - INFO - 📈 进度: 74/3931 (1.9%)
2025-07-12 00:48:44,677 - INFO - ✅ API调用成功: 121.494498, 31.404976 -> 宝山区
2025-07-12 00:48:44,689 - INFO - 🔄 正在处理记录 77: (121.703375, 31.210424)
2025-07-12 00:48:44,689 - INFO - 📈 进度: 75/3931 (1.9%)
2025-07-12 00:48:45,959 - INFO - ✅ API调用成功: 121.5777, 31.128728 -> 浦东新区
2025-07-12 00:48:45,977 - INFO - 🔄 正在处理记录 78: (121.470677, 31.196094)
2025-07-12 00:48:45,977 - INFO - 📈 进度: 76/3931 (1.9%)
2025-07-12 00:48:46,701 - INFO - ✅ API调用成功: 121.564919, 31.33289 -> 杨浦区
2025-07-12 00:48:46,714 - INFO - 🔄 正在处理记录 79: (121.333687, 31.305773)
2025-07-12 00:48:46,714 - INFO - 📈 进度: 77/3931 (2.0%)
2025-07-12 00:48:47,930 - INFO - ✅ API调用成功: 121.703375, 31.210424 -> 浦东新区
2025-07-12 00:48:47,945 - INFO - 🔄 正在处理记录 80: (121.544239, 31.236509)
2025-07-12 00:48:47,946 - INFO - 📈 进度: 78/3931 (2.0%)
2025-07-12 00:48:48,682 - INFO - ✅ API调用成功: 121.470677, 31.196094 -> 徐汇区
2025-07-12 00:48:48,696 - INFO - 🔄 正在处理记录 81: (121.719984, 31.238379)
2025-07-12 00:48:48,696 - INFO - 📈 进度: 79/3931 (2.0%)
2025-07-12 00:48:49,714 - INFO - ✅ API调用成功: 121.333687, 31.305773 -> 嘉定区
2025-07-12 00:48:49,724 - INFO - 🔄 正在处理记录 82: (121.545489, 31.146815)
2025-07-12 00:48:49,742 - INFO - ✅ 写入 10 条结果到 /Users/songdingan/Downloads/detect_bus/final_station_ranking_with_district.csv
2025-07-12 00:48:49,742 - INFO - 📈 进度: 80/3931 (2.0%)
2025-07-12 00:48:50,720 - INFO - ✅ API调用成功: 121.544239, 31.236509 -> 浦东新区
2025-07-12 00:48:50,735 - INFO - 🔄 正在处理记录 83: (121.296956, 31.220006)
2025-07-12 00:48:50,735 - INFO - 📈 进度: 81/3931 (2.1%)
2025-07-12 00:48:51,739 - INFO - ✅ API调用成功: 121.719984, 31.238379 -> 浦东新区
2025-07-12 00:48:51,750 - INFO - 🔄 正在处理记录 84: (121.396259, 31.263205)
2025-07-12 00:48:51,750 - INFO - 📈 进度: 82/3931 (2.1%)
2025-07-12 00:48:53,050 - INFO - ✅ API调用成功: 121.545489, 31.146815 -> 浦东新区
2025-07-12 00:48:53,063 - INFO - 🔄 正在处理记录 85: (121.408309, 31.434501)
2025-07-12 00:48:53,063 - INFO - 📈 进度: 83/3931 (2.1%)
2025-07-12 00:48:53,724 - INFO - ✅ API调用成功: 121.296956, 31.220006 -> 闵行区
2025-07-12 00:48:53,739 - INFO - 🔄 正在处理记录 86: (121.280365, 30.931873)
2025-07-12 00:48:53,739 - INFO - 📈 进度: 84/3931 (2.1%)
2025-07-12 00:48:54,733 - INFO - ✅ API调用成功: 121.396259, 31.263205 -> 普陀区
2025-07-12 00:48:54,754 - INFO - 🔄 正在处理记录 87: (121.778803, 31.033824)
2025-07-12 00:48:54,755 - INFO - 📈 进度: 85/3931 (2.2%)
2025-07-12 00:48:55,728 - INFO - ✅ API调用成功: 121.408309, 31.434501 -> 宝山区
2025-07-12 00:48:55,749 - INFO - 🔄 正在处理记录 88: (121.465756, 30.913853)
2025-07-12 00:48:55,749 - INFO - 📈 进度: 86/3931 (2.2%)
2025-07-12 00:48:56,724 - INFO - ✅ API调用成功: 121.280365, 30.931873 -> 松江区
2025-07-12 00:48:56,737 - INFO - 🔄 正在处理记录 89: (121.549199, 31.147434)
2025-07-12 00:48:56,737 - INFO - 📈 进度: 87/3931 (2.2%)
2025-07-12 00:48:57,764 - INFO - ✅ API调用成功: 121.778803, 31.033824 -> 浦东新区
2025-07-12 00:48:57,776 - INFO - 🔄 正在处理记录 90: (121.191453, 31.10115)
2025-07-12 00:48:57,776 - INFO - 📈 进度: 88/3931 (2.2%)
2025-07-12 00:48:58,798 - INFO - ✅ API调用成功: 121.465756, 30.913853 -> 奉贤区
2025-07-12 00:48:58,810 - INFO - 🔄 正在处理记录 91: (121.355494, 31.364232)
2025-07-12 00:48:58,810 - INFO - 📈 进度: 89/3931 (2.3%)
2025-07-12 00:48:59,802 - INFO - ✅ API调用成功: 121.549199, 31.147434 -> 浦东新区
2025-07-12 00:48:59,822 - INFO - 🔄 正在处理记录 92: (121.461551, 31.024737)
2025-07-12 00:48:59,844 - INFO - ✅ 写入 10 条结果到 /Users/songdingan/Downloads/detect_bus/final_station_ranking_with_district.csv
2025-07-12 00:48:59,844 - INFO - 📈 进度: 90/3931 (2.3%)
2025-07-12 00:49:00,807 - INFO - ✅ API调用成功: 121.191453, 31.10115 -> 松江区
2025-07-12 00:49:00,818 - INFO - 🔄 正在处理记录 93: (121.4726, 31.21905)
2025-07-12 00:49:00,818 - INFO - 📈 进度: 91/3931 (2.3%)
2025-07-12 00:49:01,758 - INFO - ✅ API调用成功: 121.355494, 31.364232 -> 宝山区
2025-07-12 00:49:01,770 - INFO - 🔄 正在处理记录 94: (121.58398, 31.266661)
2025-07-12 00:49:01,770 - INFO - 📈 进度: 92/3931 (2.3%)
2025-07-12 00:49:02,773 - INFO - ✅ API调用成功: 121.461551, 31.024737 -> 闵行区
2025-07-12 00:49:02,791 - INFO - 🔄 正在处理记录 95: (121.388481, 31.22986)
2025-07-12 00:49:02,791 - INFO - 📈 进度: 93/3931 (2.4%)
2025-07-12 00:49:03,750 - INFO - ✅ API调用成功: 121.4726, 31.21905 -> 黄浦区
2025-07-12 00:49:03,762 - INFO - 🔄 正在处理记录 96: (121.559182, 31.177419)
2025-07-12 00:49:03,762 - INFO - 📈 进度: 94/3931 (2.4%)
2025-07-12 00:49:04,744 - INFO - ✅ API调用成功: 121.58398, 31.266661 -> 浦东新区
2025-07-12 00:49:04,755 - INFO - 🔄 正在处理记录 97: (121.788893, 31.092233)
2025-07-12 00:49:04,755 - INFO - 📈 进度: 95/3931 (2.4%)
2025-07-12 00:49:05,769 - INFO - ✅ API调用成功: 121.388481, 31.22986 -> 普陀区
2025-07-12 00:49:05,784 - INFO - 🔄 正在处理记录 98: (121.493836, 31.152685)
2025-07-12 00:49:05,785 - INFO - 📈 进度: 96/3931 (2.4%)
2025-07-12 00:49:06,778 - INFO - ✅ API调用成功: 121.559182, 31.177419 -> 浦东新区
2025-07-12 00:49:06,790 - INFO - 🔄 正在处理记录 99: (121.503315, 31.284494)
2025-07-12 00:49:06,790 - INFO - 📈 进度: 97/3931 (2.5%)
2025-07-12 00:49:07,762 - INFO - ✅ API调用成功: 121.788893, 31.092233 -> 浦东新区
2025-07-12 00:49:07,771 - INFO - 🔄 正在处理记录 100: (121.447679, 31.231211)
2025-07-12 00:49:07,771 - INFO - 📈 进度: 98/3931 (2.5%)
2025-07-12 00:49:08,769 - INFO - ✅ API调用成功: 121.493836, 31.152685 -> 浦东新区
2025-07-12 00:49:08,783 - INFO - 🔄 正在处理记录 101: (121.438572, 31.073969)
2025-07-12 00:49:08,783 - INFO - 📈 进度: 99/3931 (2.5%)
2025-07-12 00:49:09,771 - INFO - ✅ API调用成功: 121.503315, 31.284494 -> 杨浦区
2025-07-12 00:49:09,786 - INFO - 🔄 正在处理记录 102: (121.907773, 30.879402)
2025-07-12 00:49:09,795 - INFO - ✅ 写入 10 条结果到 /Users/songdingan/Downloads/detect_bus/final_station_ranking_with_district.csv
2025-07-12 00:49:09,795 - INFO - 📈 进度: 100/3931 (2.5%)
2025-07-12 00:49:10,820 - INFO - ✅ API调用成功: 121.447679, 31.231211 -> 静安区
2025-07-12 00:49:10,844 - INFO - 🔄 正在处理记录 103: (121.58119, 31.101757)
2025-07-12 00:49:10,844 - INFO - 📈 进度: 101/3931 (2.6%)
2025-07-12 00:49:11,776 - INFO - ✅ API调用成功: 121.438572, 31.073969 -> 闵行区
2025-07-12 00:49:11,792 - INFO - 🔄 正在处理记录 104: (121.579189, 31.053021)
2025-07-12 00:49:11,792 - INFO - 📈 进度: 102/3931 (2.6%)
2025-07-12 00:49:12,792 - INFO - ✅ API调用成功: 121.907773, 30.879402 -> 浦东新区
2025-07-12 00:49:12,807 - INFO - 🔄 正在处理记录 105: (121.243132, 30.998892)
2025-07-12 00:49:12,807 - INFO - 📈 进度: 103/3931 (2.6%)
2025-07-12 00:49:13,786 - INFO - ✅ API调用成功: 121.58119, 31.101757 -> 浦东新区
2025-07-12 00:49:13,799 - INFO - 🔄 正在处理记录 106: (121.676688, 31.242887)
2025-07-12 00:49:13,799 - INFO - 📈 进度: 104/3931 (2.6%)
2025-07-12 00:49:14,794 - INFO - ✅ API调用成功: 121.579189, 31.053021 -> 浦东新区
2025-07-12 00:49:14,814 - INFO - 🔄 正在处理记录 107: (121.476929, 31.344868)
2025-07-12 00:49:14,814 - INFO - 📈 进度: 105/3931 (2.7%)
2025-07-12 00:49:15,770 - INFO - ✅ API调用成功: 121.243132, 30.998892 -> 松江区
2025-07-12 00:49:15,782 - INFO - 🔄 正在处理记录 108: (121.553212, 31.248025)
2025-07-12 00:49:15,782 - INFO - 📈 进度: 106/3931 (2.7%)
2025-07-12 00:49:16,790 - INFO - ✅ API调用成功: 121.676688, 31.242887 -> 浦东新区
2025-07-12 00:49:16,804 - INFO - 🔄 正在处理记录 109: (121.197137, 30.832288)
2025-07-12 00:49:16,805 - INFO - 📈 进度: 107/3931 (2.7%)
2025-07-12 00:49:17,812 - INFO - ✅ API调用成功: 121.476929, 31.344868 -> 宝山区
2025-07-12 00:49:17,823 - INFO - 🔄 正在处理记录 110: (121.387183, 31.357862)
2025-07-12 00:49:17,823 - INFO - 📈 进度: 108/3931 (2.7%)
2025-07-12 00:49:18,832 - INFO - ✅ API调用成功: 121.553212, 31.248025 -> 浦东新区
2025-07-12 00:49:18,847 - INFO - 🔄 正在处理记录 111: (121.510141, 31.149521)
2025-07-12 00:49:18,847 - INFO - 📈 进度: 109/3931 (2.8%)
2025-07-12 00:49:19,819 - INFO - ✅ API调用成功: 121.197137, 30.832288 -> 金山区
2025-07-12 00:49:19,832 - INFO - 🔄 正在处理记录 112: (121.248375, 30.780723)
2025-07-12 00:49:19,841 - INFO - ✅ 写入 10 条结果到 /Users/songdingan/Downloads/detect_bus/final_station_ranking_with_district.csv
2025-07-12 00:49:19,841 - INFO - 📈 进度: 110/3931 (2.8%)
2025-07-12 00:49:20,863 - INFO - ✅ API调用成功: 121.387183, 31.357862 -> 宝山区
2025-07-12 00:49:20,872 - INFO - 🔄 正在处理记录 113: (121.530869, 30.923445)
2025-07-12 00:49:20,873 - INFO - 📈 进度: 111/3931 (2.8%)
2025-07-12 00:49:21,830 - INFO - ✅ API调用成功: 121.510141, 31.149521 -> 浦东新区
2025-07-12 00:49:21,846 - INFO - 🔄 正在处理记录 114: (121.695443, 31.188232)
2025-07-12 00:49:21,846 - INFO - 📈 进度: 112/3931 (2.8%)
2025-07-12 00:49:22,802 - INFO - ✅ API调用成功: 121.248375, 30.780723 -> 金山区
2025-07-12 00:49:22,817 - INFO - 🔄 正在处理记录 115: (121.654588, 31.275018)
2025-07-12 00:49:22,817 - INFO - 📈 进度: 113/3931 (2.9%)
2025-07-12 00:49:23,817 - INFO - ✅ API调用成功: 121.530869, 30.923445 -> 奉贤区
2025-07-12 00:49:23,828 - INFO - 🔄 正在处理记录 116: (121.61291, 31.284165)
2025-07-12 00:49:23,828 - INFO - 📈 进度: 114/3931 (2.9%)
2025-07-12 00:49:25,273 - INFO - ✅ API调用成功: 121.695443, 31.188232 -> 浦东新区
2025-07-12 00:49:25,288 - INFO - 🔄 正在处理记录 117: (121.731735, 31.243144)
2025-07-12 00:49:25,288 - INFO - 📈 进度: 115/3931 (2.9%)
2025-07-12 00:49:25,859 - INFO - ✅ API调用成功: 121.654588, 31.275018 -> 浦东新区
2025-07-12 00:49:25,879 - INFO - 🔄 正在处理记录 118: (121.726472, 31.239565)
2025-07-12 00:49:25,879 - INFO - 📈 进度: 116/3931 (3.0%)
2025-07-12 00:49:26,833 - INFO - ✅ API调用成功: 121.61291, 31.284165 -> 浦东新区
2025-07-12 00:49:26,846 - INFO - 🔄 正在处理记录 119: (121.510141, 31.149521)
2025-07-12 00:49:26,846 - INFO - 📈 进度: 117/3931 (3.0%)
2025-07-12 00:49:27,903 - INFO - ✅ API调用成功: 121.731735, 31.243144 -> 浦东新区
2025-07-12 00:49:27,931 - INFO - 🔄 正在处理记录 120: (121.694175, 31.228669)
2025-07-12 00:49:27,931 - INFO - 📈 进度: 118/3931 (3.0%)
2025-07-12 00:49:28,843 - INFO - ✅ API调用成功: 121.726472, 31.239565 -> 浦东新区
2025-07-12 00:49:28,855 - INFO - 🔄 正在处理记录 121: (121.50749, 31.063721)
2025-07-12 00:49:28,855 - INFO - 📈 进度: 119/3931 (3.0%)
2025-07-12 00:49:30,062 - INFO - ✅ API调用成功: 121.510141, 31.149521 -> 浦东新区
2025-07-12 00:49:30,076 - INFO - 🔄 正在处理记录 122: (121.472768, 31.340186)
2025-07-12 00:49:30,086 - INFO - ✅ 写入 10 条结果到 /Users/songdingan/Downloads/detect_bus/final_station_ranking_with_district.csv
2025-07-12 00:49:30,086 - INFO - 📈 进度: 120/3931 (3.1%)
2025-07-12 00:49:30,858 - INFO - ✅ API调用成功: 121.694175, 31.228669 -> 浦东新区
2025-07-12 00:49:30,888 - INFO - 🔄 正在处理记录 123: (121.567213, 31.248531)
2025-07-12 00:49:30,888 - INFO - 📈 进度: 121/3931 (3.1%)
2025-07-12 00:49:31,879 - INFO - ✅ API调用成功: 121.50749, 31.063721 -> 闵行区
2025-07-12 00:49:31,896 - INFO - 🔄 正在处理记录 124: (121.62172, 31.548642)
2025-07-12 00:49:31,896 - INFO - 📈 进度: 122/3931 (3.1%)
2025-07-12 00:49:32,881 - INFO - ✅ API调用成功: 121.472768, 31.340186 -> 宝山区
2025-07-12 00:49:32,907 - INFO - 🔄 正在处理记录 125: (121.394164, 30.905447)
2025-07-12 00:49:32,907 - INFO - 📈 进度: 123/3931 (3.1%)
2025-07-12 00:49:34,071 - INFO - ✅ API调用成功: 121.567213, 31.248531 -> 浦东新区
2025-07-12 00:49:34,088 - INFO - 🔄 正在处理记录 126: (121.510141, 31.149521)
2025-07-12 00:49:34,088 - INFO - 📈 进度: 124/3931 (3.2%)
2025-07-12 00:49:34,851 - INFO - ✅ API调用成功: 121.62172, 31.548642 -> 崇明区
2025-07-12 00:49:34,867 - INFO - 🔄 正在处理记录 127: (121.473707, 31.253268)
2025-07-12 00:49:34,867 - INFO - 📈 进度: 125/3931 (3.2%)
2025-07-12 00:49:35,874 - INFO - ✅ API调用成功: 121.394164, 30.905447 -> 奉贤区
2025-07-12 00:49:35,890 - INFO - 🔄 正在处理记录 128: (121.704567, 31.237025)
2025-07-12 00:49:35,890 - INFO - 📈 进度: 126/3931 (3.2%)
2025-07-12 00:49:37,013 - INFO - ✅ API调用成功: 121.510141, 31.149521 -> 浦东新区
2025-07-12 00:49:37,032 - INFO - 🔄 正在处理记录 129: (121.55876, 31.166339)
2025-07-12 00:49:37,032 - INFO - 📈 进度: 127/3931 (3.2%)
2025-07-12 00:49:37,877 - INFO - ✅ API调用成功: 121.473707, 31.253268 -> 静安区
2025-07-12 00:49:37,889 - INFO - 🔄 正在处理记录 130: (121.434765, 31.084326)
2025-07-12 00:49:37,889 - INFO - 📈 进度: 128/3931 (3.3%)
2025-07-12 00:49:38,889 - INFO - ✅ API调用成功: 121.704567, 31.237025 -> 浦东新区
2025-07-12 00:49:38,902 - INFO - 🔄 正在处理记录 131: (121.442122, 31.244406)
2025-07-12 00:49:38,903 - INFO - 📈 进度: 129/3931 (3.3%)
2025-07-12 00:49:39,886 - INFO - ✅ API调用成功: 121.55876, 31.166339 -> 浦东新区
2025-07-12 00:49:39,897 - INFO - 🔄 正在处理记录 132: (121.431015, 31.325837)
2025-07-12 00:49:39,908 - INFO - ✅ 写入 10 条结果到 /Users/songdingan/Downloads/detect_bus/final_station_ranking_with_district.csv
2025-07-12 00:49:39,908 - INFO - 📈 进度: 130/3931 (3.3%)
2025-07-12 00:49:40,958 - INFO - ✅ API调用成功: 121.434765, 31.084326 -> 闵行区
2025-07-12 00:49:40,975 - INFO - 🔄 正在处理记录 133: (121.251717, 31.3468)
2025-07-12 00:49:40,975 - INFO - 📈 进度: 131/3931 (3.3%)
2025-07-12 00:49:41,908 - INFO - ✅ API调用成功: 121.442122, 31.244406 -> 普陀区
2025-07-12 00:49:41,928 - INFO - 🔄 正在处理记录 134: (121.553212, 31.248025)
2025-07-12 00:49:41,929 - INFO - 📈 进度: 132/3931 (3.4%)
2025-07-12 00:49:42,924 - INFO - ✅ API调用成功: 121.431015, 31.325837 -> 宝山区
2025-07-12 00:49:42,935 - INFO - 🔄 正在处理记录 135: (121.503281, 31.165882)
2025-07-12 00:49:42,935 - INFO - 📈 进度: 133/3931 (3.4%)
2025-07-12 00:49:43,995 - INFO - ✅ API调用成功: 121.251717, 31.3468 -> 嘉定区
2025-07-12 00:49:44,009 - INFO - 🔄 正在处理记录 136: (121.454532, 30.863567)
2025-07-12 00:49:44,009 - INFO - 📈 进度: 134/3931 (3.4%)
2025-07-12 00:49:45,067 - INFO - ✅ API调用成功: 121.553212, 31.248025 -> 浦东新区
2025-07-12 00:49:45,083 - INFO - 🔄 正在处理记录 137: (121.630674, 31.273085)
2025-07-12 00:49:45,083 - INFO - 📈 进度: 135/3931 (3.4%)
2025-07-12 00:49:45,914 - INFO - ✅ API调用成功: 121.503281, 31.165882 -> 浦东新区
2025-07-12 00:49:45,929 - INFO - 🔄 正在处理记录 138: (121.503472, 31.253875)
2025-07-12 00:49:45,929 - INFO - 📈 进度: 136/3931 (3.5%)
2025-07-12 00:49:46,909 - INFO - ✅ API调用成功: 121.454532, 30.863567 -> 奉贤区
2025-07-12 00:49:46,925 - INFO - 🔄 正在处理记录 139: (121.44466, 31.128886)
2025-07-12 00:49:46,925 - INFO - 📈 进度: 137/3931 (3.5%)
2025-07-12 00:49:47,923 - INFO - ✅ API调用成功: 121.630674, 31.273085 -> 浦东新区
2025-07-12 00:49:47,939 - INFO - 🔄 正在处理记录 140: (121.554324, 31.196816)
2025-07-12 00:49:47,940 - INFO - 📈 进度: 138/3931 (3.5%)
2025-07-12 00:49:48,950 - INFO - ✅ API调用成功: 121.503472, 31.253875 -> 虹口区
2025-07-12 00:49:48,966 - INFO - 🔄 正在处理记录 141: (121.274058, 31.212142)
2025-07-12 00:49:48,966 - INFO - 📈 进度: 139/3931 (3.5%)
2025-07-12 00:49:49,901 - INFO - ✅ API调用成功: 121.44466, 31.128886 -> 徐汇区
2025-07-12 00:49:49,913 - INFO - 🔄 正在处理记录 142: (121.48612, 31.079792)
2025-07-12 00:49:49,927 - INFO - ✅ 写入 10 条结果到 /Users/songdingan/Downloads/detect_bus/final_station_ranking_with_district.csv
2025-07-12 00:49:49,927 - INFO - 📈 进度: 140/3931 (3.6%)
2025-07-12 00:49:50,980 - INFO - ✅ API调用成功: 121.554324, 31.196816 -> 浦东新区
2025-07-12 00:49:50,997 - INFO - 🔄 正在处理记录 143: (121.366902, 31.066208)
2025-07-12 00:49:50,998 - INFO - 📈 进度: 141/3931 (3.6%)
2025-07-12 00:49:51,924 - INFO - ✅ API调用成功: 121.274058, 31.212142 -> 闵行区
2025-07-12 00:49:51,937 - INFO - 🔄 正在处理记录 144: (121.369686, 30.996713)
2025-07-12 00:49:51,937 - INFO - 📈 进度: 142/3931 (3.6%)
2025-07-12 00:49:52,922 - INFO - ✅ API调用成功: 121.48612, 31.079792 -> 闵行区
2025-07-12 00:49:52,938 - INFO - 🔄 正在处理记录 145: (121.499261, 31.073887)
2025-07-12 00:49:52,938 - INFO - 📈 进度: 143/3931 (3.6%)
2025-07-12 00:49:53,927 - INFO - ✅ API调用成功: 121.366902, 31.066208 -> 闵行区
2025-07-12 00:49:53,937 - INFO - 🔄 正在处理记录 146: (121.415502, 31.03972)
2025-07-12 00:49:53,937 - INFO - 📈 进度: 144/3931 (3.7%)
2025-07-12 00:49:54,927 - INFO - ✅ API调用成功: 121.369686, 30.996713 -> 闵行区
2025-07-12 00:49:54,944 - INFO - 🔄 正在处理记录 147: (121.461391, 31.259696)
2025-07-12 00:49:54,945 - INFO - 📈 进度: 145/3931 (3.7%)
2025-07-12 00:49:55,941 - INFO - ✅ API调用成功: 121.499261, 31.073887 -> 闵行区
2025-07-12 00:49:55,953 - INFO - 🔄 正在处理记录 148: (121.502292, 31.256827)
2025-07-12 00:49:55,953 - INFO - 📈 进度: 146/3931 (3.7%)
2025-07-12 00:49:56,943 - INFO - ✅ API调用成功: 121.415502, 31.03972 -> 闵行区
2025-07-12 00:49:56,960 - INFO - 🔄 正在处理记录 149: (121.539022, 31.151189)
2025-07-12 00:49:56,960 - INFO - 📈 进度: 147/3931 (3.7%)
2025-07-12 00:49:57,957 - INFO - ✅ API调用成功: 121.461391, 31.259696 -> 静安区
2025-07-12 00:49:57,974 - INFO - 🔄 正在处理记录 150: (121.419006, 31.26124)
2025-07-12 00:49:57,974 - INFO - 📈 进度: 148/3931 (3.8%)
2025-07-12 00:50:00,920 - INFO - ✅ API调用成功: 121.502292, 31.256827 -> 虹口区
2025-07-12 00:50:00,934 - INFO - 🔄 正在处理记录 151: (121.514537, 31.026066)
2025-07-12 00:50:00,934 - INFO - 📈 进度: 149/3931 (3.8%)
2025-07-12 00:50:00,976 - INFO - ✅ API调用成功: 121.539022, 31.151189 -> 浦东新区
2025-07-12 00:50:00,989 - INFO - 🔄 正在处理记录 152: (121.621997, 31.300867)
2025-07-12 00:50:01,000 - INFO - ✅ 写入 10 条结果到 /Users/songdingan/Downloads/detect_bus/final_station_ranking_with_district.csv
2025-07-12 00:50:01,000 - INFO - 📈 进度: 150/3931 (3.8%)
2025-07-12 00:50:01,034 - INFO - ✅ API调用成功: 121.419006, 31.26124 -> 普陀区
2025-07-12 00:50:01,042 - INFO - 🔄 正在处理记录 153: (121.217291, 31.050914)
2025-07-12 00:50:01,042 - INFO - 📈 进度: 151/3931 (3.8%)
2025-07-12 00:50:03,230 - INFO - ✅ API调用成功: 121.514537, 31.026066 -> 闵行区
2025-07-12 00:50:03,241 - INFO - 🔄 正在处理记录 154: (121.523418, 31.144905)
2025-07-12 00:50:03,241 - INFO - 📈 进度: 152/3931 (3.9%)
2025-07-12 00:50:03,304 - INFO - ✅ API调用成功: 121.621997, 31.300867 -> 浦东新区
2025-07-12 00:50:03,319 - INFO - 🔄 正在处理记录 155: (121.428487, 31.628296)
2025-07-12 00:50:03,319 - INFO - 📈 进度: 153/3931 (3.9%)
2025-07-12 00:50:03,977 - INFO - ✅ API调用成功: 121.217291, 31.050914 -> 松江区
2025-07-12 00:50:03,990 - INFO - 🔄 正在处理记录 156: (121.446996, 30.937493)
2025-07-12 00:50:03,990 - INFO - 📈 进度: 154/3931 (3.9%)
2025-07-12 00:50:04,950 - INFO - ✅ API调用成功: 121.523418, 31.144905 -> 浦东新区
2025-07-12 00:50:04,961 - INFO - 🔄 正在处理记录 157: (121.588911, 31.268077)
2025-07-12 00:50:04,961 - INFO - 📈 进度: 155/3931 (3.9%)
2025-07-12 00:50:06,114 - INFO - ✅ API调用成功: 121.428487, 31.628296 -> 崇明区
2025-07-12 00:50:06,131 - INFO - 🔄 正在处理记录 158: (121.433885, 31.71397)
2025-07-12 00:50:06,131 - INFO - 📈 进度: 156/3931 (4.0%)
2025-07-12 00:50:06,971 - INFO - ✅ API调用成功: 121.446996, 30.937493 -> 奉贤区
2025-07-12 00:50:06,992 - INFO - 🔄 正在处理记录 159: (121.398225, 31.008069)
2025-07-12 00:50:06,992 - INFO - 📈 进度: 157/3931 (4.0%)
2025-07-12 00:50:07,968 - INFO - ✅ API调用成功: 121.588911, 31.268077 -> 浦东新区
2025-07-12 00:50:07,987 - INFO - 🔄 正在处理记录 160: (121.641726, 31.059676)
2025-07-12 00:50:07,987 - INFO - 📈 进度: 158/3931 (4.0%)
2025-07-12 00:50:08,969 - INFO - ✅ API调用成功: 121.433885, 31.71397 -> 崇明区
2025-07-12 00:50:08,987 - INFO - 🔄 正在处理记录 161: (121.386441, 30.902286)
2025-07-12 00:50:08,987 - INFO - 📈 进度: 159/3931 (4.0%)
2025-07-12 00:50:09,981 - INFO - ✅ API调用成功: 121.398225, 31.008069 -> 闵行区
2025-07-12 00:50:09,997 - INFO - 🔄 正在处理记录 162: (121.328483, 30.717527)
2025-07-12 00:50:10,012 - INFO - ✅ 写入 10 条结果到 /Users/songdingan/Downloads/detect_bus/final_station_ranking_with_district.csv
2025-07-12 00:50:10,012 - INFO - 📈 进度: 160/3931 (4.1%)
2025-07-12 00:50:10,993 - INFO - ✅ API调用成功: 121.641726, 31.059676 -> 浦东新区
2025-07-12 00:50:11,010 - INFO - 🔄 正在处理记录 163: (121.451492, 30.960729)
2025-07-12 00:50:11,010 - INFO - 📈 进度: 161/3931 (4.1%)
2025-07-12 00:50:12,003 - INFO - ✅ API调用成功: 121.386441, 30.902286 -> 奉贤区
2025-07-12 00:50:12,019 - INFO - 🔄 正在处理记录 164: (121.354734, 31.346379)
2025-07-12 00:50:12,019 - INFO - 📈 进度: 162/3931 (4.1%)
2025-07-12 00:50:12,998 - INFO - ✅ API调用成功: 121.328483, 30.717527 -> 金山区
2025-07-12 00:50:13,014 - INFO - 🔄 正在处理记录 165: (121.230379, 31.370396)
2025-07-12 00:50:13,015 - INFO - 📈 进度: 163/3931 (4.1%)
2025-07-12 00:50:14,017 - INFO - ✅ API调用成功: 121.451492, 30.960729 -> 奉贤区
2025-07-12 00:50:14,033 - INFO - 🔄 正在处理记录 166: (121.464617, 31.401747)
2025-07-12 00:50:14,033 - INFO - 📈 进度: 164/3931 (4.2%)
2025-07-12 00:50:15,000 - INFO - ✅ API调用成功: 121.354734, 31.346379 -> 宝山区
2025-07-12 00:50:15,019 - INFO - 🔄 正在处理记录 167: (121.28528, 31.78613)
2025-07-12 00:50:15,019 - INFO - 📈 进度: 165/3931 (4.2%)
2025-07-12 00:50:15,995 - INFO - ✅ API调用成功: 121.230379, 31.370396 -> 嘉定区
2025-07-12 00:50:16,010 - INFO - 🔄 正在处理记录 168: (121.309031, 31.064264)
2025-07-12 00:50:16,011 - INFO - 📈 进度: 166/3931 (4.2%)
2025-07-12 00:50:17,003 - INFO - ✅ API调用成功: 121.464617, 31.401747 -> 宝山区
2025-07-12 00:50:17,018 - INFO - 🔄 正在处理记录 169: (121.543954, 31.039265)
2025-07-12 00:50:17,018 - INFO - 📈 进度: 167/3931 (4.2%)
2025-07-12 00:50:17,988 - INFO - ✅ API调用成功: 121.28528, 31.78613 -> 崇明区
2025-07-12 00:50:18,005 - INFO - 🔄 正在处理记录 170: (121.741735, 30.965299)
2025-07-12 00:50:18,006 - INFO - 📈 进度: 168/3931 (4.3%)
2025-07-12 00:50:19,007 - INFO - ✅ API调用成功: 121.309031, 31.064264 -> 松江区
2025-07-12 00:50:19,025 - INFO - 🔄 正在处理记录 171: (121.574085, 31.116552)
2025-07-12 00:50:19,025 - INFO - 📈 进度: 169/3931 (4.3%)
2025-07-12 00:50:20,062 - INFO - ✅ API调用成功: 121.543954, 31.039265 -> 闵行区
2025-07-12 00:50:20,085 - INFO - 🔄 正在处理记录 172: (121.487138, 31.397733)
2025-07-12 00:50:20,099 - INFO - ✅ 写入 10 条结果到 /Users/songdingan/Downloads/detect_bus/final_station_ranking_with_district.csv
2025-07-12 00:50:20,099 - INFO - 📈 进度: 170/3931 (4.3%)
2025-07-12 00:50:21,029 - INFO - ✅ API调用成功: 121.741735, 30.965299 -> 奉贤区
2025-07-12 00:50:21,052 - INFO - 🔄 正在处理记录 173: (121.508547, 31.064554)
2025-07-12 00:50:21,052 - INFO - 📈 进度: 171/3931 (4.4%)
2025-07-12 00:50:22,036 - INFO - ✅ API调用成功: 121.574085, 31.116552 -> 浦东新区
2025-07-12 00:50:22,047 - INFO - 🔄 正在处理记录 174: (121.615536, 31.332478)
2025-07-12 00:50:22,047 - INFO - 📈 进度: 172/3931 (4.4%)
2025-07-12 00:50:23,034 - INFO - ✅ API调用成功: 121.487138, 31.397733 -> 宝山区
2025-07-12 00:50:23,048 - INFO - 🔄 正在处理记录 175: (121.514026, 31.205342)
2025-07-12 00:50:23,048 - INFO - 📈 进度: 173/3931 (4.4%)
2025-07-12 00:50:24,008 - INFO - ✅ API调用成功: 121.508547, 31.064554 -> 闵行区
2025-07-12 00:50:24,020 - INFO - 🔄 正在处理记录 176: (121.224257, 31.378406)
2025-07-12 00:50:24,021 - INFO - 📈 进度: 174/3931 (4.4%)
2025-07-12 00:50:25,241 - INFO - ✅ API调用成功: 121.615536, 31.332478 -> 浦东新区
2025-07-12 00:50:25,262 - INFO - 🔄 正在处理记录 177: (121.503785, 31.127222)
2025-07-12 00:50:25,262 - INFO - 📈 进度: 175/3931 (4.5%)
2025-07-12 00:50:26,044 - INFO - ✅ API调用成功: 121.514026, 31.205342 -> 浦东新区
2025-07-12 00:50:26,060 - INFO - 🔄 正在处理记录 178: (121.316091, 31.064106)
2025-07-12 00:50:26,060 - INFO - 📈 进度: 176/3931 (4.5%)
2025-07-12 00:50:27,023 - INFO - ✅ API调用成功: 121.224257, 31.378406 -> 嘉定区
2025-07-12 00:50:27,036 - INFO - 🔄 正在处理记录 179: (121.163008, 31.149462)
2025-07-12 00:50:27,036 - INFO - 📈 进度: 177/3931 (4.5%)
2025-07-12 00:50:28,023 - INFO - ✅ API调用成功: 121.503785, 31.127222 -> 浦东新区
2025-07-12 00:50:28,035 - INFO - 🔄 正在处理记录 180: (121.320975, 31.129095)
2025-07-12 00:50:28,035 - INFO - 📈 进度: 178/3931 (4.5%)
2025-07-12 00:50:29,118 - INFO - ✅ API调用成功: 121.316091, 31.064106 -> 松江区
2025-07-12 00:50:29,171 - INFO - 🔄 正在处理记录 181: (121.494348, 31.16705)
2025-07-12 00:50:29,171 - INFO - 📈 进度: 179/3931 (4.6%)
2025-07-12 00:50:30,054 - INFO - ✅ API调用成功: 121.163008, 31.149462 -> 青浦区
2025-07-12 00:50:30,073 - INFO - 🔄 正在处理记录 182: (121.435811, 31.245887)
2025-07-12 00:50:30,085 - INFO - ✅ 写入 10 条结果到 /Users/songdingan/Downloads/detect_bus/final_station_ranking_with_district.csv
2025-07-12 00:50:30,085 - INFO - 📈 进度: 180/3931 (4.6%)
2025-07-12 00:50:31,056 - INFO - ✅ API调用成功: 121.320975, 31.129095 -> 松江区
2025-07-12 00:50:31,069 - INFO - 🔄 正在处理记录 183: (121.333687, 31.305773)
2025-07-12 00:50:31,069 - INFO - 📈 进度: 181/3931 (4.6%)
2025-07-12 00:50:32,076 - INFO - ✅ API调用成功: 121.494348, 31.16705 -> 浦东新区
2025-07-12 00:50:32,088 - INFO - 🔄 正在处理记录 184: (121.354694, 31.102362)
2025-07-12 00:50:32,088 - INFO - 📈 进度: 182/3931 (4.6%)
2025-07-12 00:50:33,038 - INFO - ✅ API调用成功: 121.435811, 31.245887 -> 普陀区
2025-07-12 00:50:33,049 - INFO - 🔄 正在处理记录 185: (121.405857, 31.632686)
2025-07-12 00:50:33,049 - INFO - 📈 进度: 183/3931 (4.7%)
2025-07-12 00:50:34,059 - INFO - ✅ API调用成功: 121.333687, 31.305773 -> 嘉定区
2025-07-12 00:50:34,070 - INFO - 🔄 正在处理记录 186: (121.224257, 31.378406)
2025-07-12 00:50:34,070 - INFO - 📈 进度: 184/3931 (4.7%)
2025-07-12 00:50:35,071 - INFO - ✅ API调用成功: 121.354694, 31.102362 -> 松江区
2025-07-12 00:50:35,081 - INFO - 🔄 正在处理记录 187: (121.402539, 31.324685)
2025-07-12 00:50:35,081 - INFO - 📈 进度: 185/3931 (4.7%)
2025-07-12 00:50:36,066 - INFO - ✅ API调用成功: 121.405857, 31.632686 -> 崇明区
2025-07-12 00:50:36,078 - INFO - 🔄 正在处理记录 188: (121.520255, 31.152687)
2025-07-12 00:50:36,078 - INFO - 📈 进度: 186/3931 (4.7%)
2025-07-12 00:50:37,078 - INFO - ✅ API调用成功: 121.224257, 31.378406 -> 嘉定区
2025-07-12 00:50:37,096 - INFO - 🔄 正在处理记录 189: (121.472595, 31.096089)
2025-07-12 00:50:37,096 - INFO - 📈 进度: 187/3931 (4.8%)
2025-07-12 00:50:38,095 - INFO - ✅ API调用成功: 121.402539, 31.324685 -> 宝山区
2025-07-12 00:50:38,110 - INFO - 🔄 正在处理记录 190: (121.710675, 31.24349)
2025-07-12 00:50:38,110 - INFO - 📈 进度: 188/3931 (4.8%)
2025-07-12 00:50:39,074 - INFO - ✅ API调用成功: 121.520255, 31.152687 -> 浦东新区
2025-07-12 00:50:39,082 - INFO - 🔄 正在处理记录 191: (121.378557, 30.999258)
2025-07-12 00:50:39,082 - INFO - 📈 进度: 189/3931 (4.8%)
2025-07-12 00:50:40,092 - INFO - ✅ API调用成功: 121.472595, 31.096089 -> 闵行区
2025-07-12 00:50:40,101 - INFO - 🔄 正在处理记录 192: (121.163008, 31.149462)
2025-07-12 00:50:40,108 - INFO - ✅ 写入 10 条结果到 /Users/songdingan/Downloads/detect_bus/final_station_ranking_with_district.csv
2025-07-12 00:50:40,108 - INFO - 📈 进度: 190/3931 (4.8%)
2025-07-12 00:50:41,104 - INFO - ✅ API调用成功: 121.710675, 31.24349 -> 浦东新区
2025-07-12 00:50:41,120 - INFO - 🔄 正在处理记录 193: (121.438487, 31.235047)
2025-07-12 00:50:41,120 - INFO - 📈 进度: 191/3931 (4.9%)
2025-07-12 00:50:42,084 - INFO - ✅ API调用成功: 121.378557, 30.999258 -> 闵行区
2025-07-12 00:50:42,100 - INFO - 🔄 正在处理记录 194: (121.523086, 31.081606)
2025-07-12 00:50:42,100 - INFO - 📈 进度: 192/3931 (4.9%)
2025-07-12 00:50:43,093 - INFO - ✅ API调用成功: 121.163008, 31.149462 -> 青浦区
2025-07-12 00:50:43,104 - INFO - 🔄 正在处理记录 195: (121.474184, 31.117789)
2025-07-12 00:50:43,104 - INFO - 📈 进度: 193/3931 (4.9%)
2025-07-12 00:50:44,092 - INFO - ✅ API调用成功: 121.438487, 31.235047 -> 静安区
2025-07-12 00:50:44,104 - INFO - 🔄 正在处理记录 196: (121.415037, 31.36451)
2025-07-12 00:50:44,104 - INFO - 📈 进度: 194/3931 (4.9%)
2025-07-12 00:50:45,099 - INFO - ✅ API调用成功: 121.523086, 31.081606 -> 闵行区
2025-07-12 00:50:45,110 - INFO - 🔄 正在处理记录 197: (121.320975, 31.129095)
2025-07-12 00:50:45,110 - INFO - 📈 进度: 195/3931 (5.0%)
2025-07-12 00:50:46,124 - INFO - ✅ API调用成功: 121.474184, 31.117789 -> 浦东新区
2025-07-12 00:50:46,140 - INFO - 🔄 正在处理记录 198: (121.244601, 31.400331)
2025-07-12 00:50:46,140 - INFO - 📈 进度: 196/3931 (5.0%)
2025-07-12 00:50:47,178 - INFO - ✅ API调用成功: 121.415037, 31.36451 -> 宝山区
2025-07-12 00:50:47,192 - INFO - 🔄 正在处理记录 199: (121.232805, 31.288085)
2025-07-12 00:50:47,192 - INFO - 📈 进度: 197/3931 (5.0%)
2025-07-12 00:50:48,085 - INFO - ✅ API调用成功: 121.320975, 31.129095 -> 松江区
2025-07-12 00:50:48,103 - INFO - 🔄 正在处理记录 200: (121.57832, 31.131064)
2025-07-12 00:50:48,103 - INFO - 📈 进度: 198/3931 (5.0%)
2025-07-12 00:50:49,117 - INFO - ✅ API调用成功: 121.244601, 31.400331 -> 嘉定区
2025-07-12 00:50:49,129 - INFO - 🔄 正在处理记录 201: (121.528948, 31.07092)
2025-07-12 00:50:49,129 - INFO - 📈 进度: 199/3931 (5.1%)
2025-07-12 00:50:50,124 - INFO - ✅ API调用成功: 121.232805, 31.288085 -> 嘉定区
2025-07-12 00:50:50,138 - INFO - 🔄 正在处理记录 202: (121.492626, 31.072719)
2025-07-12 00:50:50,149 - INFO - ✅ 写入 10 条结果到 /Users/songdingan/Downloads/detect_bus/final_station_ranking_with_district.csv
2025-07-12 00:50:50,150 - INFO - 📈 进度: 200/3931 (5.1%)
2025-07-12 00:50:51,105 - INFO - ✅ API调用成功: 121.57832, 31.131064 -> 浦东新区
2025-07-12 00:50:51,119 - INFO - 🔄 正在处理记录 203: (121.426691, 30.898272)
2025-07-12 00:50:51,119 - INFO - 📈 进度: 201/3931 (5.1%)
2025-07-12 00:50:52,129 - INFO - ✅ API调用成功: 121.528948, 31.07092 -> 闵行区
2025-07-12 00:50:52,148 - INFO - 🔄 正在处理记录 204: (121.664154, 31.239465)
2025-07-12 00:50:52,148 - INFO - 📈 进度: 202/3931 (5.1%)
2025-07-12 00:50:53,172 - INFO - ✅ API调用成功: 121.492626, 31.072719 -> 闵行区
2025-07-12 00:50:53,211 - INFO - 🔄 正在处理记录 205: (121.306984, 31.101248)
2025-07-12 00:50:53,211 - INFO - 📈 进度: 203/3931 (5.2%)
2025-07-12 00:50:54,102 - INFO - ✅ API调用成功: 121.426691, 30.898272 -> 奉贤区
2025-07-12 00:50:54,115 - INFO - 🔄 正在处理记录 206: (121.574219, 31.346527)
2025-07-12 00:50:54,115 - INFO - 📈 进度: 204/3931 (5.2%)
2025-07-12 00:50:55,127 - INFO - ✅ API调用成功: 121.664154, 31.239465 -> 浦东新区
2025-07-12 00:50:55,140 - INFO - 🔄 正在处理记录 207: (121.488538, 31.29479)
2025-07-12 00:50:55,140 - INFO - 📈 进度: 205/3931 (5.2%)
2025-07-12 00:50:56,133 - INFO - ✅ API调用成功: 121.306984, 31.101248 -> 松江区
2025-07-12 00:50:56,148 - INFO - 🔄 正在处理记录 208: (121.728913, 31.158426)
2025-07-12 00:50:56,149 - INFO - 📈 进度: 206/3931 (5.2%)
2025-07-12 00:50:57,276 - INFO - ✅ API调用成功: 121.574219, 31.346527 -> 浦东新区
2025-07-12 00:50:57,290 - INFO - 🔄 正在处理记录 209: (121.59076, 31.242574)
2025-07-12 00:50:57,290 - INFO - 📈 进度: 207/3931 (5.3%)
2025-07-12 00:50:58,147 - INFO - ✅ API调用成功: 121.488538, 31.29479 -> 虹口区
2025-07-12 00:50:58,158 - INFO - 🔄 正在处理记录 210: (121.710088, 31.183272)
2025-07-12 00:50:58,158 - INFO - 📈 进度: 208/3931 (5.3%)
2025-07-12 00:50:59,145 - INFO - ✅ API调用成功: 121.728913, 31.158426 -> 浦东新区
2025-07-12 00:50:59,163 - INFO - 🔄 正在处理记录 211: (121.387318, 31.166495)
2025-07-12 00:50:59,164 - INFO - 📈 进度: 209/3931 (5.3%)
2025-07-12 00:51:00,130 - INFO - ✅ API调用成功: 121.59076, 31.242574 -> 浦东新区
2025-07-12 00:51:00,148 - INFO - 🔄 正在处理记录 212: (121.39515, 31.030667)
2025-07-12 00:51:00,163 - INFO - ✅ 写入 10 条结果到 /Users/songdingan/Downloads/detect_bus/final_station_ranking_with_district.csv
2025-07-12 00:51:00,163 - INFO - 📈 进度: 210/3931 (5.3%)
2025-07-12 00:51:01,162 - INFO - ✅ API调用成功: 121.710088, 31.183272 -> 浦东新区
2025-07-12 00:51:01,176 - INFO - 🔄 正在处理记录 213: (121.451406, 31.265423)
2025-07-12 00:51:01,177 - INFO - 📈 进度: 211/3931 (5.4%)
2025-07-12 00:51:02,254 - INFO - ✅ API调用成功: 121.387318, 31.166495 -> 闵行区
2025-07-12 00:51:02,269 - INFO - 🔄 正在处理记录 214: (121.440582, 30.909371)
2025-07-12 00:51:02,269 - INFO - 📈 进度: 212/3931 (5.4%)
2025-07-12 00:51:03,178 - INFO - ✅ API调用成功: 121.39515, 31.030667 -> 闵行区
2025-07-12 00:51:03,190 - INFO - 🔄 正在处理记录 215: (121.414153, 31.629455)
2025-07-12 00:51:03,190 - INFO - 📈 进度: 213/3931 (5.4%)
2025-07-12 00:51:04,176 - INFO - ✅ API调用成功: 121.451406, 31.265423 -> 普陀区
2025-07-12 00:51:04,192 - INFO - 🔄 正在处理记录 216: (121.406709, 31.35228)
2025-07-12 00:51:04,192 - INFO - 📈 进度: 214/3931 (5.4%)
2025-07-12 00:51:05,175 - INFO - ✅ API调用成功: 121.440582, 30.909371 -> 奉贤区
2025-07-12 00:51:05,191 - INFO - 🔄 正在处理记录 217: (121.561485, 31.172176)
2025-07-12 00:51:05,191 - INFO - 📈 进度: 215/3931 (5.5%)
2025-07-12 00:51:06,208 - INFO - ✅ API调用成功: 121.414153, 31.629455 -> 崇明区
2025-07-12 00:51:06,220 - INFO - 🔄 正在处理记录 218: (121.216517, 31.017381)
2025-07-12 00:51:06,220 - INFO - 📈 进度: 216/3931 (5.5%)
2025-07-12 00:51:07,184 - INFO - ✅ API调用成功: 121.406709, 31.35228 -> 宝山区
2025-07-12 00:51:07,199 - INFO - 🔄 正在处理记录 219: (121.387318, 31.166495)
2025-07-12 00:51:07,200 - INFO - 📈 进度: 217/3931 (5.5%)
2025-07-12 00:51:08,180 - INFO - ✅ API调用成功: 121.561485, 31.172176 -> 浦东新区
2025-07-12 00:51:08,194 - INFO - 🔄 正在处理记录 220: (121.227094, 31.035923)
2025-07-12 00:51:08,194 - INFO - 📈 进度: 218/3931 (5.5%)
2025-07-12 00:51:09,175 - INFO - ✅ API调用成功: 121.216517, 31.017381 -> 松江区
2025-07-12 00:51:09,188 - INFO - 🔄 正在处理记录 221: (121.398939, 31.263752)
2025-07-12 00:51:09,188 - INFO - 📈 进度: 219/3931 (5.6%)
2025-07-12 00:51:10,200 - INFO - ✅ API调用成功: 121.387318, 31.166495 -> 闵行区
2025-07-12 00:51:10,214 - INFO - 🔄 正在处理记录 222: (121.415586, 31.346799)
2025-07-12 00:51:10,225 - INFO - ✅ 写入 10 条结果到 /Users/songdingan/Downloads/detect_bus/final_station_ranking_with_district.csv
2025-07-12 00:51:10,225 - INFO - 📈 进度: 220/3931 (5.6%)
2025-07-12 00:51:11,224 - INFO - ✅ API调用成功: 121.227094, 31.035923 -> 松江区
2025-07-12 00:51:11,244 - INFO - 🔄 正在处理记录 223: (121.387951, 31.227999)
2025-07-12 00:51:11,244 - INFO - 📈 进度: 221/3931 (5.6%)
2025-07-12 00:51:12,205 - INFO - ✅ API调用成功: 121.398939, 31.263752 -> 普陀区
2025-07-12 00:51:12,225 - INFO - 🔄 正在处理记录 224: (121.435444, 31.326011)
2025-07-12 00:51:12,225 - INFO - 📈 进度: 222/3931 (5.6%)
2025-07-12 00:51:13,196 - INFO - ✅ API调用成功: 121.415586, 31.346799 -> 宝山区
2025-07-12 00:51:13,208 - INFO - 🔄 正在处理记录 225: (121.629276, 31.328715)
2025-07-12 00:51:13,209 - INFO - 📈 进度: 223/3931 (5.7%)
2025-07-12 00:51:14,194 - INFO - ✅ API调用成功: 121.387951, 31.227999 -> 普陀区
2025-07-12 00:51:14,210 - INFO - 🔄 正在处理记录 226: (121.708113, 31.212166)
2025-07-12 00:51:14,210 - INFO - 📈 进度: 224/3931 (5.7%)
2025-07-12 00:51:15,213 - INFO - ✅ API调用成功: 121.435444, 31.326011 -> 宝山区
2025-07-12 00:51:15,225 - INFO - 🔄 正在处理记录 227: (121.273182, 31.230326)
2025-07-12 00:51:15,226 - INFO - 📈 进度: 225/3931 (5.7%)
2025-07-12 00:51:16,228 - INFO - ✅ API调用成功: 121.629276, 31.328715 -> 浦东新区
2025-07-12 00:51:16,245 - INFO - 🔄 正在处理记录 228: (121.470083, 31.324825)
2025-07-12 00:51:16,245 - INFO - 📈 进度: 226/3931 (5.7%)
2025-07-12 00:51:17,237 - INFO - ✅ API调用成功: 121.708113, 31.212166 -> 浦东新区
2025-07-12 00:51:17,255 - INFO - 🔄 正在处理记录 229: (121.472392, 31.257107)
2025-07-12 00:51:17,255 - INFO - 📈 进度: 227/3931 (5.8%)
2025-07-12 00:51:18,209 - INFO - ✅ API调用成功: 121.273182, 31.230326 -> 闵行区
2025-07-12 00:51:18,224 - INFO - 🔄 正在处理记录 230: (121.420124, 31.250616)
2025-07-12 00:51:18,224 - INFO - 📈 进度: 228/3931 (5.8%)
2025-07-12 00:51:19,220 - INFO - ✅ API调用成功: 121.470083, 31.324825 -> 静安区
2025-07-12 00:51:19,235 - INFO - 🔄 正在处理记录 231: (121.406256, 31.310033)
2025-07-12 00:51:19,235 - INFO - 📈 进度: 229/3931 (5.8%)
2025-07-12 00:51:20,229 - INFO - ✅ API调用成功: 121.472392, 31.257107 -> 静安区
2025-07-12 00:51:20,242 - INFO - 🔄 正在处理记录 232: (121.580925, 31.27241)
2025-07-12 00:51:20,252 - INFO - ✅ 写入 10 条结果到 /Users/songdingan/Downloads/detect_bus/final_station_ranking_with_district.csv
2025-07-12 00:51:20,252 - INFO - 📈 进度: 230/3931 (5.9%)
2025-07-12 00:51:21,202 - INFO - ✅ API调用成功: 121.420124, 31.250616 -> 普陀区
2025-07-12 00:51:21,215 - INFO - 🔄 正在处理记录 233: (121.246945, 31.35306)
2025-07-12 00:51:21,215 - INFO - 📈 进度: 231/3931 (5.9%)
2025-07-12 00:51:22,239 - INFO - ✅ API调用成功: 121.406256, 31.310033 -> 宝山区
2025-07-12 00:51:22,251 - INFO - 🔄 正在处理记录 234: (121.437646, 31.711642)
2025-07-12 00:51:22,251 - INFO - 📈 进度: 232/3931 (5.9%)
2025-07-12 00:51:23,234 - INFO - ✅ API调用成功: 121.580925, 31.27241 -> 浦东新区
2025-07-12 00:51:23,245 - INFO - 🔄 正在处理记录 235: (121.463871, 30.932654)
2025-07-12 00:51:23,246 - INFO - 📈 进度: 233/3931 (5.9%)
2025-07-12 00:51:24,227 - INFO - ✅ API调用成功: 121.246945, 31.35306 -> 嘉定区
2025-07-12 00:51:24,248 - INFO - 🔄 正在处理记录 236: (121.587069, 31.090386)
2025-07-12 00:51:24,248 - INFO - 📈 进度: 234/3931 (6.0%)
2025-07-12 00:51:25,299 - INFO - ✅ API调用成功: 121.437646, 31.711642 -> 崇明区
2025-07-12 00:51:25,312 - INFO - 🔄 正在处理记录 237: (121.615962, 31.259751)
2025-07-12 00:51:25,312 - INFO - 📈 进度: 235/3931 (6.0%)
2025-07-12 00:51:26,247 - INFO - ✅ API调用成功: 121.463871, 30.932654 -> 奉贤区
2025-07-12 00:51:26,260 - INFO - 🔄 正在处理记录 238: (121.454798, 31.222391)
2025-07-12 00:51:26,261 - INFO - 📈 进度: 236/3931 (6.0%)
2025-07-12 00:51:27,288 - INFO - ✅ API调用成功: 121.587069, 31.090386 -> 浦东新区
2025-07-12 00:51:27,304 - INFO - 🔄 正在处理记录 239: (121.49035, 31.151937)
2025-07-12 00:51:27,304 - INFO - 📈 进度: 237/3931 (6.0%)
2025-07-12 00:51:28,265 - INFO - ✅ API调用成功: 121.615962, 31.259751 -> 浦东新区
2025-07-12 00:51:28,281 - INFO - 🔄 正在处理记录 240: (121.472768, 31.340186)
2025-07-12 00:51:28,281 - INFO - 📈 进度: 238/3931 (6.1%)
2025-07-12 00:51:29,255 - INFO - ✅ API调用成功: 121.454798, 31.222391 -> 徐汇区
2025-07-12 00:51:29,269 - INFO - 🔄 正在处理记录 241: (121.69272, 31.186844)
2025-07-12 00:51:29,269 - INFO - 📈 进度: 239/3931 (6.1%)
2025-07-12 00:51:30,250 - INFO - ✅ API调用成功: 121.49035, 31.151937 -> 浦东新区
2025-07-12 00:51:30,264 - INFO - 🔄 正在处理记录 242: (121.547093, 31.022693)
2025-07-12 00:51:30,275 - INFO - ✅ 写入 10 条结果到 /Users/songdingan/Downloads/detect_bus/final_station_ranking_with_district.csv
2025-07-12 00:51:30,276 - INFO - 📈 进度: 240/3931 (6.1%)
2025-07-12 00:51:31,245 - INFO - ✅ API调用成功: 121.472768, 31.340186 -> 宝山区
2025-07-12 00:51:31,264 - INFO - 🔄 正在处理记录 243: (121.370595, 31.129465)
2025-07-12 00:51:31,264 - INFO - 📈 进度: 241/3931 (6.1%)
2025-07-12 00:51:32,258 - INFO - ✅ API调用成功: 121.69272, 31.186844 -> 浦东新区
2025-07-12 00:51:32,273 - INFO - 🔄 正在处理记录 244: (121.615962, 31.259751)
2025-07-12 00:51:32,273 - INFO - 📈 进度: 242/3931 (6.2%)
2025-07-12 00:51:33,242 - INFO - ✅ API调用成功: 121.547093, 31.022693 -> 闵行区
2025-07-12 00:51:33,253 - INFO - 🔄 正在处理记录 245: (121.253607, 31.003914)
2025-07-12 00:51:33,253 - INFO - 📈 进度: 243/3931 (6.2%)
2025-07-12 00:51:34,258 - INFO - ✅ API调用成功: 121.370595, 31.129465 -> 闵行区
2025-07-12 00:51:34,271 - INFO - 🔄 正在处理记录 246: (121.311417, 31.449397)
2025-07-12 00:51:34,271 - INFO - 📈 进度: 244/3931 (6.2%)
2025-07-12 00:51:35,267 - INFO - ✅ API调用成功: 121.615962, 31.259751 -> 浦东新区
2025-07-12 00:51:35,279 - INFO - 🔄 正在处理记录 247: (121.50749, 31.063721)
2025-07-12 00:51:35,279 - INFO - 📈 进度: 245/3931 (6.2%)
2025-07-12 00:51:36,251 - INFO - ✅ API调用成功: 121.253607, 31.003914 -> 松江区
2025-07-12 00:51:36,264 - INFO - 🔄 正在处理记录 248: (121.246974, 31.132874)
2025-07-12 00:51:36,264 - INFO - 📈 进度: 246/3931 (6.3%)
2025-07-12 00:51:37,276 - INFO - ✅ API调用成功: 121.311417, 31.449397 -> 嘉定区
2025-07-12 00:51:37,287 - INFO - 🔄 正在处理记录 249: (121.580925, 31.27241)
2025-07-12 00:51:37,287 - INFO - 📈 进度: 247/3931 (6.3%)
2025-07-12 00:51:38,263 - INFO - ✅ API调用成功: 121.50749, 31.063721 -> 闵行区
2025-07-12 00:51:38,280 - INFO - 🔄 正在处理记录 250: (121.580784, 31.094171)
2025-07-12 00:51:38,280 - INFO - 📈 进度: 248/3931 (6.3%)
2025-07-12 00:51:39,267 - INFO - ✅ API调用成功: 121.246974, 31.132874 -> 青浦区
2025-07-12 00:51:39,281 - INFO - 🔄 正在处理记录 251: (121.383086, 31.136842)
2025-07-12 00:51:39,281 - INFO - 📈 进度: 249/3931 (6.3%)
2025-07-12 00:51:40,305 - INFO - ✅ API调用成功: 121.580925, 31.27241 -> 浦东新区
2025-07-12 00:51:40,316 - INFO - 🔄 正在处理记录 252: (121.564064, 31.055293)
2025-07-12 00:51:40,325 - INFO - ✅ 写入 10 条结果到 /Users/songdingan/Downloads/detect_bus/final_station_ranking_with_district.csv
2025-07-12 00:51:40,325 - INFO - 📈 进度: 250/3931 (6.4%)
2025-07-12 00:51:41,280 - INFO - ✅ API调用成功: 121.580784, 31.094171 -> 浦东新区
2025-07-12 00:51:41,294 - INFO - 🔄 正在处理记录 253: (121.582101, 31.092111)
2025-07-12 00:51:41,294 - INFO - 📈 进度: 251/3931 (6.4%)
2025-07-12 00:51:42,290 - INFO - ✅ API调用成功: 121.383086, 31.136842 -> 闵行区
2025-07-12 00:51:42,304 - INFO - 🔄 正在处理记录 254: (121.298195, 31.738901)
2025-07-12 00:51:42,304 - INFO - 📈 进度: 252/3931 (6.4%)
2025-07-12 00:51:43,306 - INFO - ✅ API调用成功: 121.564064, 31.055293 -> 浦东新区
2025-07-12 00:51:43,322 - INFO - 🔄 正在处理记录 255: (121.582989, 31.100803)
2025-07-12 00:51:43,322 - INFO - 📈 进度: 253/3931 (6.4%)
2025-07-12 00:51:44,305 - INFO - ✅ API调用成功: 121.582101, 31.092111 -> 浦东新区
2025-07-12 00:51:44,318 - INFO - 🔄 正在处理记录 256: (121.386479, 31.269303)
2025-07-12 00:51:44,319 - INFO - 📈 进度: 254/3931 (6.5%)
2025-07-12 00:51:45,266 - INFO - ✅ API调用成功: 121.298195, 31.738901 -> 崇明区
2025-07-12 00:51:45,283 - INFO - 🔄 正在处理记录 257: (121.246974, 31.132874)
2025-07-12 00:51:45,283 - INFO - 📈 进度: 255/3931 (6.5%)
2025-07-12 00:51:46,459 - INFO - ✅ API调用成功: 121.582989, 31.100803 -> 浦东新区
2025-07-12 00:51:46,473 - INFO - 🔄 正在处理记录 258: (121.423716, 31.252527)
2025-07-12 00:51:46,473 - INFO - 📈 进度: 256/3931 (6.5%)
2025-07-12 00:51:47,299 - INFO - ✅ API调用成功: 121.386479, 31.269303 -> 普陀区
2025-07-12 00:51:47,318 - INFO - 🔄 正在处理记录 259: (121.582989, 31.100803)
2025-07-12 00:51:47,318 - INFO - 📈 进度: 257/3931 (6.5%)
2025-07-12 00:51:48,333 - INFO - ✅ API调用成功: 121.246974, 31.132874 -> 青浦区
2025-07-12 00:51:48,348 - INFO - 🔄 正在处理记录 260: (121.360062, 31.391182)
2025-07-12 00:51:48,348 - INFO - 📈 进度: 258/3931 (6.6%)
2025-07-12 00:51:49,329 - INFO - ✅ API调用成功: 121.423716, 31.252527 -> 普陀区
2025-07-12 00:51:49,342 - INFO - 🔄 正在处理记录 261: (121.509262, 31.281521)
2025-07-12 00:51:49,342 - INFO - 📈 进度: 259/3931 (6.6%)
2025-07-12 00:51:50,325 - INFO - ✅ API调用成功: 121.582989, 31.100803 -> 浦东新区
2025-07-12 00:51:50,334 - INFO - 🔄 正在处理记录 262: (121.172485, 31.297165)
2025-07-12 00:51:50,339 - INFO - ✅ 写入 10 条结果到 /Users/songdingan/Downloads/detect_bus/final_station_ranking_with_district.csv
2025-07-12 00:51:50,339 - INFO - 📈 进度: 260/3931 (6.6%)
2025-07-12 00:51:51,360 - INFO - ✅ API调用成功: 121.360062, 31.391182 -> 宝山区
2025-07-12 00:51:51,374 - INFO - 🔄 正在处理记录 263: (121.554701, 31.353478)
2025-07-12 00:51:51,374 - INFO - 📈 进度: 261/3931 (6.6%)
2025-07-12 00:51:52,325 - INFO - ✅ API调用成功: 121.509262, 31.281521 -> 杨浦区
2025-07-12 00:51:52,340 - INFO - 🔄 正在处理记录 264: (121.731735, 31.243144)
2025-07-12 00:51:52,340 - INFO - 📈 进度: 262/3931 (6.7%)
2025-07-12 00:51:53,342 - INFO - ✅ API调用成功: 121.172485, 31.297165 -> 嘉定区
2025-07-12 00:51:53,360 - INFO - 🔄 正在处理记录 265: (121.436271, 31.389738)
2025-07-12 00:51:53,360 - INFO - 📈 进度: 263/3931 (6.7%)
2025-07-12 00:51:54,328 - INFO - ✅ API调用成功: 121.554701, 31.353478 -> 浦东新区
2025-07-12 00:51:54,341 - INFO - 🔄 正在处理记录 266: (121.493836, 31.152685)
2025-07-12 00:51:54,341 - INFO - 📈 进度: 264/3931 (6.7%)
2025-07-12 00:51:55,464 - INFO - ✅ API调用成功: 121.731735, 31.243144 -> 浦东新区
2025-07-12 00:51:55,475 - INFO - 🔄 正在处理记录 267: (121.046027, 31.105615)
2025-07-12 00:51:55,476 - INFO - 📈 进度: 265/3931 (6.7%)
2025-07-12 00:51:56,364 - INFO - ✅ API调用成功: 121.436271, 31.389738 -> 宝山区
2025-07-12 00:51:56,380 - INFO - 🔄 正在处理记录 268: (121.680493, 31.197237)
2025-07-12 00:51:56,380 - INFO - 📈 进度: 266/3931 (6.8%)
2025-07-12 00:51:57,337 - INFO - ✅ API调用成功: 121.493836, 31.152685 -> 浦东新区
2025-07-12 00:51:57,350 - INFO - 🔄 正在处理记录 269: (121.567375, 31.292974)
2025-07-12 00:51:57,350 - INFO - 📈 进度: 267/3931 (6.8%)
2025-07-12 00:51:58,336 - INFO - ✅ API调用成功: 121.046027, 31.105615 -> 青浦区
2025-07-12 00:51:58,350 - INFO - 🔄 正在处理记录 270: (121.488725, 31.405014)
2025-07-12 00:51:58,350 - INFO - 📈 进度: 268/3931 (6.8%)
2025-07-12 00:51:59,367 - INFO - ✅ API调用成功: 121.680493, 31.197237 -> 浦东新区
2025-07-12 00:51:59,381 - INFO - 🔄 正在处理记录 271: (121.324372, 30.757273)
2025-07-12 00:51:59,381 - INFO - 📈 进度: 269/3931 (6.8%)
2025-07-12 00:52:00,356 - INFO - ✅ API调用成功: 121.567375, 31.292974 -> 杨浦区
2025-07-12 00:52:00,368 - INFO - 🔄 正在处理记录 272: (121.439419, 30.916084)
2025-07-12 00:52:00,379 - INFO - ✅ 写入 10 条结果到 /Users/songdingan/Downloads/detect_bus/final_station_ranking_with_district.csv
2025-07-12 00:52:00,379 - INFO - 📈 进度: 270/3931 (6.9%)
2025-07-12 00:52:01,352 - INFO - ✅ API调用成功: 121.488725, 31.405014 -> 宝山区
2025-07-12 00:52:01,366 - INFO - 🔄 正在处理记录 273: (121.624, 31.241331)
2025-07-12 00:52:01,366 - INFO - 📈 进度: 271/3931 (6.9%)
2025-07-12 00:52:02,379 - INFO - ✅ API调用成功: 121.324372, 30.757273 -> 金山区
2025-07-12 00:52:02,390 - INFO - 🔄 正在处理记录 274: (121.510141, 31.149521)
2025-07-12 00:52:02,390 - INFO - 📈 进度: 272/3931 (6.9%)
2025-07-12 00:52:03,386 - INFO - ✅ API调用成功: 121.439419, 30.916084 -> 奉贤区
2025-07-12 00:52:03,400 - INFO - 🔄 正在处理记录 275: (121.601521, 31.261428)
2025-07-12 00:52:03,400 - INFO - 📈 进度: 273/3931 (6.9%)
2025-07-12 00:52:04,369 - INFO - ✅ API调用成功: 121.624, 31.241331 -> 浦东新区
2025-07-12 00:52:04,380 - INFO - 🔄 正在处理记录 276: (121.290412, 31.273234)
2025-07-12 00:52:04,380 - INFO - 📈 进度: 274/3931 (7.0%)
2025-07-12 00:52:05,345 - INFO - ✅ API调用成功: 121.510141, 31.149521 -> 浦东新区
2025-07-12 00:52:05,356 - INFO - 🔄 正在处理记录 277: (121.529751, 31.258424)
2025-07-12 00:52:05,356 - INFO - 📈 进度: 275/3931 (7.0%)
2025-07-12 00:52:06,379 - INFO - ✅ API调用成功: 121.601521, 31.261428 -> 浦东新区
2025-07-12 00:52:06,392 - INFO - 🔄 正在处理记录 278: (121.182066, 30.786586)
2025-07-12 00:52:06,392 - INFO - 📈 进度: 276/3931 (7.0%)
2025-07-12 00:52:07,587 - INFO - ✅ API调用成功: 121.290412, 31.273234 -> 嘉定区
2025-07-12 00:52:07,600 - INFO - 🔄 正在处理记录 279: (121.652195, 31.101783)
2025-07-12 00:52:07,600 - INFO - 📈 进度: 277/3931 (7.0%)
2025-07-12 00:52:08,374 - INFO - ✅ API调用成功: 121.529751, 31.258424 -> 杨浦区
2025-07-12 00:52:08,387 - INFO - 🔄 正在处理记录 280: (121.581893, 31.09522)
2025-07-12 00:52:08,387 - INFO - 📈 进度: 278/3931 (7.1%)
2025-07-12 00:52:09,430 - INFO - ✅ API调用成功: 121.182066, 30.786586 -> 金山区
2025-07-12 00:52:09,441 - INFO - 🔄 正在处理记录 281: (121.533555, 31.296508)
2025-07-12 00:52:09,441 - INFO - 📈 进度: 279/3931 (7.1%)
2025-07-12 00:52:10,405 - INFO - ✅ API调用成功: 121.652195, 31.101783 -> 浦东新区
2025-07-12 00:52:10,420 - INFO - 🔄 正在处理记录 282: (121.537131, 31.334857)
2025-07-12 00:52:10,431 - INFO - ✅ 写入 10 条结果到 /Users/songdingan/Downloads/detect_bus/final_station_ranking_with_district.csv
2025-07-12 00:52:10,431 - INFO - 📈 进度: 280/3931 (7.1%)
2025-07-12 00:52:11,389 - INFO - ✅ API调用成功: 121.581893, 31.09522 -> 浦东新区
2025-07-12 00:52:11,419 - INFO - 🔄 正在处理记录 283: (121.402958, 31.277973)
2025-07-12 00:52:11,419 - INFO - 📈 进度: 281/3931 (7.1%)
2025-07-12 00:52:12,368 - INFO - ✅ API调用成功: 121.533555, 31.296508 -> 杨浦区
2025-07-12 00:52:12,386 - INFO - 🔄 正在处理记录 284: (121.334343, 31.282373)
2025-07-12 00:52:12,387 - INFO - 📈 进度: 282/3931 (7.2%)
2025-07-12 00:52:13,383 - INFO - ✅ API调用成功: 121.537131, 31.334857 -> 杨浦区
2025-07-12 00:52:13,391 - INFO - 🔄 正在处理记录 285: (121.267091, 31.218251)
2025-07-12 00:52:13,391 - INFO - 📈 进度: 283/3931 (7.2%)
2025-07-12 00:52:14,425 - INFO - ✅ API调用成功: 121.402958, 31.277973 -> 普陀区
2025-07-12 00:52:14,465 - INFO - 🔄 正在处理记录 286: (121.619035, 31.217677)
2025-07-12 00:52:14,466 - INFO - 📈 进度: 284/3931 (7.2%)
2025-07-12 00:52:15,420 - INFO - ✅ API调用成功: 121.334343, 31.282373 -> 嘉定区
2025-07-12 00:52:15,435 - INFO - 🔄 正在处理记录 287: (121.377374, 31.352534)
2025-07-12 00:52:15,435 - INFO - 📈 进度: 285/3931 (7.3%)
2025-07-12 00:52:16,475 - INFO - ✅ API调用成功: 121.267091, 31.218251 -> 闵行区
2025-07-12 00:52:16,568 - INFO - 🔄 正在处理记录 288: (121.763965, 31.050574)
2025-07-12 00:52:16,568 - INFO - 📈 进度: 286/3931 (7.3%)
2025-07-12 00:52:17,441 - INFO - ✅ API调用成功: 121.619035, 31.217677 -> 浦东新区
2025-07-12 00:52:17,454 - INFO - 🔄 正在处理记录 289: (121.184424, 31.048125)
2025-07-12 00:52:17,454 - INFO - 📈 进度: 287/3931 (7.3%)
2025-07-12 00:52:18,529 - INFO - ✅ API调用成功: 121.377374, 31.352534 -> 宝山区
2025-07-12 00:52:18,540 - INFO - 🔄 正在处理记录 290: (121.182046, 31.038005)
2025-07-12 00:52:18,540 - INFO - 📈 进度: 288/3931 (7.3%)
2025-07-12 00:52:19,464 - INFO - ✅ API调用成功: 121.763965, 31.050574 -> 浦东新区
2025-07-12 00:52:19,481 - INFO - 🔄 正在处理记录 291: (121.576119, 31.117715)
2025-07-12 00:52:19,481 - INFO - 📈 进度: 289/3931 (7.4%)
2025-07-12 00:52:20,498 - INFO - ✅ API调用成功: 121.184424, 31.048125 -> 松江区
2025-07-12 00:52:20,512 - INFO - 🔄 正在处理记录 292: (121.608418, 31.336718)
2025-07-12 00:52:20,525 - INFO - ✅ 写入 10 条结果到 /Users/songdingan/Downloads/detect_bus/final_station_ranking_with_district.csv
2025-07-12 00:52:20,525 - INFO - 📈 进度: 290/3931 (7.4%)
2025-07-12 00:52:21,488 - INFO - ✅ API调用成功: 121.182046, 31.038005 -> 松江区
2025-07-12 00:52:21,514 - INFO - 🔄 正在处理记录 293: (121.368623, 30.880078)
2025-07-12 00:52:21,514 - INFO - 📈 进度: 291/3931 (7.4%)
2025-07-12 00:52:22,459 - INFO - ✅ API调用成功: 121.576119, 31.117715 -> 浦东新区
2025-07-12 00:52:22,484 - INFO - 🔄 正在处理记录 294: (121.185568, 31.216897)
2025-07-12 00:52:22,484 - INFO - 📈 进度: 292/3931 (7.4%)
2025-07-12 00:52:23,437 - INFO - ✅ API调用成功: 121.608418, 31.336718 -> 浦东新区
2025-07-12 00:52:23,455 - INFO - 🔄 正在处理记录 295: (121.493264, 31.28345)
2025-07-12 00:52:23,455 - INFO - 📈 进度: 293/3931 (7.5%)
2025-07-12 00:52:24,479 - INFO - ✅ API调用成功: 121.368623, 30.880078 -> 金山区
2025-07-12 00:52:24,496 - INFO - 🔄 正在处理记录 296: (121.233044, 30.956476)
2025-07-12 00:52:24,496 - INFO - 📈 进度: 294/3931 (7.5%)
2025-07-12 00:52:25,537 - INFO - ✅ API调用成功: 121.185568, 31.216897 -> 青浦区
2025-07-12 00:52:25,554 - INFO - 🔄 正在处理记录 297: (121.230623, 31.042107)
2025-07-12 00:52:25,554 - INFO - 📈 进度: 295/3931 (7.5%)
2025-07-12 00:52:26,468 - INFO - ✅ API调用成功: 121.493264, 31.28345 -> 虹口区
2025-07-12 00:52:26,485 - INFO - 🔄 正在处理记录 298: (121.228296, 31.006798)
2025-07-12 00:52:26,486 - INFO - 📈 进度: 296/3931 (7.5%)
2025-07-12 00:52:27,810 - INFO - ✅ API调用成功: 121.233044, 30.956476 -> 松江区
2025-07-12 00:52:27,823 - INFO - 🔄 正在处理记录 299: (121.191589, 31.016629)
2025-07-12 00:52:27,823 - INFO - 📈 进度: 297/3931 (7.6%)
2025-07-12 00:52:28,476 - INFO - ✅ API调用成功: 121.230623, 31.042107 -> 松江区
2025-07-12 00:52:28,489 - INFO - 🔄 正在处理记录 300: (121.613624, 31.213496)
2025-07-12 00:52:28,489 - INFO - 📈 进度: 298/3931 (7.6%)
2025-07-12 00:52:29,599 - INFO - ✅ API调用成功: 121.228296, 31.006798 -> 松江区
2025-07-12 00:52:29,613 - INFO - 🔄 正在处理记录 301: (121.082283, 31.161179)
2025-07-12 00:52:29,614 - INFO - 📈 进度: 299/3931 (7.6%)
2025-07-12 00:52:30,482 - INFO - ✅ API调用成功: 121.191589, 31.016629 -> 松江区
2025-07-12 00:52:30,504 - INFO - 🔄 正在处理记录 302: (121.240268, 31.037547)
2025-07-12 00:52:30,531 - INFO - ✅ 写入 10 条结果到 /Users/songdingan/Downloads/detect_bus/final_station_ranking_with_district.csv
2025-07-12 00:52:30,531 - INFO - 📈 进度: 300/3931 (7.6%)
2025-07-12 00:52:31,510 - INFO - ✅ API调用成功: 121.613624, 31.213496 -> 浦东新区
2025-07-12 00:52:31,519 - INFO - 🔄 正在处理记录 303: (121.134726, 31.153153)
2025-07-12 00:52:31,520 - INFO - 📈 进度: 301/3931 (7.7%)
2025-07-12 00:52:32,464 - INFO - ✅ API调用成功: 121.082283, 31.161179 -> 青浦区
2025-07-12 00:52:32,482 - INFO - 🔄 正在处理记录 304: (121.438824, 31.220852)
2025-07-12 00:52:32,482 - INFO - 📈 进度: 302/3931 (7.7%)
2025-07-12 00:52:33,463 - INFO - ✅ API调用成功: 121.240268, 31.037547 -> 松江区
2025-07-12 00:52:33,476 - INFO - 🔄 正在处理记录 305: (121.50746, 31.265754)
2025-07-12 00:52:33,476 - INFO - 📈 进度: 303/3931 (7.7%)
2025-07-12 00:52:34,551 - INFO - ✅ API调用成功: 121.134726, 31.153153 -> 青浦区
2025-07-12 00:52:34,563 - INFO - 🔄 正在处理记录 306: (121.476169, 31.222207)
2025-07-12 00:52:34,563 - INFO - 📈 进度: 304/3931 (7.7%)
2025-07-12 00:52:35,528 - INFO - ✅ API调用成功: 121.438824, 31.220852 -> 长宁区
2025-07-12 00:52:35,539 - INFO - 🔄 正在处理记录 307: (121.437296, 31.200438)
2025-07-12 00:52:35,539 - INFO - 📈 进度: 305/3931 (7.8%)
2025-07-12 00:52:36,549 - INFO - ✅ API调用成功: 121.50746, 31.265754 -> 虹口区
2025-07-12 00:52:36,559 - INFO - 🔄 正在处理记录 308: (121.323108, 31.226949)
2025-07-12 00:52:36,559 - INFO - 📈 进度: 306/3931 (7.8%)
2025-07-12 00:52:37,496 - INFO - ✅ API调用成功: 121.476169, 31.222207 -> 黄浦区
2025-07-12 00:52:37,510 - INFO - 🔄 正在处理记录 309: (121.230069, 31.234085)
2025-07-12 00:52:37,510 - INFO - 📈 进度: 307/3931 (7.8%)
2025-07-12 00:52:38,575 - INFO - ✅ API调用成功: 121.437296, 31.200438 -> 徐汇区
2025-07-12 00:52:38,596 - INFO - 🔄 正在处理记录 310: (121.379364, 31.312744)
2025-07-12 00:52:38,596 - INFO - 📈 进度: 308/3931 (7.8%)
2025-07-12 00:52:39,456 - WARNING - ⚠️ API返回错误: 天配额超限，限制访问
2025-07-12 00:52:39,468 - INFO - 🔄 正在处理记录 311: (121.268142, 31.38871)
2025-07-12 00:52:39,468 - INFO - 📈 进度: 309/3931 (7.9%)
2025-07-12 00:52:40,515 - INFO - ✅ API调用成功: 121.230069, 31.234085 -> 青浦区
2025-07-12 00:52:40,537 - INFO - 🔄 正在处理记录 312: (121.412534, 31.150674)
2025-07-12 00:52:40,547 - INFO - ✅ 写入 10 条结果到 /Users/songdingan/Downloads/detect_bus/final_station_ranking_with_district.csv
2025-07-12 00:52:40,547 - INFO - 📈 进度: 310/3931 (7.9%)
2025-07-12 00:52:41,559 - INFO - ✅ API调用成功: 121.379364, 31.312744 -> 宝山区
2025-07-12 00:52:41,578 - INFO - 🔄 正在处理记录 313: (121.482162, 30.91627)
2025-07-12 00:52:41,580 - INFO - 📈 进度: 311/3931 (7.9%)
2025-07-12 00:52:42,534 - INFO - ✅ API调用成功: 121.268142, 31.38871 -> 嘉定区
2025-07-12 00:52:42,543 - INFO - 🔄 正在处理记录 314: (121.251354, 31.01561)
2025-07-12 00:52:42,543 - INFO - 📈 进度: 312/3931 (7.9%)
2025-07-12 00:52:43,581 - INFO - ✅ API调用成功: 121.412534, 31.150674 -> 闵行区
2025-07-12 00:52:43,592 - INFO - 🔄 正在处理记录 315: (121.435874, 31.136446)
2025-07-12 00:52:43,592 - INFO - 📈 进度: 313/3931 (8.0%)
2025-07-12 00:52:44,573 - INFO - ✅ API调用成功: 121.482162, 30.91627 -> 奉贤区
2025-07-12 00:52:44,585 - INFO - 🔄 正在处理记录 316: (121.2289, 31.184857)
2025-07-12 00:52:44,585 - INFO - 📈 进度: 314/3931 (8.0%)
2025-07-12 00:52:45,567 - WARNING - ⚠️ API返回错误: 天配额超限，限制访问
2025-07-12 00:52:45,578 - INFO - 🔄 正在处理记录 317: (121.395052, 31.11148)
2025-07-12 00:52:45,578 - INFO - 📈 进度: 315/3931 (8.0%)
2025-07-12 00:52:46,635 - INFO - ✅ API调用成功: 121.435874, 31.136446 -> 徐汇区
2025-07-12 00:52:46,651 - INFO - 🔄 正在处理记录 318: (121.439094, 31.367847)
2025-07-12 00:52:46,651 - INFO - 📈 进度: 316/3931 (8.0%)
2025-07-12 00:52:47,507 - WARNING - ⚠️ API返回错误: 天配额超限，限制访问
2025-07-12 00:52:47,519 - INFO - 🔄 正在处理记录 319: (121.1491, 31.141963)
2025-07-12 00:52:47,519 - INFO - 📈 进度: 317/3931 (8.1%)
2025-07-12 00:52:48,501 - WARNING - ⚠️ API返回错误: 天配额超限，限制访问
2025-07-12 00:52:48,511 - INFO - 🔄 正在处理记录 320: (121.475061, 31.206916)
2025-07-12 00:52:48,511 - INFO - 📈 进度: 318/3931 (8.1%)
2025-07-12 00:52:49,558 - INFO - ✅ API调用成功: 121.439094, 31.367847 -> 宝山区
2025-07-12 00:52:49,567 - INFO - 🔄 正在处理记录 321: (121.457569, 31.312645)
2025-07-12 00:52:49,568 - INFO - 📈 进度: 319/3931 (8.1%)
2025-07-12 00:52:50,546 - WARNING - ⚠️ API返回错误: 天配额超限，限制访问
2025-07-12 00:52:50,569 - INFO - 🔄 正在处理记录 322: (121.249699, 31.39699)
2025-07-12 00:52:50,589 - INFO - ✅ 写入 10 条结果到 /Users/songdingan/Downloads/detect_bus/final_station_ranking_with_district.csv
2025-07-12 00:52:50,589 - INFO - 📈 进度: 320/3931 (8.1%)
2025-07-12 00:52:51,549 - INFO - ✅ API调用成功: 121.475061, 31.206916 -> 黄浦区
2025-07-12 00:52:51,558 - INFO - 🔄 正在处理记录 323: (121.288107, 31.186733)
2025-07-12 00:52:51,558 - INFO - 📈 进度: 321/3931 (8.2%)
2025-07-12 00:52:52,562 - INFO - ✅ API调用成功: 121.457569, 31.312645 -> 静安区
2025-07-12 00:52:52,569 - INFO - 🔄 正在处理记录 324: (121.48852, 31.162338)
2025-07-12 00:52:52,569 - INFO - 📈 进度: 322/3931 (8.2%)
2025-07-12 00:52:53,598 - INFO - ✅ API调用成功: 121.249699, 31.39699 -> 嘉定区
2025-07-12 00:52:53,606 - INFO - 🔄 正在处理记录 325: (121.403956, 31.316736)
2025-07-12 00:52:53,607 - INFO - 📈 进度: 323/3931 (8.2%)
2025-07-12 00:52:54,575 - INFO - ✅ API调用成功: 121.288107, 31.186733 -> 青浦区
2025-07-12 00:52:54,590 - INFO - 🔄 正在处理记录 326: (121.312128, 31.136418)
2025-07-12 00:52:54,590 - INFO - 📈 进度: 324/3931 (8.2%)
2025-07-12 00:52:55,548 - WARNING - ⚠️ API返回错误: 天配额超限，限制访问
2025-07-12 00:52:55,572 - INFO - 🔄 正在处理记录 327: (121.376705, 31.154534)
2025-07-12 00:52:55,572 - INFO - 📈 进度: 325/3931 (8.3%)
2025-07-12 00:52:56,567 - INFO - ✅ API调用成功: 121.403956, 31.316736 -> 宝山区
2025-07-12 00:52:56,593 - INFO - 🔄 正在处理记录 328: (121.457097, 30.953752)
2025-07-12 00:52:56,594 - INFO - 📈 进度: 326/3931 (8.3%)
2025-07-12 00:52:57,569 - WARNING - ⚠️ API返回错误: 天配额超限，限制访问
2025-07-12 00:52:57,587 - INFO - 🔄 正在处理记录 329: (121.490746, 31.230563)
2025-07-12 00:52:57,587 - INFO - 📈 进度: 327/3931 (8.3%)
2025-07-12 00:52:58,583 - INFO - ✅ API调用成功: 121.376705, 31.154534 -> 闵行区
2025-07-12 00:52:58,599 - INFO - 🔄 正在处理记录 330: (121.277364, 31.186258)
2025-07-12 00:52:58,599 - INFO - 📈 进度: 328/3931 (8.3%)
2025-07-12 00:52:59,566 - INFO - ✅ API调用成功: 121.457097, 30.953752 -> 奉贤区
2025-07-12 00:52:59,573 - INFO - 🔄 正在处理记录 331: (121.339899, 30.720026)
2025-07-12 00:52:59,573 - INFO - 📈 进度: 329/3931 (8.4%)
2025-07-12 00:53:00,603 - INFO - ✅ API调用成功: 121.490746, 31.230563 -> 黄浦区
2025-07-12 00:53:00,617 - INFO - 🔄 正在处理记录 332: (121.259795, 30.987972)
2025-07-12 00:53:00,627 - INFO - ✅ 写入 10 条结果到 /Users/songdingan/Downloads/detect_bus/final_station_ranking_with_district.csv
2025-07-12 00:53:00,627 - INFO - 📈 进度: 330/3931 (8.4%)
2025-07-12 00:53:01,586 - INFO - ✅ API调用成功: 121.277364, 31.186258 -> 青浦区
2025-07-12 00:53:01,610 - INFO - 🔄 正在处理记录 333: (121.382816, 31.105009)
2025-07-12 00:53:01,610 - INFO - 📈 进度: 331/3931 (8.4%)
2025-07-12 00:53:02,569 - WARNING - ⚠️ API返回错误: 天配额超限，限制访问
2025-07-12 00:53:02,583 - INFO - 🔄 正在处理记录 334: (121.164342, 31.303206)
2025-07-12 00:53:02,583 - INFO - 📈 进度: 332/3931 (8.4%)
2025-07-12 00:53:03,595 - INFO - ✅ API调用成功: 121.259795, 30.987972 -> 松江区
2025-07-12 00:53:03,607 - INFO - 🔄 正在处理记录 335: (121.431513, 31.236367)
2025-07-12 00:53:03,607 - INFO - 📈 进度: 333/3931 (8.5%)
2025-07-12 00:53:04,608 - INFO - ✅ API调用成功: 121.382816, 31.105009 -> 闵行区
2025-07-12 00:53:04,621 - INFO - 🔄 正在处理记录 336: (121.479427, 30.935066)
2025-07-12 00:53:04,621 - INFO - 📈 进度: 334/3931 (8.5%)
2025-07-12 00:53:05,566 - WARNING - ⚠️ API返回错误: 天配额超限，限制访问
2025-07-12 00:53:05,581 - INFO - 🔄 正在处理记录 337: (121.458006, 31.315397)
2025-07-12 00:53:05,581 - INFO - 📈 进度: 335/3931 (8.5%)
2025-07-12 00:53:06,618 - INFO - ✅ API调用成功: 121.431513, 31.236367 -> 普陀区
2025-07-12 00:53:06,633 - INFO - 🔄 正在处理记录 338: (121.254412, 31.094277)
2025-07-12 00:53:06,634 - INFO - 📈 进度: 336/3931 (8.5%)
2025-07-12 00:53:07,800 - INFO - ✅ API调用成功: 121.479427, 30.935066 -> 奉贤区
2025-07-12 00:53:07,811 - INFO - 🔄 正在处理记录 339: (121.457901, 31.023965)
2025-07-12 00:53:07,811 - INFO - 📈 进度: 337/3931 (8.6%)
2025-07-12 00:53:08,629 - INFO - ✅ API调用成功: 121.458006, 31.315397 -> 静安区
2025-07-12 00:53:08,642 - INFO - 🔄 正在处理记录 340: (121.227991, 31.040177)
2025-07-12 00:53:08,642 - INFO - 📈 进度: 338/3931 (8.6%)
2025-07-12 00:53:09,561 - WARNING - ⚠️ API返回错误: 天配额超限，限制访问
2025-07-12 00:53:09,571 - INFO - 🔄 正在处理记录 341: (121.323683, 30.724754)
2025-07-12 00:53:09,571 - INFO - 📈 进度: 339/3931 (8.6%)
2025-07-12 00:53:10,673 - WARNING - ⚠️ API返回错误: 天配额超限，限制访问
2025-07-12 00:53:10,690 - INFO - 🔄 正在处理记录 342: (121.248774, 31.356565)
2025-07-12 00:53:10,701 - INFO - ✅ 写入 10 条结果到 /Users/songdingan/Downloads/detect_bus/final_station_ranking_with_district.csv
2025-07-12 00:53:10,702 - INFO - 📈 进度: 340/3931 (8.6%)
2025-07-12 00:53:11,596 - INFO - ✅ API调用成功: 121.227991, 31.040177 -> 松江区
2025-07-12 00:53:11,610 - INFO - 🔄 正在处理记录 343: (121.489445, 31.248214)
2025-07-12 00:53:11,610 - INFO - 📈 进度: 341/3931 (8.7%)
2025-07-12 00:53:12,577 - WARNING - ⚠️ API返回错误: 天配额超限，限制访问
2025-07-12 00:53:12,593 - INFO - 🔄 正在处理记录 344: (121.438932, 31.201232)
2025-07-12 00:53:12,593 - INFO - 📈 进度: 342/3931 (8.7%)
2025-07-12 00:53:13,612 - INFO - ✅ API调用成功: 121.248774, 31.356565 -> 嘉定区
2025-07-12 00:53:13,622 - INFO - 🔄 正在处理记录 345: (121.280167, 31.186368)
2025-07-12 00:53:13,622 - INFO - 📈 进度: 343/3931 (8.7%)
2025-07-12 00:53:14,628 - INFO - ✅ API调用成功: 121.489445, 31.248214 -> 虹口区
2025-07-12 00:53:14,639 - INFO - 🔄 正在处理记录 346: (121.507996, 31.282319)
2025-07-12 00:53:14,639 - INFO - 📈 进度: 344/3931 (8.8%)
2025-07-12 00:53:15,634 - INFO - ✅ API调用成功: 121.438932, 31.201232 -> 徐汇区
2025-07-12 00:53:15,648 - INFO - 🔄 正在处理记录 347: (121.178197, 31.036999)
2025-07-12 00:53:15,648 - INFO - 📈 进度: 345/3931 (8.8%)
2025-07-12 00:53:16,613 - WARNING - ⚠️ API返回错误: 天配额超限，限制访问
2025-07-12 00:53:16,629 - INFO - 🔄 正在处理记录 348: (121.493264, 31.28345)
2025-07-12 00:53:16,629 - INFO - 📈 进度: 346/3931 (8.8%)
2025-07-12 00:53:17,594 - WARNING - ⚠️ API返回错误: 天配额超限，限制访问
2025-07-12 00:53:17,609 - INFO - 🔄 正在处理记录 349: (121.428333, 31.332007)
2025-07-12 00:53:17,610 - INFO - 📈 进度: 347/3931 (8.8%)
2025-07-12 00:53:18,649 - INFO - ✅ API调用成功: 121.178197, 31.036999 -> 松江区
2025-07-12 00:53:18,662 - INFO - 🔄 正在处理记录 350: (121.578461, 31.565465)
2025-07-12 00:53:18,662 - INFO - 📈 进度: 348/3931 (8.9%)
2025-07-12 00:53:19,616 - WARNING - ⚠️ API返回错误: 天配额超限，限制访问
2025-07-12 00:53:19,632 - INFO - 🔄 正在处理记录 351: (121.182352, 31.125287)
2025-07-12 00:53:19,632 - INFO - 📈 进度: 349/3931 (8.9%)
2025-07-12 00:53:20,673 - WARNING - ⚠️ API返回错误: 天配额超限，限制访问
2025-07-12 00:53:20,689 - INFO - 🔄 正在处理记录 352: (121.717022, 31.207784)
2025-07-12 00:53:20,706 - INFO - ✅ 写入 10 条结果到 /Users/songdingan/Downloads/detect_bus/final_station_ranking_with_district.csv
2025-07-12 00:53:20,707 - INFO - 📈 进度: 350/3931 (8.9%)
2025-07-12 00:53:21,653 - INFO - ✅ API调用成功: 121.578461, 31.565465 -> 崇明区
2025-07-12 00:53:21,674 - INFO - 🔄 正在处理记录 353: (121.224751, 31.18239)
2025-07-12 00:53:21,674 - INFO - 📈 进度: 351/3931 (8.9%)
2025-07-12 00:53:22,826 - WARNING - ⚠️ API返回错误: 天配额超限，限制访问
2025-07-12 00:53:22,839 - INFO - 🔄 正在处理记录 354: (121.040555, 31.104263)
2025-07-12 00:53:22,839 - INFO - 📈 进度: 352/3931 (9.0%)
2025-07-12 00:53:23,689 - INFO - ✅ API调用成功: 121.717022, 31.207784 -> 浦东新区
2025-07-12 00:53:23,703 - INFO - 🔄 正在处理记录 355: (121.56235, 30.974358)
2025-07-12 00:53:23,703 - INFO - 📈 进度: 353/3931 (9.0%)
2025-07-12 00:53:24,691 - WARNING - ⚠️ API返回错误: 天配额超限，限制访问
2025-07-12 00:53:24,707 - INFO - 🔄 正在处理记录 356: (121.479261, 31.250918)
2025-07-12 00:53:24,707 - INFO - 📈 进度: 354/3931 (9.0%)
2025-07-12 00:53:25,658 - WARNING - ⚠️ API返回错误: 天配额超限，限制访问
2025-07-12 00:53:25,678 - INFO - 🔄 正在处理记录 357: (121.502078, 31.179876)
2025-07-12 00:53:25,678 - INFO - 📈 进度: 355/3931 (9.0%)
2025-07-12 00:53:26,713 - INFO - ✅ API调用成功: 121.56235, 30.974358 -> 奉贤区
2025-07-12 00:53:26,727 - INFO - 🔄 正在处理记录 358: (121.506955, 31.156678)
2025-07-12 00:53:26,727 - INFO - 📈 进度: 356/3931 (9.1%)
2025-07-12 00:53:27,766 - WARNING - ⚠️ API返回错误: 天配额超限，限制访问
2025-07-12 00:53:27,783 - INFO - 🔄 正在处理记录 359: (121.483145, 31.228658)
2025-07-12 00:53:27,783 - INFO - 📈 进度: 357/3931 (9.1%)
2025-07-12 00:53:28,623 - WARNING - ⚠️ API返回错误: 天配额超限，限制访问
2025-07-12 00:53:28,633 - INFO - 🔄 正在处理记录 360: (121.410313, 31.273084)
2025-07-12 00:53:28,634 - INFO - 📈 进度: 358/3931 (9.1%)
2025-07-12 00:53:29,685 - INFO - ✅ API调用成功: 121.506955, 31.156678 -> 浦东新区
2025-07-12 00:53:29,703 - INFO - 🔄 正在处理记录 361: (121.447881, 31.279904)
2025-07-12 00:53:29,703 - INFO - 📈 进度: 359/3931 (9.1%)
2025-07-12 00:53:30,669 - INFO - ✅ API调用成功: 121.483145, 31.228658 -> 黄浦区
2025-07-12 00:53:30,677 - INFO - 🔄 正在处理记录 362: (121.506352, 31.292605)
2025-07-12 00:53:30,684 - INFO - ✅ 写入 10 条结果到 /Users/songdingan/Downloads/detect_bus/final_station_ranking_with_district.csv
2025-07-12 00:53:30,684 - INFO - 📈 进度: 360/3931 (9.2%)
2025-07-12 00:53:31,647 - WARNING - ⚠️ API返回错误: 天配额超限，限制访问
2025-07-12 00:53:31,665 - INFO - 🔄 正在处理记录 363: (121.435429, 30.925213)
2025-07-12 00:53:31,665 - INFO - 📈 进度: 361/3931 (9.2%)
2025-07-12 00:53:32,702 - INFO - ✅ API调用成功: 121.447881, 31.279904 -> 静安区
2025-07-12 00:53:32,713 - INFO - 🔄 正在处理记录 364: (121.472559, 31.230206)
2025-07-12 00:53:32,713 - INFO - 📈 进度: 362/3931 (9.2%)
2025-07-12 00:53:33,665 - WARNING - ⚠️ API返回错误: 天配额超限，限制访问
2025-07-12 00:53:33,675 - INFO - 🔄 正在处理记录 365: (121.191427, 31.02663)
2025-07-12 00:53:33,675 - INFO - 📈 进度: 363/3931 (9.2%)
2025-07-12 00:53:34,667 - WARNING - ⚠️ API返回错误: 天配额超限，限制访问
2025-07-12 00:53:34,692 - INFO - 🔄 正在处理记录 366: (121.230628, 31.035938)
2025-07-12 00:53:34,692 - INFO - 📈 进度: 364/3931 (9.3%)
2025-07-12 00:53:35,690 - WARNING - ⚠️ API返回错误: 天配额超限，限制访问
2025-07-12 00:53:35,701 - INFO - 🔄 正在处理记录 367: (121.193068, 31.018367)
2025-07-12 00:53:35,701 - INFO - 📈 进度: 365/3931 (9.3%)
2025-07-12 00:53:36,705 - INFO - ✅ API调用成功: 121.191427, 31.02663 -> 松江区
2025-07-12 00:53:36,718 - INFO - 🔄 正在处理记录 368: (121.531196, 31.323638)
2025-07-12 00:53:36,718 - INFO - 📈 进度: 366/3931 (9.3%)
2025-07-12 00:53:37,692 - INFO - ✅ API调用成功: 121.230628, 31.035938 -> 松江区
2025-07-12 00:53:37,704 - INFO - 🔄 正在处理记录 369: (121.184068, 31.004343)
2025-07-12 00:53:37,704 - INFO - 📈 进度: 367/3931 (9.3%)
2025-07-12 00:53:38,659 - WARNING - ⚠️ API返回错误: 天配额超限，限制访问
2025-07-12 00:53:38,670 - INFO - 🔄 正在处理记录 370: (121.160048, 31.282975)
2025-07-12 00:53:38,670 - INFO - 📈 进度: 368/3931 (9.4%)
2025-07-12 00:53:39,696 - INFO - ✅ API调用成功: 121.531196, 31.323638 -> 杨浦区
2025-07-12 00:53:39,708 - INFO - 🔄 正在处理记录 371: (121.506613, 31.297314)
2025-07-12 00:53:39,708 - INFO - 📈 进度: 369/3931 (9.4%)
2025-07-12 00:53:40,701 - INFO - ✅ API调用成功: 121.184068, 31.004343 -> 松江区
2025-07-12 00:53:40,712 - INFO - 🔄 正在处理记录 372: (121.457092, 30.932676)
2025-07-12 00:53:40,720 - INFO - ✅ 写入 10 条结果到 /Users/songdingan/Downloads/detect_bus/final_station_ranking_with_district.csv
2025-07-12 00:53:40,720 - INFO - 📈 进度: 370/3931 (9.4%)
2025-07-12 00:53:41,691 - WARNING - ⚠️ API返回错误: 天配额超限，限制访问
2025-07-12 00:53:41,702 - INFO - 🔄 正在处理记录 373: (121.419481, 31.192364)
2025-07-12 00:53:41,702 - INFO - 📈 进度: 371/3931 (9.4%)
2025-07-12 00:53:42,680 - WARNING - ⚠️ API返回错误: 天配额超限，限制访问
2025-07-12 00:53:42,697 - INFO - 🔄 正在处理记录 374: (121.519096, 31.142169)
2025-07-12 00:53:42,698 - INFO - 📈 进度: 372/3931 (9.5%)
2025-07-12 00:53:43,731 - INFO - ✅ API调用成功: 121.457092, 30.932676 -> 奉贤区
2025-07-12 00:53:43,742 - INFO - 🔄 正在处理记录 375: (121.480382, 31.282027)
2025-07-12 00:53:43,742 - INFO - 📈 进度: 373/3931 (9.5%)
2025-07-12 00:53:44,709 - WARNING - ⚠️ API返回错误: 天配额超限，限制访问
2025-07-12 00:53:44,726 - INFO - 🔄 正在处理记录 376: (121.527629, 31.30441)
2025-07-12 00:53:44,726 - INFO - 📈 进度: 374/3931 (9.5%)
2025-07-12 00:53:45,679 - WARNING - ⚠️ API返回错误: 天配额超限，限制访问
2025-07-12 00:53:45,697 - INFO - 🔄 正在处理记录 377: (121.766059, 31.128101)
2025-07-12 00:53:45,697 - INFO - 📈 进度: 375/3931 (9.5%)
2025-07-12 00:53:46,858 - WARNING - ⚠️ API返回错误: 天配额超限，限制访问
2025-07-12 00:53:46,877 - INFO - 🔄 正在处理记录 378: (121.119025, 31.160633)
2025-07-12 00:53:46,877 - INFO - 📈 进度: 376/3931 (9.6%)
2025-07-12 00:53:47,754 - INFO - ✅ API调用成功: 121.527629, 31.30441 -> 杨浦区
2025-07-12 00:53:47,790 - INFO - 🔄 正在处理记录 379: (121.478797, 31.228859)
2025-07-12 00:53:47,790 - INFO - 📈 进度: 377/3931 (9.6%)
2025-07-12 00:53:48,749 - INFO - ✅ API调用成功: 121.766059, 31.128101 -> 浦东新区
2025-07-12 00:53:48,761 - INFO - 🔄 正在处理记录 380: (121.309055, 31.093937)
2025-07-12 00:53:48,762 - INFO - 📈 进度: 378/3931 (9.6%)
2025-07-12 00:53:49,781 - INFO - ✅ API调用成功: 121.119025, 31.160633 -> 青浦区
2025-07-12 00:53:49,791 - INFO - 🔄 正在处理记录 381: (121.492756, 31.398666)
2025-07-12 00:53:49,791 - INFO - 📈 进度: 379/3931 (9.6%)
2025-07-12 00:53:50,736 - INFO - ✅ API调用成功: 121.478797, 31.228859 -> 黄浦区
2025-07-12 00:53:50,746 - INFO - 🔄 正在处理记录 382: (121.416256, 31.203568)
2025-07-12 00:53:50,755 - INFO - ✅ 写入 10 条结果到 /Users/songdingan/Downloads/detect_bus/final_station_ranking_with_district.csv
2025-07-12 00:53:50,755 - INFO - 📈 进度: 380/3931 (9.7%)
2025-07-12 00:53:51,701 - WARNING - ⚠️ API返回错误: 天配额超限，限制访问
2025-07-12 00:53:51,711 - INFO - 🔄 正在处理记录 383: (121.487207, 30.917451)
2025-07-12 00:53:51,711 - INFO - 📈 进度: 381/3931 (9.7%)
2025-07-12 00:53:52,722 - WARNING - ⚠️ API返回错误: 天配额超限，限制访问
2025-07-12 00:53:52,732 - INFO - 🔄 正在处理记录 384: (121.300681, 30.794246)
2025-07-12 00:53:52,732 - INFO - 📈 进度: 382/3931 (9.7%)
2025-07-12 00:53:53,730 - WARNING - ⚠️ API返回错误: 天配额超限，限制访问
2025-07-12 00:53:53,744 - INFO - 🔄 正在处理记录 385: (121.377796, 31.139592)
2025-07-12 00:53:53,744 - INFO - 📈 进度: 383/3931 (9.7%)
2025-07-12 00:53:54,735 - WARNING - ⚠️ API返回错误: 天配额超限，限制访问
2025-07-12 00:53:54,748 - INFO - 🔄 正在处理记录 386: (121.19536, 31.092211)
2025-07-12 00:53:54,748 - INFO - 📈 进度: 384/3931 (9.8%)
2025-07-12 00:53:55,733 - WARNING - ⚠️ API返回错误: 天配额超限，限制访问
2025-07-12 00:53:55,740 - INFO - 🔄 正在处理记录 387: (121.197155, 30.968362)
2025-07-12 00:53:55,740 - INFO - 📈 进度: 385/3931 (9.8%)
2025-07-12 00:53:56,752 - WARNING - ⚠️ API返回错误: 天配额超限，限制访问
2025-07-12 00:53:56,769 - INFO - 🔄 正在处理记录 388: (121.048064, 31.0616)
2025-07-12 00:53:56,770 - INFO - 📈 进度: 386/3931 (9.8%)
2025-07-12 00:53:57,737 - WARNING - ⚠️ API返回错误: 天配额超限，限制访问
2025-07-12 00:53:57,749 - INFO - 🔄 正在处理记录 389: (121.582817, 31.024924)
2025-07-12 00:53:57,750 - INFO - 📈 进度: 387/3931 (9.8%)
2025-07-12 00:53:58,751 - WARNING - ⚠️ API返回错误: 天配额超限，限制访问
2025-07-12 00:53:58,767 - INFO - 🔄 正在处理记录 390: (121.466607, 31.301442)
2025-07-12 00:53:58,768 - INFO - 📈 进度: 388/3931 (9.9%)
2025-07-12 00:53:59,760 - INFO - ✅ API调用成功: 121.048064, 31.0616 -> 青浦区
2025-07-12 00:53:59,773 - INFO - 🔄 正在处理记录 391: (121.53045, 31.287094)
2025-07-12 00:53:59,774 - INFO - 📈 进度: 389/3931 (9.9%)
2025-07-12 00:54:00,779 - INFO - ✅ API调用成功: 121.582817, 31.024924 -> 浦东新区
2025-07-12 00:54:00,792 - INFO - 🔄 正在处理记录 392: (121.354827, 30.73719)
2025-07-12 00:54:00,801 - INFO - ✅ 写入 10 条结果到 /Users/songdingan/Downloads/detect_bus/final_station_ranking_with_district.csv
2025-07-12 00:54:00,801 - INFO - 📈 进度: 390/3931 (9.9%)
2025-07-12 00:54:01,806 - INFO - ✅ API调用成功: 121.466607, 31.301442 -> 静安区
2025-07-12 00:54:01,816 - INFO - 🔄 正在处理记录 393: (121.494432, 31.376766)
2025-07-12 00:54:01,816 - INFO - 📈 进度: 391/3931 (9.9%)
2025-07-12 00:54:02,745 - WARNING - ⚠️ API返回错误: 天配额超限，限制访问
2025-07-12 00:54:02,761 - INFO - 🔄 正在处理记录 394: (121.44307, 31.175369)
2025-07-12 00:54:02,761 - INFO - 📈 进度: 392/3931 (10.0%)
2025-07-12 00:54:03,779 - WARNING - ⚠️ API返回错误: 天配额超限，限制访问
2025-07-12 00:54:03,789 - INFO - 🔄 正在处理记录 395: (121.377498, 31.158393)
2025-07-12 00:54:03,789 - INFO - 📈 进度: 393/3931 (10.0%)
2025-07-12 00:54:04,809 - INFO - ✅ API调用成功: 121.494432, 31.376766 -> 宝山区
2025-07-12 00:54:04,823 - INFO - 🔄 正在处理记录 396: (121.48379, 31.350721)
2025-07-12 00:54:04,823 - INFO - 📈 进度: 394/3931 (10.0%)
2025-07-12 00:54:05,803 - INFO - ✅ API调用成功: 121.44307, 31.175369 -> 徐汇区
2025-07-12 00:54:05,820 - INFO - 🔄 正在处理记录 397: (121.204383, 31.264707)
2025-07-12 00:54:05,820 - INFO - 📈 进度: 395/3931 (10.0%)
2025-07-12 00:54:06,779 - WARNING - ⚠️ API返回错误: 天配额超限，限制访问
2025-07-12 00:54:06,796 - INFO - 🔄 正在处理记录 398: (121.353172, 30.764328)
2025-07-12 00:54:06,796 - INFO - 📈 进度: 396/3931 (10.1%)
2025-07-12 00:54:07,789 - WARNING - ⚠️ API返回错误: 天配额超限，限制访问
2025-07-12 00:54:07,806 - INFO - 🔄 正在处理记录 399: (121.273075, 31.117948)
2025-07-12 00:54:07,806 - INFO - 📈 进度: 397/3931 (10.1%)
2025-07-12 00:54:08,764 - WARNING - ⚠️ API返回错误: 天配额超限，限制访问
2025-07-12 00:54:08,782 - INFO - 🔄 正在处理记录 400: (121.406321, 31.198456)
2025-07-12 00:54:08,782 - INFO - 📈 进度: 398/3931 (10.1%)
2025-07-12 00:54:09,779 - WARNING - ⚠️ API返回错误: 天配额超限，限制访问
2025-07-12 00:54:09,792 - INFO - 🔄 正在处理记录 401: (121.422693, 30.905061)
2025-07-12 00:54:09,792 - INFO - 📈 进度: 399/3931 (10.2%)
2025-07-12 00:54:10,829 - WARNING - ⚠️ API返回错误: 天配额超限，限制访问
2025-07-12 00:54:10,843 - INFO - 🔄 正在处理记录 402: (121.100185, 31.158635)
2025-07-12 00:54:10,852 - INFO - ✅ 写入 10 条结果到 /Users/songdingan/Downloads/detect_bus/final_station_ranking_with_district.csv
2025-07-12 00:54:10,853 - INFO - 📈 进度: 400/3931 (10.2%)
2025-07-12 00:54:11,760 - WARNING - ⚠️ API返回错误: 天配额超限，限制访问
2025-07-12 00:54:11,771 - INFO - 🔄 正在处理记录 403: (121.373401, 31.189779)
2025-07-12 00:54:11,771 - INFO - 📈 进度: 401/3931 (10.2%)
2025-07-12 00:54:12,822 - INFO - ✅ API调用成功: 121.422693, 30.905061 -> 奉贤区
2025-07-12 00:54:12,833 - INFO - 🔄 正在处理记录 404: (121.360898, 30.765956)
2025-07-12 00:54:12,833 - INFO - 📈 进度: 402/3931 (10.2%)
2025-07-12 00:54:13,781 - WARNING - ⚠️ API返回错误: 天配额超限，限制访问
2025-07-12 00:54:13,803 - INFO - 🔄 正在处理记录 405: (121.557893, 31.182385)
2025-07-12 00:54:13,803 - INFO - 📈 进度: 403/3931 (10.3%)
2025-07-12 00:54:14,804 - WARNING - ⚠️ API返回错误: 天配额超限，限制访问
2025-07-12 00:54:14,821 - INFO - 🔄 正在处理记录 406: (121.407574, 31.285444)
2025-07-12 00:54:14,822 - INFO - 📈 进度: 404/3931 (10.3%)
2025-07-12 00:54:15,816 - WARNING - ⚠️ API返回错误: 天配额超限，限制访问
2025-07-12 00:54:15,827 - INFO - 🔄 正在处理记录 407: (121.223087, 31.026409)
2025-07-12 00:54:15,827 - INFO - 📈 进度: 405/3931 (10.3%)
2025-07-12 00:54:16,851 - INFO - ✅ API调用成功: 121.557893, 31.182385 -> 浦东新区
2025-07-12 00:54:16,859 - INFO - 🔄 正在处理记录 408: (121.53045, 31.287094)
2025-07-12 00:54:16,859 - INFO - 📈 进度: 406/3931 (10.3%)
2025-07-12 00:54:17,795 - WARNING - ⚠️ API返回错误: 天配额超限，限制访问
2025-07-12 00:54:17,809 - INFO - 🔄 正在处理记录 409: (121.245546, 31.355175)
2025-07-12 00:54:17,809 - INFO - 📈 进度: 407/3931 (10.4%)
2025-07-12 00:54:18,849 - INFO - ✅ API调用成功: 121.223087, 31.026409 -> 松江区
2025-07-12 00:54:18,861 - INFO - 🔄 正在处理记录 410: (121.232338, 30.98508)
2025-07-12 00:54:18,861 - INFO - 📈 进度: 408/3931 (10.4%)
2025-07-12 00:54:19,843 - INFO - ✅ API调用成功: 121.53045, 31.287094 -> 杨浦区
2025-07-12 00:54:19,855 - INFO - 🔄 正在处理记录 411: (121.490914, 31.391966)
2025-07-12 00:54:19,855 - INFO - 📈 进度: 409/3931 (10.4%)
2025-07-12 00:54:20,826 - WARNING - ⚠️ API返回错误: 天配额超限，限制访问
2025-07-12 00:54:20,837 - INFO - 🔄 正在处理记录 412: (121.632997, 31.1724)
2025-07-12 00:54:20,847 - INFO - ✅ 写入 10 条结果到 /Users/songdingan/Downloads/detect_bus/final_station_ranking_with_district.csv
2025-07-12 00:54:20,847 - INFO - 📈 进度: 410/3931 (10.4%)
2025-07-12 00:54:21,810 - WARNING - ⚠️ API返回错误: 天配额超限，限制访问
2025-07-12 00:54:21,830 - INFO - 🔄 正在处理记录 413: (121.41805, 31.131338)
2025-07-12 00:54:21,830 - INFO - 📈 进度: 411/3931 (10.5%)
2025-07-12 00:54:22,859 - INFO - ✅ API调用成功: 121.490914, 31.391966 -> 宝山区
2025-07-12 00:54:22,866 - INFO - 🔄 正在处理记录 414: (121.287492, 31.170721)
2025-07-12 00:54:22,866 - INFO - 📈 进度: 412/3931 (10.5%)
2025-07-12 00:54:23,807 - WARNING - ⚠️ API返回错误: 天配额超限，限制访问
2025-07-12 00:54:23,822 - INFO - 🔄 正在处理记录 415: (121.226786, 31.045472)
2025-07-12 00:54:23,822 - INFO - 📈 进度: 413/3931 (10.5%)
2025-07-12 00:54:24,815 - WARNING - ⚠️ API返回错误: 天配额超限，限制访问
2025-07-12 00:54:24,826 - INFO - 🔄 正在处理记录 416: (121.443099, 31.235364)
2025-07-12 00:54:24,826 - INFO - 📈 进度: 414/3931 (10.5%)
2025-07-12 00:54:25,821 - WARNING - ⚠️ API返回错误: 天配额超限，限制访问
2025-07-12 00:54:25,833 - INFO - 🔄 正在处理记录 417: (121.341234, 31.058577)
2025-07-12 00:54:25,833 - INFO - 📈 进度: 415/3931 (10.6%)
2025-07-12 00:54:26,874 - INFO - ✅ API调用成功: 121.226786, 31.045472 -> 松江区
2025-07-12 00:54:26,891 - INFO - 🔄 正在处理记录 418: (121.411875, 31.130316)
2025-07-12 00:54:26,891 - INFO - 📈 进度: 416/3931 (10.6%)
2025-07-12 00:54:27,904 - WARNING - ⚠️ API返回错误: 天配额超限，限制访问
2025-07-12 00:54:27,924 - INFO - 🔄 正在处理记录 419: (121.181623, 31.041349)
2025-07-12 00:54:27,924 - INFO - 📈 进度: 417/3931 (10.6%)
2025-07-12 00:54:28,830 - WARNING - ⚠️ API返回错误: 天配额超限，限制访问
2025-07-12 00:54:28,835 - INFO - 🔄 正在处理记录 420: (121.187498, 31.018332)
2025-07-12 00:54:28,836 - INFO - 📈 进度: 418/3931 (10.6%)
2025-07-12 00:54:29,838 - WARNING - ⚠️ API返回错误: 天配额超限，限制访问
2025-07-12 00:54:29,853 - INFO - 🔄 正在处理记录 421: (121.350122, 31.224107)
2025-07-12 00:54:29,853 - INFO - 📈 进度: 419/3931 (10.7%)
2025-07-12 00:54:30,886 - INFO - ✅ API调用成功: 121.181623, 31.041349 -> 松江区
2025-07-12 00:54:30,902 - INFO - 🔄 正在处理记录 422: (121.371794, 31.259928)
2025-07-12 00:54:30,916 - INFO - ✅ 写入 10 条结果到 /Users/songdingan/Downloads/detect_bus/final_station_ranking_with_district.csv
2025-07-12 00:54:30,916 - INFO - 📈 进度: 420/3931 (10.7%)
2025-07-12 00:54:31,859 - WARNING - ⚠️ API返回错误: 天配额超限，限制访问
2025-07-12 00:54:31,875 - INFO - 🔄 正在处理记录 423: (121.465726, 31.22618)
2025-07-12 00:54:31,876 - INFO - 📈 进度: 421/3931 (10.7%)
2025-07-12 00:54:32,845 - WARNING - ⚠️ API返回错误: 天配额超限，限制访问
2025-07-12 00:54:32,864 - INFO - 🔄 正在处理记录 424: (121.358836, 30.831071)
2025-07-12 00:54:32,864 - INFO - 📈 进度: 422/3931 (10.7%)
2025-07-12 00:54:33,836 - WARNING - ⚠️ API返回错误: 天配额超限，限制访问
2025-07-12 00:54:33,851 - INFO - 🔄 正在处理记录 425: (121.455409, 30.903977)
2025-07-12 00:54:33,852 - INFO - 📈 进度: 423/3931 (10.8%)
2025-07-12 00:54:34,900 - INFO - ✅ API调用成功: 121.465726, 31.22618 -> 黄浦区
2025-07-12 00:54:34,917 - INFO - 🔄 正在处理记录 426: (121.467432, 31.267302)
2025-07-12 00:54:34,917 - INFO - 📈 进度: 424/3931 (10.8%)
2025-07-12 00:54:35,863 - WARNING - ⚠️ API返回错误: 天配额超限，限制访问
2025-07-12 00:54:35,874 - INFO - 🔄 正在处理记录 427: (121.504481, 31.296572)
2025-07-12 00:54:35,874 - INFO - 📈 进度: 425/3931 (10.8%)
2025-07-12 00:54:36,951 - WARNING - ⚠️ API返回错误: 天配额超限，限制访问
2025-07-12 00:54:36,971 - INFO - 🔄 正在处理记录 428: (121.16793, 31.131743)
2025-07-12 00:54:36,972 - INFO - 📈 进度: 426/3931 (10.8%)
2025-07-12 00:54:37,852 - WARNING - ⚠️ API返回错误: 天配额超限，限制访问
2025-07-12 00:54:37,864 - INFO - 🔄 正在处理记录 429: (121.166798, 31.149652)
2025-07-12 00:54:37,864 - INFO - 📈 进度: 427/3931 (10.9%)
2025-07-12 00:54:38,957 - INFO - ✅ API调用成功: 121.504481, 31.296572 -> 虹口区
2025-07-12 00:54:38,968 - INFO - 🔄 正在处理记录 430: (121.464885, 31.223098)
2025-07-12 00:54:38,968 - INFO - 📈 进度: 428/3931 (10.9%)
2025-07-12 00:54:39,893 - INFO - ✅ API调用成功: 121.16793, 31.131743 -> 青浦区
2025-07-12 00:54:39,907 - INFO - 🔄 正在处理记录 431: (121.48852, 31.162338)
2025-07-12 00:54:39,907 - INFO - 📈 进度: 429/3931 (10.9%)
2025-07-12 00:54:40,900 - WARNING - ⚠️ API返回错误: 天配额超限，限制访问
2025-07-12 00:54:40,918 - INFO - 🔄 正在处理记录 432: (121.044271, 31.106958)
2025-07-12 00:54:40,930 - INFO - ✅ 写入 10 条结果到 /Users/songdingan/Downloads/detect_bus/final_station_ranking_with_district.csv
2025-07-12 00:54:40,930 - INFO - 📈 进度: 430/3931 (10.9%)
2025-07-12 00:54:41,916 - INFO - ✅ API调用成功: 121.464885, 31.223098 -> 徐汇区
2025-07-12 00:54:41,931 - INFO - 🔄 正在处理记录 433: (121.281596, 31.469507)
2025-07-12 00:54:41,931 - INFO - 📈 进度: 431/3931 (11.0%)
2025-07-12 00:54:42,905 - WARNING - ⚠️ API返回错误: 天配额超限，限制访问
2025-07-12 00:54:42,922 - INFO - 🔄 正在处理记录 434: (121.530297, 31.043632)
2025-07-12 00:54:43,913 - WARNING - ⚠️ API返回错误: 天配额超限，限制访问
2025-07-12 00:54:43,927 - INFO - 🔄 正在处理记录 435: (121.511806, 31.309977)
2025-07-12 00:54:44,911 - WARNING - ⚠️ API返回错误: 天配额超限，限制访问
2025-07-12 00:54:44,928 - INFO - 🔄 正在处理记录 436: (121.356503, 31.239685)
2025-07-12 00:54:45,891 - WARNING - ⚠️ API返回错误: 天配额超限，限制访问
2025-07-12 00:54:45,914 - INFO - 🔄 正在处理记录 437: (121.206972, 31.282231)
2025-07-12 00:54:47,170 - INFO - ✅ API调用成功: 121.511806, 31.309977 -> 杨浦区
2025-07-12 00:54:47,186 - INFO - 🔄 正在处理记录 438: (121.534208, 31.318529)
2025-07-12 00:54:47,921 - WARNING - ⚠️ API返回错误: 天配额超限，限制访问
2025-07-12 00:54:47,928 - INFO - 🔄 正在处理记录 439: (121.243483, 31.037147)
2025-07-12 00:54:48,918 - WARNING - ⚠️ API返回错误: 天配额超限，限制访问
2025-07-12 00:54:48,930 - INFO - 🔄 正在处理记录 440: (121.239954, 31.015348)
2025-07-12 00:54:49,924 - WARNING - ⚠️ API返回错误: 天配额超限，限制访问
2025-07-12 00:54:49,941 - INFO - 🔄 正在处理记录 441: (121.33632, 31.086151)
2025-07-12 00:55:58,660 - INFO - 🚀 开始运行区域信息获取程序...
2025-07-12 00:55:58,661 - INFO - 📂 正在加载数据: /Users/songdingan/Downloads/detect_bus/final_station_ranking.csv
2025-07-12 00:55:58,678 - INFO - ✅ 数据加载成功!
2025-07-12 00:55:58,678 - INFO -    - 样本数量: 3931
2025-07-12 00:55:58,678 - INFO -    - 列名: ['rank', 'station_name', 'comprehensive_score', 'score_std', 'longitude', 'latitude', 'Safety and Comfort in Waiting Areas_score', 'Information Accessibility_score', 'Barrier-free Access_score']
2025-07-12 00:55:58,678 - INFO - 🚀 开始并发处理...
2025-07-12 00:55:58,681 - INFO - 📈 加载进度文件: 已处理 439 条记录
2025-07-12 00:55:58,682 - INFO - 📊 待处理记录数: 3492
2025-07-12 00:55:58,682 - INFO - 🔄 正在处理记录 439: (121.243483, 31.037147)
2025-07-12 00:55:58,682 - INFO - 🔄 正在处理记录 440: (121.239954, 31.015348)
2025-07-12 00:55:58,683 - INFO - 🔄 正在处理记录 441: (121.33632, 31.086151)
2025-07-12 00:55:58,683 - INFO - 🔄 正在处理记录 442: (121.562321, 31.317183)
2025-07-12 00:55:58,684 - INFO - 🔄 正在处理记录 443: (121.444852, 31.186394)
2025-07-12 00:55:58,684 - INFO - 🔄 正在处理记录 444: (121.453611, 31.235918)
2025-07-12 00:55:58,684 - INFO - 🔄 正在处理记录 445: (121.399552, 31.628384)
2025-07-12 00:55:58,684 - INFO - 🔄 正在处理记录 446: (121.428618, 31.176563)
2025-07-12 00:55:58,685 - INFO - 🔄 正在处理记录 447: (121.182235, 31.0257)
2025-07-12 00:55:58,685 - INFO - 🔄 正在处理记录 448: (121.152176, 31.295407)
2025-07-12 00:55:58,685 - INFO - 🔄 正在处理记录 449: (121.693964, 31.024867)
2025-07-12 00:55:58,685 - INFO - 🔄 正在处理记录 450: (121.1991, 31.012339)
2025-07-12 00:55:58,685 - INFO - 🔄 正在处理记录 451: (121.51833, 31.321398)
2025-07-12 00:55:58,686 - INFO - 🔄 正在处理记录 452: (121.098113, 31.162929)
2025-07-12 00:55:58,686 - INFO - 🔄 正在处理记录 453: (121.241545, 31.386672)
2025-07-12 00:55:58,686 - INFO - 🔄 正在处理记录 454: (121.277113, 31.418253)
2025-07-12 00:55:58,686 - INFO - 🔄 正在处理记录 455: (121.292286, 31.189097)
2025-07-12 00:55:58,686 - INFO - 🔄 正在处理记录 456: (121.309457, 31.167676)
2025-07-12 00:55:58,686 - INFO - 🔄 正在处理记录 457: (121.286084, 30.79709)
2025-07-12 00:55:58,687 - INFO - 🔄 正在处理记录 458: (121.441724, 31.231765)
2025-07-12 00:55:58,687 - INFO - 🔄 正在处理记录 459: (121.31553, 30.887263)
2025-07-12 00:55:58,687 - INFO - 🔄 正在处理记录 460: (121.211986, 31.216059)
2025-07-12 00:55:58,687 - INFO - 🔄 正在处理记录 461: (121.202733, 31.182225)
2025-07-12 00:55:58,687 - INFO - 🔄 正在处理记录 462: (121.574059, 31.343935)
2025-07-12 00:55:58,687 - INFO - 🔄 正在处理记录 463: (121.393076, 31.152361)
2025-07-12 00:55:58,688 - INFO - 🔄 正在处理记录 464: (121.35436, 31.213961)
2025-07-12 00:55:58,688 - INFO - 🔄 正在处理记录 465: (121.463855, 31.246231)
2025-07-12 00:55:58,689 - INFO - 🔄 正在处理记录 466: (121.432104, 30.906424)
2025-07-12 00:55:58,689 - INFO - 🔄 正在处理记录 467: (121.332456, 30.719635)
2025-07-12 00:55:58,689 - INFO - 🔄 正在处理记录 468: (121.367304, 31.122156)
2025-07-12 00:55:58,689 - INFO - 🔄 正在处理记录 469: (121.205164, 30.990661)
2025-07-12 00:55:58,690 - INFO - 🔄 正在处理记录 470: (121.214359, 31.005888)
2025-07-12 00:55:58,690 - INFO - 🔄 正在处理记录 471: (121.089886, 31.140065)
2025-07-12 00:55:58,690 - INFO - 🔄 正在处理记录 472: (121.232443, 31.106791)
2025-07-12 00:55:58,690 - INFO - 🔄 正在处理记录 473: (121.286481, 31.437287)
2025-07-12 00:55:58,690 - INFO - 🔄 正在处理记录 474: (121.574285, 31.278106)
2025-07-12 00:55:58,690 - INFO - 🔄 正在处理记录 475: (121.487613, 31.198831)
2025-07-12 00:55:58,691 - INFO - 🔄 正在处理记录 476: (121.342802, 31.283394)
2025-07-12 00:55:58,691 - INFO - 🔄 正在处理记录 477: (121.324687, 30.884863)
2025-07-12 00:55:58,691 - INFO - 🔄 正在处理记录 478: (121.336559, 30.742787)
2025-07-12 00:55:58,815 - WARNING - ⚠️ API返回错误: APP不存在，AK有误请检查再重试
2025-07-12 00:55:58,828 - INFO - 🔄 正在处理记录 479: (121.242481, 30.882086)
2025-07-12 00:55:58,828 - INFO - 📈 进度: 1/3492 (0.0%)
2025-07-12 00:55:59,765 - WARNING - ⚠️ API返回错误: APP不存在，AK有误请检查再重试
2025-07-12 00:55:59,769 - INFO - 🔄 正在处理记录 480: (121.217848, 30.996739)
2025-07-12 00:55:59,769 - INFO - 📈 进度: 2/3492 (0.1%)
2025-07-12 00:56:00,772 - WARNING - ⚠️ API返回错误: APP不存在，AK有误请检查再重试
2025-07-12 00:56:00,781 - INFO - 🔄 正在处理记录 481: (121.422717, 31.186043)
2025-07-12 00:56:00,781 - INFO - 📈 进度: 3/3492 (0.1%)
2025-07-12 00:56:01,776 - WARNING - ⚠️ API返回错误: APP不存在，AK有误请检查再重试
2025-07-12 00:56:01,783 - INFO - 🔄 正在处理记录 482: (121.206738, 31.061988)
2025-07-12 00:56:01,783 - INFO - 📈 进度: 4/3492 (0.1%)
2025-07-12 00:56:02,793 - WARNING - ⚠️ API返回错误: APP不存在，AK有误请检查再重试
2025-07-12 00:56:02,798 - INFO - 🔄 正在处理记录 483: (121.1051, 31.155431)
2025-07-12 00:56:02,798 - INFO - 📈 进度: 5/3492 (0.1%)
2025-07-12 00:56:03,779 - WARNING - ⚠️ API返回错误: APP不存在，AK有误请检查再重试
2025-07-12 00:56:03,794 - INFO - 🔄 正在处理记录 484: (121.097961, 31.19956)
2025-07-12 00:56:03,794 - INFO - 📈 进度: 6/3492 (0.2%)
2025-07-12 00:56:04,782 - WARNING - ⚠️ API返回错误: APP不存在，AK有误请检查再重试
2025-07-12 00:56:04,787 - INFO - 🔄 正在处理记录 485: (121.471842, 31.226974)
2025-07-12 00:56:04,788 - INFO - 📈 进度: 7/3492 (0.2%)
2025-07-12 00:56:05,784 - WARNING - ⚠️ API返回错误: APP不存在，AK有误请检查再重试
2025-07-12 00:56:05,789 - INFO - 🔄 正在处理记录 486: (121.432457, 31.019562)
2025-07-12 00:56:05,789 - INFO - 📈 进度: 8/3492 (0.2%)
2025-07-12 00:56:06,790 - WARNING - ⚠️ API返回错误: APP不存在，AK有误请检查再重试
2025-07-12 00:56:06,797 - INFO - 🔄 正在处理记录 487: (121.188993, 31.1018)
2025-07-12 00:56:06,797 - INFO - 📈 进度: 9/3492 (0.3%)
2025-07-12 00:56:07,812 - WARNING - ⚠️ API返回错误: APP不存在，AK有误请检查再重试
2025-07-12 00:56:07,819 - INFO - 🔄 正在处理记录 488: (121.198217, 31.051408)
2025-07-12 00:56:07,825 - INFO - ✅ 写入 10 条结果到 /Users/songdingan/Downloads/detect_bus/final_station_ranking_with_district.csv
2025-07-12 00:56:07,825 - INFO - 📈 进度: 10/3492 (0.3%)
2025-07-12 00:56:08,797 - WARNING - ⚠️ API返回错误: APP不存在，AK有误请检查再重试
2025-07-12 00:56:08,803 - INFO - 🔄 正在处理记录 489: (121.474704, 31.227186)
2025-07-12 00:56:08,803 - INFO - 📈 进度: 11/3492 (0.3%)
2025-07-12 00:56:09,816 - WARNING - ⚠️ API返回错误: APP不存在，AK有误请检查再重试
2025-07-12 00:56:09,821 - INFO - 🔄 正在处理记录 490: (121.248723, 31.398479)
2025-07-12 00:56:09,821 - INFO - 📈 进度: 12/3492 (0.3%)
2025-07-12 00:56:10,801 - WARNING - ⚠️ API返回错误: APP不存在，AK有误请检查再重试
2025-07-12 00:56:10,820 - INFO - 🔄 正在处理记录 491: (121.462668, 31.228405)
2025-07-12 00:56:10,820 - INFO - 📈 进度: 13/3492 (0.4%)
2025-07-12 00:56:11,814 - WARNING - ⚠️ API返回错误: APP不存在，AK有误请检查再重试
2025-07-12 00:56:11,833 - INFO - 🔄 正在处理记录 492: (121.282221, 31.187408)
2025-07-12 00:56:11,833 - INFO - 📈 进度: 14/3492 (0.4%)
2025-07-12 00:56:12,793 - WARNING - ⚠️ API返回错误: APP不存在，AK有误请检查再重试
2025-07-12 00:56:12,799 - INFO - 🔄 正在处理记录 493: (121.548848, 31.208464)
2025-07-12 00:56:12,799 - INFO - 📈 进度: 15/3492 (0.4%)
2025-07-12 00:56:13,813 - WARNING - ⚠️ API返回错误: APP不存在，AK有误请检查再重试
2025-07-12 00:56:13,821 - INFO - 🔄 正在处理记录 494: (121.545608, 31.208105)
2025-07-12 00:56:13,821 - INFO - 📈 进度: 16/3492 (0.5%)
2025-07-12 00:56:14,810 - WARNING - ⚠️ API返回错误: APP不存在，AK有误请检查再重试
2025-07-12 00:56:14,820 - INFO - 🔄 正在处理记录 495: (121.222622, 31.017343)
2025-07-12 00:56:14,821 - INFO - 📈 进度: 17/3492 (0.5%)
2025-07-12 00:56:15,823 - WARNING - ⚠️ API返回错误: APP不存在，AK有误请检查再重试
2025-07-12 00:56:15,830 - INFO - 🔄 正在处理记录 496: (121.438927, 31.271751)
2025-07-12 00:56:15,830 - INFO - 📈 进度: 18/3492 (0.5%)
2025-07-12 00:56:17,001 - WARNING - ⚠️ API返回错误: APP不存在，AK有误请检查再重试
2025-07-12 00:56:17,021 - INFO - 🔄 正在处理记录 497: (121.61385, 31.15726)
2025-07-12 00:57:52,024 - INFO - 🚀 开始运行区域信息获取程序...
2025-07-12 00:57:52,024 - INFO - 📂 正在加载数据: /Users/songdingan/Downloads/detect_bus/final_station_ranking.csv
2025-07-12 00:57:52,033 - INFO - ✅ 数据加载成功!
2025-07-12 00:57:52,033 - INFO -    - 样本数量: 3931
2025-07-12 00:57:52,033 - INFO -    - 列名: ['rank', 'station_name', 'comprehensive_score', 'score_std', 'longitude', 'latitude', 'Safety and Comfort in Waiting Areas_score', 'Information Accessibility_score', 'Barrier-free Access_score']
2025-07-12 00:57:52,033 - INFO - 🚀 开始并发处理...
2025-07-12 00:57:52,035 - INFO - 📈 加载进度文件: 已处理 458 条记录
2025-07-12 00:57:52,036 - INFO - 📊 待处理记录数: 3473
2025-07-12 00:57:52,036 - INFO - 🔄 正在处理记录 458: (121.441724, 31.231765)
2025-07-12 00:57:52,036 - INFO - 🔄 正在处理记录 459: (121.31553, 30.887263)
2025-07-12 00:57:52,036 - INFO - 🔄 正在处理记录 460: (121.211986, 31.216059)
2025-07-12 00:57:52,036 - INFO - 🔄 正在处理记录 461: (121.202733, 31.182225)
2025-07-12 00:57:52,036 - INFO - 🔄 正在处理记录 462: (121.574059, 31.343935)
2025-07-12 00:57:52,037 - INFO - 🔄 正在处理记录 463: (121.393076, 31.152361)
2025-07-12 00:57:52,037 - INFO - 🔄 正在处理记录 464: (121.35436, 31.213961)
2025-07-12 00:57:52,037 - INFO - 🔄 正在处理记录 465: (121.463855, 31.246231)
2025-07-12 00:57:52,037 - INFO - 🔄 正在处理记录 466: (121.432104, 30.906424)
2025-07-12 00:57:52,037 - INFO - 🔄 正在处理记录 467: (121.332456, 30.719635)
2025-07-12 00:57:52,037 - INFO - 🔄 正在处理记录 468: (121.367304, 31.122156)
2025-07-12 00:57:52,037 - INFO - 🔄 正在处理记录 469: (121.205164, 30.990661)
2025-07-12 00:57:52,037 - INFO - 🔄 正在处理记录 470: (121.214359, 31.005888)
2025-07-12 00:57:52,037 - INFO - 🔄 正在处理记录 471: (121.089886, 31.140065)
2025-07-12 00:57:52,037 - INFO - 🔄 正在处理记录 472: (121.232443, 31.106791)
2025-07-12 00:57:52,038 - INFO - 🔄 正在处理记录 473: (121.286481, 31.437287)
2025-07-12 00:57:52,038 - INFO - 🔄 正在处理记录 474: (121.574285, 31.278106)
2025-07-12 00:57:52,038 - INFO - 🔄 正在处理记录 475: (121.487613, 31.198831)
2025-07-12 00:57:52,038 - INFO - 🔄 正在处理记录 476: (121.342802, 31.283394)
2025-07-12 00:57:52,038 - INFO - 🔄 正在处理记录 477: (121.324687, 30.884863)
2025-07-12 00:57:52,038 - INFO - 🔄 正在处理记录 478: (121.336559, 30.742787)
2025-07-12 00:57:52,039 - INFO - 🔄 正在处理记录 479: (121.242481, 30.882086)
2025-07-12 00:57:52,039 - INFO - 🔄 正在处理记录 480: (121.217848, 30.996739)
2025-07-12 00:57:52,039 - INFO - 🔄 正在处理记录 481: (121.422717, 31.186043)
2025-07-12 00:57:52,039 - INFO - 🔄 正在处理记录 482: (121.206738, 31.061988)
2025-07-12 00:57:52,039 - INFO - 🔄 正在处理记录 483: (121.1051, 31.155431)
2025-07-12 00:57:52,040 - INFO - 🔄 正在处理记录 484: (121.097961, 31.19956)
2025-07-12 00:57:52,040 - INFO - 🔄 正在处理记录 485: (121.471842, 31.226974)
2025-07-12 00:57:52,040 - INFO - 🔄 正在处理记录 486: (121.432457, 31.019562)
2025-07-12 00:57:52,040 - INFO - 🔄 正在处理记录 487: (121.188993, 31.1018)
2025-07-12 00:57:52,040 - INFO - 🔄 正在处理记录 488: (121.198217, 31.051408)
2025-07-12 00:57:52,040 - INFO - 🔄 正在处理记录 489: (121.474704, 31.227186)
2025-07-12 00:57:52,040 - INFO - 🔄 正在处理记录 490: (121.248723, 31.398479)
2025-07-12 00:57:52,040 - INFO - 🔄 正在处理记录 491: (121.462668, 31.228405)
2025-07-12 00:57:52,040 - INFO - 🔄 正在处理记录 492: (121.282221, 31.187408)
2025-07-12 00:57:52,041 - INFO - 🔄 正在处理记录 493: (121.548848, 31.208464)
2025-07-12 00:57:52,041 - INFO - 🔄 正在处理记录 494: (121.545608, 31.208105)
2025-07-12 00:57:52,041 - INFO - 🔄 正在处理记录 495: (121.222622, 31.017343)
2025-07-12 00:57:52,041 - INFO - 🔄 正在处理记录 496: (121.438927, 31.271751)
2025-07-12 00:57:52,041 - INFO - 🔄 正在处理记录 497: (121.61385, 31.15726)
2025-07-12 00:57:52,229 - INFO - ✅ API调用成功: 121.441724, 31.231765 -> 静安区
2025-07-12 00:57:52,236 - INFO - 🔄 正在处理记录 498: (121.502659, 30.97893)
2025-07-12 00:57:52,236 - INFO - 📈 进度: 1/3473 (0.0%)
2025-07-12 00:57:53,282 - INFO - ✅ API调用成功: 121.31553, 30.887263 -> 金山区
2025-07-12 00:57:53,286 - INFO - 🔄 正在处理记录 499: (121.04373, 31.108205)
2025-07-12 00:57:53,286 - INFO - 📈 进度: 2/3473 (0.1%)
2025-07-12 00:57:54,169 - INFO - ✅ API调用成功: 121.211986, 31.216059 -> 青浦区
2025-07-12 00:57:54,177 - INFO - 🔄 正在处理记录 500: (121.23951, 31.198702)
2025-07-12 00:57:54,177 - INFO - 📈 进度: 3/3473 (0.1%)
2025-07-12 00:57:55,179 - INFO - ✅ API调用成功: 121.202733, 31.182225 -> 青浦区
2025-07-12 00:57:55,184 - INFO - 🔄 正在处理记录 501: (121.512297, 30.922879)
2025-07-12 00:57:55,184 - INFO - 📈 进度: 4/3473 (0.1%)
2025-07-12 00:57:56,188 - INFO - ✅ API调用成功: 121.574059, 31.343935 -> 浦东新区
2025-07-12 00:57:56,204 - INFO - 🔄 正在处理记录 502: (121.172114, 31.062341)
2025-07-12 00:57:56,204 - INFO - 📈 进度: 5/3473 (0.1%)
2025-07-12 00:57:57,218 - INFO - ✅ API调用成功: 121.393076, 31.152361 -> 闵行区
2025-07-12 00:57:57,224 - INFO - 🔄 正在处理记录 503: (121.095514, 31.152637)
2025-07-12 00:57:57,224 - INFO - 📈 进度: 6/3473 (0.2%)
2025-07-12 00:57:58,159 - INFO - ✅ API调用成功: 121.35436, 31.213961 -> 长宁区
2025-07-12 00:57:58,164 - INFO - 🔄 正在处理记录 504: (121.20769, 31.039421)
2025-07-12 00:57:58,164 - INFO - 📈 进度: 7/3473 (0.2%)
2025-07-12 00:57:59,227 - INFO - ✅ API调用成功: 121.463855, 31.246231 -> 静安区
2025-07-12 00:57:59,234 - INFO - 🔄 正在处理记录 505: (121.223087, 31.026409)
2025-07-12 00:57:59,234 - INFO - 📈 进度: 8/3473 (0.2%)
2025-07-12 00:58:00,200 - INFO - ✅ API调用成功: 121.432104, 30.906424 -> 奉贤区
2025-07-12 00:58:00,207 - INFO - 🔄 正在处理记录 506: (121.35826, 31.215923)
2025-07-12 00:58:00,208 - INFO - 📈 进度: 9/3473 (0.3%)
2025-07-12 00:58:01,378 - INFO - ✅ API调用成功: 121.332456, 30.719635 -> 金山区
2025-07-12 00:58:01,386 - INFO - 🔄 正在处理记录 507: (121.234381, 31.374339)
2025-07-12 00:58:01,391 - INFO - ✅ 写入 10 条结果到 /Users/songdingan/Downloads/detect_bus/final_station_ranking_with_district.csv
2025-07-12 00:58:01,392 - INFO - 📈 进度: 10/3473 (0.3%)
2025-07-12 00:58:02,234 - INFO - ✅ API调用成功: 121.367304, 31.122156 -> 闵行区
2025-07-12 00:58:02,238 - INFO - 🔄 正在处理记录 508: (121.346837, 31.237823)
2025-07-12 00:58:02,238 - INFO - 📈 进度: 11/3473 (0.3%)
2025-07-12 00:58:03,200 - INFO - ✅ API调用成功: 121.205164, 30.990661 -> 松江区
2025-07-12 00:58:03,214 - INFO - 🔄 正在处理记录 509: (121.456059, 30.938251)
2025-07-12 00:58:03,214 - INFO - 📈 进度: 12/3473 (0.3%)
2025-07-12 00:58:04,206 - INFO - ✅ API调用成功: 121.214359, 31.005888 -> 松江区
2025-07-12 00:58:04,214 - INFO - 🔄 正在处理记录 510: (121.167292, 31.158024)
2025-07-12 00:58:04,215 - INFO - 📈 进度: 13/3473 (0.4%)
2025-07-12 00:58:05,215 - INFO - ✅ API调用成功: 121.089886, 31.140065 -> 青浦区
2025-07-12 00:58:05,224 - INFO - 🔄 正在处理记录 511: (121.387702, 30.807772)
2025-07-12 00:58:05,224 - INFO - 📈 进度: 14/3473 (0.4%)
2025-07-12 00:58:06,199 - INFO - ✅ API调用成功: 121.232443, 31.106791 -> 松江区
2025-07-12 00:58:06,202 - INFO - 🔄 正在处理记录 512: (121.817404, 30.87703)
2025-07-12 00:58:06,202 - INFO - 📈 进度: 15/3473 (0.4%)
2025-07-12 00:58:07,229 - INFO - ✅ API调用成功: 121.286481, 31.437287 -> 嘉定区
2025-07-12 00:58:07,250 - INFO - 🔄 正在处理记录 513: (121.501139, 31.12792)
2025-07-12 00:58:07,250 - INFO - 📈 进度: 16/3473 (0.5%)
2025-07-12 00:58:08,234 - INFO - ✅ API调用成功: 121.574285, 31.278106 -> 浦东新区
2025-07-12 00:58:08,239 - INFO - 🔄 正在处理记录 514: (121.351951, 31.212719)
2025-07-12 00:58:08,239 - INFO - 📈 进度: 17/3473 (0.5%)
2025-07-12 00:58:10,210 - INFO - ✅ API调用成功: 121.342802, 31.283394 -> 普陀区
2025-07-12 00:58:10,217 - INFO - 🔄 正在处理记录 515: (121.49813, 31.27798)
2025-07-12 00:58:10,217 - INFO - 📈 进度: 18/3473 (0.5%)
2025-07-12 00:58:10,230 - INFO - ✅ API调用成功: 121.487613, 31.198831 -> 黄浦区
2025-07-12 00:58:10,259 - INFO - 🔄 正在处理记录 516: (121.451301, 31.319606)
2025-07-12 00:58:10,259 - INFO - 📈 进度: 19/3473 (0.5%)
2025-07-12 00:58:11,244 - INFO - ✅ API调用成功: 121.324687, 30.884863 -> 金山区
2025-07-12 00:58:11,249 - INFO - 🔄 正在处理记录 517: (121.540003, 31.330028)
2025-07-12 00:58:11,252 - INFO - ✅ 写入 10 条结果到 /Users/songdingan/Downloads/detect_bus/final_station_ranking_with_district.csv
2025-07-12 00:58:11,252 - INFO - 📈 进度: 20/3473 (0.6%)
2025-07-12 00:58:12,246 - INFO - ✅ API调用成功: 121.336559, 30.742787 -> 金山区
2025-07-12 00:58:12,247 - INFO - 🔄 正在处理记录 518: (121.457934, 31.230228)
2025-07-12 00:58:12,247 - INFO - 📈 进度: 21/3473 (0.6%)
2025-07-12 00:58:13,229 - INFO - ✅ API调用成功: 121.242481, 30.882086 -> 金山区
2025-07-12 00:58:13,234 - INFO - 🔄 正在处理记录 519: (121.533512, 31.049226)
2025-07-12 00:58:13,234 - INFO - 📈 进度: 22/3473 (0.6%)
2025-07-12 00:58:14,280 - INFO - ✅ API调用成功: 121.217848, 30.996739 -> 松江区
2025-07-12 00:58:14,288 - INFO - 🔄 正在处理记录 520: (121.223872, 31.243167)
2025-07-12 00:58:14,289 - INFO - 📈 进度: 23/3473 (0.7%)
2025-07-12 00:58:15,245 - INFO - ✅ API调用成功: 121.422717, 31.186043 -> 徐汇区
2025-07-12 00:58:15,264 - INFO - 🔄 正在处理记录 521: (121.210996, 31.034372)
2025-07-12 00:58:15,264 - INFO - 📈 进度: 24/3473 (0.7%)
2025-07-12 00:58:16,260 - INFO - ✅ API调用成功: 121.206738, 31.061988 -> 松江区
2025-07-12 00:58:16,265 - INFO - 🔄 正在处理记录 522: (121.250798, 31.036287)
2025-07-12 00:58:16,265 - INFO - 📈 进度: 25/3473 (0.7%)
2025-07-12 00:58:17,264 - INFO - ✅ API调用成功: 121.1051, 31.155431 -> 青浦区
2025-07-12 00:58:17,269 - INFO - 🔄 正在处理记录 523: (121.212971, 31.039931)
2025-07-12 00:58:17,270 - INFO - 📈 进度: 26/3473 (0.7%)
2025-07-12 00:58:18,299 - INFO - ✅ API调用成功: 121.097961, 31.19956 -> 青浦区
2025-07-12 00:58:18,304 - INFO - 🔄 正在处理记录 524: (121.552189, 31.273895)
2025-07-12 00:58:18,304 - INFO - 📈 进度: 27/3473 (0.8%)
2025-07-12 00:58:19,272 - INFO - ✅ API调用成功: 121.471842, 31.226974 -> 黄浦区
2025-07-12 00:58:19,279 - INFO - 🔄 正在处理记录 525: (121.250891, 31.008253)
2025-07-12 00:58:19,279 - INFO - 📈 进度: 28/3473 (0.8%)
2025-07-12 00:58:20,288 - INFO - ✅ API调用成功: 121.432457, 31.019562 -> 闵行区
2025-07-12 00:58:20,292 - INFO - 🔄 正在处理记录 526: (121.40357, 31.630446)
2025-07-12 00:58:20,292 - INFO - 📈 进度: 29/3473 (0.8%)
2025-07-12 00:58:21,253 - INFO - ✅ API调用成功: 121.188993, 31.1018 -> 松江区
2025-07-12 00:58:21,256 - INFO - 🔄 正在处理记录 527: (121.403349, 31.177907)
2025-07-12 00:58:21,273 - INFO - ✅ 写入 10 条结果到 /Users/songdingan/Downloads/detect_bus/final_station_ranking_with_district.csv
2025-07-12 00:58:21,273 - INFO - 📈 进度: 30/3473 (0.9%)
2025-07-12 00:58:22,386 - INFO - ✅ API调用成功: 121.198217, 31.051408 -> 松江区
2025-07-12 00:58:22,390 - INFO - 🔄 正在处理记录 528: (121.16662, 31.27539)
2025-07-12 00:58:22,390 - INFO - 📈 进度: 31/3473 (0.9%)
2025-07-12 00:58:23,264 - INFO - ✅ API调用成功: 121.474704, 31.227186 -> 黄浦区
2025-07-12 00:58:23,269 - INFO - 🔄 正在处理记录 529: (121.092586, 31.16226)
2025-07-12 00:58:23,269 - INFO - 📈 进度: 32/3473 (0.9%)
2025-07-12 00:58:24,286 - INFO - ✅ API调用成功: 121.248723, 31.398479 -> 嘉定区
2025-07-12 00:58:24,291 - INFO - 🔄 正在处理记录 530: (121.112225, 31.151636)
2025-07-12 00:58:24,291 - INFO - 📈 进度: 33/3473 (1.0%)
2025-07-12 00:58:25,710 - INFO - ✅ API调用成功: 121.462668, 31.228405 -> 静安区
2025-07-12 00:58:25,714 - INFO - 🔄 正在处理记录 531: (121.29388, 31.189005)
2025-07-12 00:58:25,714 - INFO - 📈 进度: 34/3473 (1.0%)
2025-07-12 00:58:26,269 - INFO - ✅ API调用成功: 121.282221, 31.187408 -> 青浦区
2025-07-12 00:58:26,273 - INFO - 🔄 正在处理记录 532: (121.732252, 31.130773)
2025-07-12 00:58:26,273 - INFO - 📈 进度: 35/3473 (1.0%)
2025-07-12 00:58:27,284 - INFO - ✅ API调用成功: 121.548848, 31.208464 -> 浦东新区
2025-07-12 00:58:27,289 - INFO - 🔄 正在处理记录 533: (121.431576, 31.213028)
2025-07-12 00:58:27,289 - INFO - 📈 进度: 36/3473 (1.0%)
2025-07-12 00:58:28,351 - INFO - ✅ API调用成功: 121.545608, 31.208105 -> 浦东新区
2025-07-12 00:58:28,357 - INFO - 🔄 正在处理记录 534: (121.418123, 31.238391)
2025-07-12 00:58:28,357 - INFO - 📈 进度: 37/3473 (1.1%)
2025-07-12 00:58:29,300 - INFO - ✅ API调用成功: 121.222622, 31.017343 -> 松江区
2025-07-12 00:58:29,305 - INFO - 🔄 正在处理记录 535: (121.306582, 31.177437)
2025-07-12 00:58:29,306 - INFO - 📈 进度: 38/3473 (1.1%)
2025-07-12 00:58:30,301 - INFO - ✅ API调用成功: 121.438927, 31.271751 -> 普陀区
2025-07-12 00:58:30,319 - INFO - 🔄 正在处理记录 536: (121.317049, 31.074304)
2025-07-12 00:58:30,319 - INFO - 📈 进度: 39/3473 (1.1%)
2025-07-12 00:58:31,288 - INFO - ✅ API调用成功: 121.61385, 31.15726 -> 浦东新区
2025-07-12 00:58:31,291 - INFO - 🔄 正在处理记录 537: (121.33826, 31.08228)
2025-07-12 00:58:31,304 - INFO - ✅ 写入 10 条结果到 /Users/songdingan/Downloads/detect_bus/final_station_ranking_with_district.csv
2025-07-12 00:58:31,304 - INFO - 📈 进度: 40/3473 (1.2%)
2025-07-12 00:58:32,313 - INFO - ✅ API调用成功: 121.502659, 30.97893 -> 奉贤区
2025-07-12 00:58:32,319 - INFO - 🔄 正在处理记录 538: (121.353955, 31.217411)
2025-07-12 00:58:32,320 - INFO - 📈 进度: 41/3473 (1.2%)
2025-07-12 00:58:33,319 - INFO - ✅ API调用成功: 121.04373, 31.108205 -> 青浦区
2025-07-12 00:58:33,324 - INFO - 🔄 正在处理记录 539: (121.422693, 30.905061)
2025-07-12 00:58:33,324 - INFO - 📈 进度: 42/3473 (1.2%)
2025-07-12 00:58:34,330 - INFO - ✅ API调用成功: 121.23951, 31.198702 -> 青浦区
2025-07-12 00:58:34,338 - INFO - 🔄 正在处理记录 540: (121.424272, 31.200357)
2025-07-12 00:58:34,338 - INFO - 📈 进度: 43/3473 (1.2%)
2025-07-12 00:58:35,332 - INFO - ✅ API调用成功: 121.512297, 30.922879 -> 奉贤区
2025-07-12 00:58:35,341 - INFO - 🔄 正在处理记录 541: (121.744693, 31.054133)
2025-07-12 00:58:35,341 - INFO - 📈 进度: 44/3473 (1.3%)
2025-07-12 00:58:36,407 - INFO - ✅ API调用成功: 121.172114, 31.062341 -> 松江区
2025-07-12 00:58:36,423 - INFO - 🔄 正在处理记录 542: (121.288071, 30.931773)
2025-07-12 00:58:36,423 - INFO - 📈 进度: 45/3473 (1.3%)
2025-07-12 00:58:37,336 - INFO - ✅ API调用成功: 121.095514, 31.152637 -> 青浦区
2025-07-12 00:58:37,340 - INFO - 🔄 正在处理记录 543: (121.222622, 31.017343)
2025-07-12 00:58:37,340 - INFO - 📈 进度: 46/3473 (1.3%)
2025-07-12 00:58:38,316 - INFO - ✅ API调用成功: 121.20769, 31.039421 -> 松江区
2025-07-12 00:58:38,320 - INFO - 🔄 正在处理记录 544: (121.150977, 31.167505)
2025-07-12 00:58:38,320 - INFO - 📈 进度: 47/3473 (1.4%)
2025-07-12 00:58:39,327 - INFO - ✅ API调用成功: 121.223087, 31.026409 -> 松江区
2025-07-12 00:58:39,333 - INFO - 🔄 正在处理记录 545: (121.292193, 31.438551)
2025-07-12 00:58:39,333 - INFO - 📈 进度: 48/3473 (1.4%)
2025-07-12 00:58:40,323 - INFO - ✅ API调用成功: 121.35826, 31.215923 -> 长宁区
2025-07-12 00:58:40,327 - INFO - 🔄 正在处理记录 546: (121.478512, 31.084731)
2025-07-12 00:58:40,328 - INFO - 📈 进度: 49/3473 (1.4%)
2025-07-12 00:58:41,341 - INFO - ✅ API调用成功: 121.234381, 31.374339 -> 嘉定区
2025-07-12 00:58:41,345 - INFO - 🔄 正在处理记录 547: (121.289815, 31.446388)
2025-07-12 00:58:41,354 - INFO - ✅ 写入 10 条结果到 /Users/songdingan/Downloads/detect_bus/final_station_ranking_with_district.csv
2025-07-12 00:58:41,354 - INFO - 📈 进度: 50/3473 (1.4%)
2025-07-12 00:58:42,339 - INFO - ✅ API调用成功: 121.346837, 31.237823 -> 闵行区
2025-07-12 00:58:42,347 - INFO - 🔄 正在处理记录 548: (121.34155, 30.719495)
2025-07-12 00:58:42,347 - INFO - 📈 进度: 51/3473 (1.5%)
2025-07-12 00:58:43,321 - INFO - ✅ API调用成功: 121.456059, 30.938251 -> 奉贤区
2025-07-12 00:58:43,327 - INFO - 🔄 正在处理记录 549: (121.680829, 31.550769)
2025-07-12 00:58:43,327 - INFO - 📈 进度: 52/3473 (1.5%)
2025-07-12 00:58:44,349 - INFO - ✅ API调用成功: 121.167292, 31.158024 -> 青浦区
2025-07-12 00:58:44,355 - INFO - 🔄 正在处理记录 550: (121.225999, 31.188072)
2025-07-12 00:58:44,355 - INFO - 📈 进度: 53/3473 (1.5%)
2025-07-12 00:58:45,348 - INFO - ✅ API调用成功: 121.387702, 30.807772 -> 金山区
2025-07-12 00:58:45,368 - INFO - 🔄 正在处理记录 551: (121.251717, 31.131466)
2025-07-12 00:58:45,369 - INFO - 📈 进度: 54/3473 (1.6%)
2025-07-12 00:58:46,373 - INFO - ✅ API调用成功: 121.817404, 30.87703 -> 浦东新区
2025-07-12 00:58:46,389 - INFO - 🔄 正在处理记录 552: (121.491607, 31.180808)
2025-07-12 00:58:46,389 - INFO - 📈 进度: 55/3473 (1.6%)
2025-07-12 00:58:47,421 - INFO - ✅ API调用成功: 121.501139, 31.12792 -> 浦东新区
2025-07-12 00:58:47,426 - INFO - 🔄 正在处理记录 553: (121.310605, 31.09785)
2025-07-12 00:58:47,427 - INFO - 📈 进度: 56/3473 (1.6%)
2025-07-12 00:58:48,359 - INFO - ✅ API调用成功: 121.351951, 31.212719 -> 长宁区
2025-07-12 00:58:48,364 - INFO - 🔄 正在处理记录 554: (121.306517, 31.126243)
2025-07-12 00:58:48,364 - INFO - 📈 进度: 57/3473 (1.6%)
2025-07-12 00:58:49,373 - INFO - ✅ API调用成功: 121.49813, 31.27798 -> 虹口区
2025-07-12 00:58:49,380 - INFO - 🔄 正在处理记录 555: (121.454956, 30.960016)
2025-07-12 00:58:49,380 - INFO - 📈 进度: 58/3473 (1.7%)
2025-07-12 00:58:50,368 - INFO - ✅ API调用成功: 121.451301, 31.319606 -> 静安区
2025-07-12 00:58:50,374 - INFO - 🔄 正在处理记录 556: (121.531196, 31.323638)
2025-07-12 00:58:50,374 - INFO - 📈 进度: 59/3473 (1.7%)
2025-07-12 00:58:51,386 - INFO - ✅ API调用成功: 121.540003, 31.330028 -> 杨浦区
2025-07-12 00:58:51,393 - INFO - 🔄 正在处理记录 557: (121.445587, 31.236231)
2025-07-12 00:58:51,410 - INFO - ✅ 写入 10 条结果到 /Users/songdingan/Downloads/detect_bus/final_station_ranking_with_district.csv
2025-07-12 00:58:51,410 - INFO - 📈 进度: 60/3473 (1.7%)
2025-07-12 00:58:52,398 - INFO - ✅ API调用成功: 121.457934, 31.230228 -> 静安区
2025-07-12 00:58:52,409 - INFO - 🔄 正在处理记录 558: (121.469421, 31.213405)
2025-07-12 00:58:52,409 - INFO - 📈 进度: 61/3473 (1.8%)
2025-07-12 00:58:53,381 - INFO - ✅ API调用成功: 121.533512, 31.049226 -> 闵行区
2025-07-12 00:58:53,386 - INFO - 🔄 正在处理记录 559: (121.221586, 31.019009)
2025-07-12 00:58:53,386 - INFO - 📈 进度: 62/3473 (1.8%)
2025-07-12 00:58:54,370 - INFO - ✅ API调用成功: 121.223872, 31.243167 -> 青浦区
2025-07-12 00:58:54,387 - INFO - 🔄 正在处理记录 560: (121.221652, 31.24276)
2025-07-12 00:58:54,387 - INFO - 📈 进度: 63/3473 (1.8%)
2025-07-12 00:58:55,395 - INFO - ✅ API调用成功: 121.210996, 31.034372 -> 松江区
2025-07-12 00:58:55,400 - INFO - 🔄 正在处理记录 561: (121.662877, 31.24047)
2025-07-12 00:58:55,400 - INFO - 📈 进度: 64/3473 (1.8%)
2025-07-12 00:58:56,534 - INFO - ✅ API调用成功: 121.250798, 31.036287 -> 松江区
2025-07-12 00:58:56,539 - INFO - 🔄 正在处理记录 562: (121.350968, 30.73132)
2025-07-12 00:58:56,539 - INFO - 📈 进度: 65/3473 (1.9%)
2025-07-12 00:58:57,383 - INFO - ✅ API调用成功: 121.212971, 31.039931 -> 松江区
2025-07-12 00:58:57,390 - INFO - 🔄 正在处理记录 563: (121.433066, 31.299218)
2025-07-12 00:58:57,390 - INFO - 📈 进度: 66/3473 (1.9%)
2025-07-12 00:58:58,392 - INFO - ✅ API调用成功: 121.552189, 31.273895 -> 杨浦区
2025-07-12 00:58:58,397 - INFO - 🔄 正在处理记录 564: (121.274077, 31.084121)
2025-07-12 00:58:58,397 - INFO - 📈 进度: 67/3473 (1.9%)
2025-07-12 00:58:59,416 - INFO - ✅ API调用成功: 121.250891, 31.008253 -> 松江区
2025-07-12 00:58:59,424 - INFO - 🔄 正在处理记录 565: (121.417267, 31.134161)
2025-07-12 00:58:59,425 - INFO - 📈 进度: 68/3473 (2.0%)
2025-07-12 00:59:00,439 - INFO - ✅ API调用成功: 121.40357, 31.630446 -> 崇明区
2025-07-12 00:59:00,445 - INFO - 🔄 正在处理记录 566: (121.180627, 31.10166)
2025-07-12 00:59:00,445 - INFO - 📈 进度: 69/3473 (2.0%)
2025-07-12 00:59:01,401 - INFO - ✅ API调用成功: 121.403349, 31.177907 -> 徐汇区
2025-07-12 00:59:01,420 - INFO - 🔄 正在处理记录 567: (121.266157, 31.17047)
2025-07-12 00:59:01,434 - INFO - ✅ 写入 10 条结果到 /Users/songdingan/Downloads/detect_bus/final_station_ranking_with_district.csv
2025-07-12 00:59:01,434 - INFO - 📈 进度: 70/3473 (2.0%)
2025-07-12 00:59:02,413 - INFO - ✅ API调用成功: 121.16662, 31.27539 -> 青浦区
2025-07-12 00:59:02,417 - INFO - 🔄 正在处理记录 568: (121.235479, 30.972104)
2025-07-12 00:59:02,417 - INFO - 📈 进度: 71/3473 (2.0%)
2025-07-12 00:59:03,401 - INFO - ✅ API调用成功: 121.092586, 31.16226 -> 青浦区
2025-07-12 00:59:03,410 - INFO - 🔄 正在处理记录 569: (121.221652, 31.24276)
2025-07-12 00:59:03,411 - INFO - 📈 进度: 72/3473 (2.1%)
2025-07-12 00:59:04,407 - INFO - ✅ API调用成功: 121.112225, 31.151636 -> 青浦区
2025-07-12 00:59:04,411 - INFO - 🔄 正在处理记录 570: (121.540003, 31.330028)
2025-07-12 00:59:04,412 - INFO - 📈 进度: 73/3473 (2.1%)
2025-07-12 00:59:05,408 - INFO - ✅ API调用成功: 121.29388, 31.189005 -> 青浦区
2025-07-12 00:59:05,413 - INFO - 🔄 正在处理记录 571: (121.279572, 31.10779)
2025-07-12 00:59:05,413 - INFO - 📈 进度: 74/3473 (2.1%)
2025-07-12 00:59:06,472 - INFO - ✅ API调用成功: 121.732252, 31.130773 -> 浦东新区
2025-07-12 00:59:06,479 - INFO - 🔄 正在处理记录 572: (121.329591, 30.792545)
2025-07-12 00:59:06,479 - INFO - 📈 进度: 75/3473 (2.2%)
2025-07-12 00:59:07,430 - INFO - ✅ API调用成功: 121.431576, 31.213028 -> 长宁区
2025-07-12 00:59:07,437 - INFO - 🔄 正在处理记录 573: (121.151861, 31.140084)
2025-07-12 00:59:07,437 - INFO - 📈 进度: 76/3473 (2.2%)
2025-07-12 00:59:08,412 - INFO - ✅ API调用成功: 121.418123, 31.238391 -> 普陀区
2025-07-12 00:59:08,418 - INFO - 🔄 正在处理记录 574: (121.447697, 31.229614)
2025-07-12 00:59:08,419 - INFO - 📈 进度: 77/3473 (2.2%)
2025-07-12 00:59:09,415 - INFO - ✅ API调用成功: 121.306582, 31.177437 -> 青浦区
2025-07-12 00:59:09,423 - INFO - 🔄 正在处理记录 575: (121.272386, 31.382639)
2025-07-12 00:59:09,423 - INFO - 📈 进度: 78/3473 (2.2%)
2025-07-12 00:59:10,440 - INFO - ✅ API调用成功: 121.317049, 31.074304 -> 松江区
2025-07-12 00:59:10,445 - INFO - 🔄 正在处理记录 576: (121.246084, 31.382878)
2025-07-12 00:59:10,446 - INFO - 📈 进度: 79/3473 (2.3%)
2025-07-12 00:59:11,431 - INFO - ✅ API调用成功: 121.33826, 31.08228 -> 松江区
2025-07-12 00:59:11,437 - INFO - 🔄 正在处理记录 577: (121.478452, 31.219139)
2025-07-12 00:59:11,448 - INFO - ✅ 写入 10 条结果到 /Users/songdingan/Downloads/detect_bus/final_station_ranking_with_district.csv
2025-07-12 00:59:11,449 - INFO - 📈 进度: 80/3473 (2.3%)
2025-07-12 00:59:12,412 - INFO - ✅ API调用成功: 121.353955, 31.217411 -> 长宁区
2025-07-12 00:59:12,414 - INFO - 🔄 正在处理记录 578: (121.570266, 31.152056)
2025-07-12 00:59:12,414 - INFO - 📈 进度: 81/3473 (2.3%)
2025-07-12 00:59:13,417 - INFO - ✅ API调用成功: 121.422693, 30.905061 -> 奉贤区
2025-07-12 00:59:13,433 - INFO - 🔄 正在处理记录 579: (121.339466, 30.953939)
2025-07-12 00:59:13,433 - INFO - 📈 进度: 82/3473 (2.4%)
2025-07-12 00:59:14,448 - INFO - ✅ API调用成功: 121.424272, 31.200357 -> 长宁区
2025-07-12 00:59:14,454 - INFO - 🔄 正在处理记录 580: (121.335811, 30.858689)
2025-07-12 00:59:14,454 - INFO - 📈 进度: 83/3473 (2.4%)
2025-07-12 00:59:15,444 - INFO - ✅ API调用成功: 121.744693, 31.054133 -> 浦东新区
2025-07-12 00:59:15,450 - INFO - 🔄 正在处理记录 581: (121.633271, 31.034478)
2025-07-12 00:59:15,450 - INFO - 📈 进度: 84/3473 (2.4%)
2025-07-12 00:59:16,450 - INFO - ✅ API调用成功: 121.288071, 30.931773 -> 松江区
2025-07-12 00:59:16,457 - INFO - 🔄 正在处理记录 582: (121.231976, 30.950507)
2025-07-12 00:59:16,457 - INFO - 📈 进度: 85/3473 (2.4%)
2025-07-12 00:59:17,439 - INFO - ✅ API调用成功: 121.222622, 31.017343 -> 松江区
2025-07-12 00:59:17,444 - INFO - 🔄 正在处理记录 583: (121.175186, 30.845316)
2025-07-12 00:59:17,444 - INFO - 📈 进度: 86/3473 (2.5%)
2025-07-12 00:59:18,500 - INFO - ✅ API调用成功: 121.150977, 31.167505 -> 青浦区
2025-07-12 00:59:18,507 - INFO - 🔄 正在处理记录 584: (121.471418, 31.317208)
2025-07-12 00:59:18,507 - INFO - 📈 进度: 87/3473 (2.5%)
2025-07-12 00:59:19,492 - INFO - ✅ API调用成功: 121.292193, 31.438551 -> 嘉定区
2025-07-12 00:59:19,497 - INFO - 🔄 正在处理记录 585: (121.486253, 31.286753)
2025-07-12 00:59:19,497 - INFO - 📈 进度: 88/3473 (2.5%)
2025-07-12 00:59:20,449 - INFO - ✅ API调用成功: 121.478512, 31.084731 -> 闵行区
2025-07-12 00:59:20,465 - INFO - 🔄 正在处理记录 586: (121.143679, 31.116255)
2025-07-12 00:59:20,465 - INFO - 📈 进度: 89/3473 (2.6%)
2025-07-12 00:59:21,436 - INFO - ✅ API调用成功: 121.289815, 31.446388 -> 嘉定区
2025-07-12 00:59:21,441 - INFO - 🔄 正在处理记录 587: (121.107132, 31.137636)
2025-07-12 00:59:21,450 - INFO - ✅ 写入 10 条结果到 /Users/songdingan/Downloads/detect_bus/final_station_ranking_with_district.csv
2025-07-12 00:59:21,451 - INFO - 📈 进度: 90/3473 (2.6%)
2025-07-12 00:59:22,522 - INFO - ✅ API调用成功: 121.34155, 30.719495 -> 金山区
2025-07-12 00:59:22,528 - INFO - 🔄 正在处理记录 588: (121.381599, 31.205525)
2025-07-12 00:59:22,528 - INFO - 📈 进度: 91/3473 (2.6%)
2025-07-12 00:59:23,460 - INFO - ✅ API调用成功: 121.680829, 31.550769 -> 崇明区
2025-07-12 00:59:23,469 - INFO - 🔄 正在处理记录 589: (121.1424, 30.998688)
2025-07-12 00:59:23,469 - INFO - 📈 进度: 92/3473 (2.6%)
2025-07-12 00:59:24,454 - INFO - ✅ API调用成功: 121.225999, 31.188072 -> 青浦区
2025-07-12 00:59:24,473 - INFO - 🔄 正在处理记录 590: (121.174632, 30.976832)
2025-07-12 00:59:24,473 - INFO - 📈 进度: 93/3473 (2.7%)
2025-07-12 00:59:25,483 - INFO - ✅ API调用成功: 121.251717, 31.131466 -> 松江区
2025-07-12 00:59:25,488 - INFO - 🔄 正在处理记录 591: (121.628524, 31.234668)
2025-07-12 00:59:25,488 - INFO - 📈 进度: 94/3473 (2.7%)
2025-07-12 00:59:26,477 - INFO - ✅ API调用成功: 121.491607, 31.180808 -> 浦东新区
2025-07-12 00:59:26,482 - INFO - 🔄 正在处理记录 592: (121.541995, 30.841127)
2025-07-12 00:59:26,482 - INFO - 📈 进度: 95/3473 (2.7%)
2025-07-12 00:59:27,466 - INFO - ✅ API调用成功: 121.310605, 31.09785 -> 松江区
2025-07-12 00:59:27,470 - INFO - 🔄 正在处理记录 593: (121.131028, 31.149401)
2025-07-12 00:59:27,471 - INFO - 📈 进度: 96/3473 (2.8%)
2025-07-12 00:59:28,490 - INFO - ✅ API调用成功: 121.306517, 31.126243 -> 松江区
2025-07-12 00:59:28,498 - INFO - 🔄 正在处理记录 594: (121.35613, 31.430604)
2025-07-12 00:59:28,498 - INFO - 📈 进度: 97/3473 (2.8%)
2025-07-12 00:59:29,563 - INFO - ✅ API调用成功: 121.454956, 30.960016 -> 奉贤区
2025-07-12 00:59:29,568 - INFO - 🔄 正在处理记录 595: (121.68813, 31.209338)
2025-07-12 00:59:29,568 - INFO - 📈 进度: 98/3473 (2.8%)
2025-07-12 00:59:30,496 - INFO - ✅ API调用成功: 121.531196, 31.323638 -> 杨浦区
2025-07-12 00:59:30,514 - INFO - 🔄 正在处理记录 596: (121.431471, 31.244515)
2025-07-12 00:59:30,514 - INFO - 📈 进度: 99/3473 (2.9%)
2025-07-12 00:59:31,502 - INFO - ✅ API调用成功: 121.445587, 31.236231 -> 静安区
2025-07-12 00:59:31,510 - INFO - 🔄 正在处理记录 597: (121.497535, 31.223463)
2025-07-12 00:59:31,523 - INFO - ✅ 写入 10 条结果到 /Users/songdingan/Downloads/detect_bus/final_station_ranking_with_district.csv
2025-07-12 00:59:31,523 - INFO - 📈 进度: 100/3473 (2.9%)
2025-07-12 00:59:32,524 - INFO - ✅ API调用成功: 121.469421, 31.213405 -> 黄浦区
2025-07-12 00:59:32,531 - INFO - 🔄 正在处理记录 598: (121.681688, 31.025588)
2025-07-12 00:59:32,532 - INFO - 📈 进度: 101/3473 (2.9%)
2025-07-12 00:59:33,500 - INFO - ✅ API调用成功: 121.221586, 31.019009 -> 松江区
2025-07-12 00:59:33,506 - INFO - 🔄 正在处理记录 599: (121.510854, 31.311899)
2025-07-12 00:59:33,506 - INFO - 📈 进度: 102/3473 (2.9%)
2025-07-12 00:59:34,617 - INFO - ✅ API调用成功: 121.221652, 31.24276 -> 青浦区
2025-07-12 00:59:34,625 - INFO - 🔄 正在处理记录 600: (121.494058, 31.219125)
2025-07-12 00:59:34,625 - INFO - 📈 进度: 103/3473 (3.0%)
2025-07-12 00:59:35,502 - INFO - ✅ API调用成功: 121.662877, 31.24047 -> 浦东新区
2025-07-12 00:59:35,508 - INFO - 🔄 正在处理记录 601: (121.176924, 31.147801)
2025-07-12 00:59:35,508 - INFO - 📈 进度: 104/3473 (3.0%)
2025-07-12 00:59:36,521 - INFO - ✅ API调用成功: 121.350968, 30.73132 -> 金山区
2025-07-12 00:59:36,546 - INFO - 🔄 正在处理记录 602: (121.424667, 31.418898)
2025-07-12 00:59:36,546 - INFO - 📈 进度: 105/3473 (3.0%)
2025-07-12 00:59:37,503 - INFO - ✅ API调用成功: 121.433066, 31.299218 -> 静安区
2025-07-12 00:59:37,515 - INFO - 🔄 正在处理记录 603: (121.441334, 30.916561)
2025-07-12 00:59:37,515 - INFO - 📈 进度: 106/3473 (3.1%)
2025-07-12 00:59:38,521 - INFO - ✅ API调用成功: 121.274077, 31.084121 -> 松江区
2025-07-12 00:59:38,525 - INFO - 🔄 正在处理记录 604: (121.289596, 31.419793)
2025-07-12 00:59:38,525 - INFO - 📈 进度: 107/3473 (3.1%)
2025-07-12 00:59:39,494 - INFO - ✅ API调用成功: 121.417267, 31.134161 -> 闵行区
2025-07-12 00:59:39,498 - INFO - 🔄 正在处理记录 605: (121.547633, 31.021151)
2025-07-12 00:59:39,498 - INFO - 📈 进度: 108/3473 (3.1%)
2025-07-12 00:59:40,510 - INFO - ✅ API调用成功: 121.180627, 31.10166 -> 松江区
2025-07-12 00:59:40,515 - INFO - 🔄 正在处理记录 606: (121.509751, 31.062479)
2025-07-12 00:59:40,515 - INFO - 📈 进度: 109/3473 (3.1%)
2025-07-12 00:59:41,565 - INFO - ✅ API调用成功: 121.266157, 31.17047 -> 青浦区
2025-07-12 00:59:41,581 - INFO - 🔄 正在处理记录 607: (121.392671, 31.345102)
2025-07-12 00:59:41,596 - INFO - ✅ 写入 10 条结果到 /Users/songdingan/Downloads/detect_bus/final_station_ranking_with_district.csv
2025-07-12 00:59:41,596 - INFO - 📈 进度: 110/3473 (3.2%)
2025-07-12 00:59:42,499 - INFO - ✅ API调用成功: 121.235479, 30.972104 -> 松江区
2025-07-12 00:59:42,507 - INFO - 🔄 正在处理记录 608: (121.459603, 31.195341)
2025-07-12 00:59:42,507 - INFO - 📈 进度: 111/3473 (3.2%)
2025-07-12 00:59:43,544 - INFO - ✅ API调用成功: 121.221652, 31.24276 -> 青浦区
2025-07-12 00:59:43,550 - INFO - 🔄 正在处理记录 609: (121.413431, 31.301848)
2025-07-12 00:59:43,550 - INFO - 📈 进度: 112/3473 (3.2%)
2025-07-12 00:59:44,540 - INFO - ✅ API调用成功: 121.540003, 31.330028 -> 杨浦区
2025-07-12 00:59:44,546 - INFO - 🔄 正在处理记录 610: (121.224542, 30.806912)
2025-07-12 00:59:44,546 - INFO - 📈 进度: 113/3473 (3.3%)
2025-07-12 00:59:45,542 - INFO - ✅ API调用成功: 121.279572, 31.10779 -> 松江区
2025-07-12 00:59:45,558 - INFO - 🔄 正在处理记录 611: (121.408766, 30.795238)
2025-07-12 00:59:45,558 - INFO - 📈 进度: 114/3473 (3.3%)
2025-07-12 00:59:46,534 - INFO - ✅ API调用成功: 121.329591, 30.792545 -> 金山区
2025-07-12 00:59:46,540 - INFO - 🔄 正在处理记录 612: (121.590114, 31.132112)
2025-07-12 00:59:46,541 - INFO - 📈 进度: 115/3473 (3.3%)
2025-07-12 00:59:47,524 - INFO - ✅ API调用成功: 121.151861, 31.140084 -> 青浦区
2025-07-12 00:59:47,529 - INFO - 🔄 正在处理记录 613: (121.510816, 31.224281)
2025-07-12 00:59:47,529 - INFO - 📈 进度: 116/3473 (3.3%)
2025-07-12 00:59:48,561 - INFO - ✅ API调用成功: 121.447697, 31.229614 -> 静安区
2025-07-12 00:59:48,576 - INFO - 🔄 正在处理记录 614: (121.747143, 31.021372)
2025-07-12 00:59:48,576 - INFO - 📈 进度: 117/3473 (3.4%)
2025-07-12 00:59:49,579 - INFO - ✅ API调用成功: 121.272386, 31.382639 -> 嘉定区
2025-07-12 00:59:49,585 - INFO - 🔄 正在处理记录 615: (121.578603, 31.209655)
2025-07-12 00:59:49,585 - INFO - 📈 进度: 118/3473 (3.4%)
2025-07-12 00:59:50,573 - INFO - ✅ API调用成功: 121.246084, 31.382878 -> 嘉定区
2025-07-12 00:59:50,587 - INFO - 🔄 正在处理记录 616: (121.321607, 30.750551)
2025-07-12 00:59:50,587 - INFO - 📈 进度: 119/3473 (3.4%)
2025-07-12 00:59:51,607 - INFO - ✅ API调用成功: 121.478452, 31.219139 -> 黄浦区
2025-07-12 00:59:51,612 - INFO - 🔄 正在处理记录 617: (121.615868, 31.119187)
2025-07-12 00:59:51,623 - INFO - ✅ 写入 10 条结果到 /Users/songdingan/Downloads/detect_bus/final_station_ranking_with_district.csv
2025-07-12 00:59:51,623 - INFO - 📈 进度: 120/3473 (3.5%)
2025-07-12 00:59:52,551 - INFO - ✅ API调用成功: 121.570266, 31.152056 -> 浦东新区
2025-07-12 00:59:52,557 - INFO - 🔄 正在处理记录 618: (121.67168, 31.069498)
2025-07-12 00:59:52,557 - INFO - 📈 进度: 121/3473 (3.5%)
2025-07-12 00:59:53,563 - INFO - ✅ API调用成功: 121.339466, 30.953939 -> 松江区
2025-07-12 00:59:53,568 - INFO - 🔄 正在处理记录 619: (121.489834, 31.149407)
2025-07-12 00:59:53,568 - INFO - 📈 进度: 122/3473 (3.5%)
2025-07-12 00:59:54,557 - INFO - ✅ API调用成功: 121.335811, 30.858689 -> 金山区
2025-07-12 00:59:54,573 - INFO - 🔄 正在处理记录 620: (121.143433, 31.056376)
2025-07-12 00:59:54,573 - INFO - 📈 进度: 123/3473 (3.5%)
2025-07-12 00:59:55,576 - INFO - ✅ API调用成功: 121.633271, 31.034478 -> 浦东新区
2025-07-12 00:59:55,593 - INFO - 🔄 正在处理记录 621: (121.466004, 30.92626)
2025-07-12 00:59:55,593 - INFO - 📈 进度: 124/3473 (3.6%)
2025-07-12 00:59:56,671 - INFO - ✅ API调用成功: 121.231976, 30.950507 -> 松江区
2025-07-12 00:59:56,677 - INFO - 🔄 正在处理记录 622: (121.195684, 31.340204)
2025-07-12 00:59:56,677 - INFO - 📈 进度: 125/3473 (3.6%)
2025-07-12 00:59:57,575 - INFO - ✅ API调用成功: 121.175186, 30.845316 -> 金山区
2025-07-12 00:59:57,583 - INFO - 🔄 正在处理记录 623: (121.623898, 31.141039)
2025-07-12 00:59:57,583 - INFO - 📈 进度: 126/3473 (3.6%)
2025-07-12 00:59:58,581 - INFO - ✅ API调用成功: 121.471418, 31.317208 -> 静安区
2025-07-12 00:59:58,585 - INFO - 🔄 正在处理记录 624: (121.679452, 31.098219)
2025-07-12 00:59:58,585 - INFO - 📈 进度: 127/3473 (3.7%)
2025-07-12 00:59:59,591 - INFO - ✅ API调用成功: 121.486253, 31.286753 -> 虹口区
2025-07-12 00:59:59,595 - INFO - 🔄 正在处理记录 625: (121.369536, 31.218441)
2025-07-12 00:59:59,596 - INFO - 📈 进度: 128/3473 (3.7%)
2025-07-12 01:00:00,573 - INFO - ✅ API调用成功: 121.143679, 31.116255 -> 青浦区
2025-07-12 01:00:00,577 - INFO - 🔄 正在处理记录 626: (121.63825, 31.030824)
2025-07-12 01:00:00,577 - INFO - 📈 进度: 129/3473 (3.7%)
2025-07-12 01:00:01,580 - INFO - ✅ API调用成功: 121.107132, 31.137636 -> 青浦区
2025-07-12 01:00:01,587 - INFO - 🔄 正在处理记录 627: (121.558627, 31.22907)
2025-07-12 01:00:01,604 - INFO - ✅ 写入 10 条结果到 /Users/songdingan/Downloads/detect_bus/final_station_ranking_with_district.csv
2025-07-12 01:00:01,604 - INFO - 📈 进度: 130/3473 (3.7%)
2025-07-12 01:00:02,608 - INFO - ✅ API调用成功: 121.381599, 31.205525 -> 长宁区
2025-07-12 01:00:02,616 - INFO - 🔄 正在处理记录 628: (121.752038, 31.050738)
2025-07-12 01:00:02,617 - INFO - 📈 进度: 131/3473 (3.8%)
2025-07-12 01:00:03,590 - INFO - ✅ API调用成功: 121.1424, 30.998688 -> 松江区
2025-07-12 01:00:03,608 - INFO - 🔄 正在处理记录 629: (121.503868, 31.26209)
2025-07-12 01:00:03,608 - INFO - 📈 进度: 132/3473 (3.8%)
2025-07-12 01:00:04,603 - INFO - ✅ API调用成功: 121.174632, 30.976832 -> 松江区
2025-07-12 01:00:04,610 - INFO - 🔄 正在处理记录 630: (121.566859, 31.342868)
2025-07-12 01:00:04,610 - INFO - 📈 进度: 133/3473 (3.8%)
2025-07-12 01:00:05,618 - INFO - ✅ API调用成功: 121.628524, 31.234668 -> 浦东新区
2025-07-12 01:00:05,628 - INFO - 🔄 正在处理记录 631: (121.478243, 31.203095)
2025-07-12 01:00:05,628 - INFO - 📈 进度: 134/3473 (3.9%)
2025-07-12 01:00:06,625 - INFO - ✅ API调用成功: 121.541995, 30.841127 -> 奉贤区
2025-07-12 01:00:06,635 - INFO - 🔄 正在处理记录 632: (121.34747, 31.434597)
2025-07-12 01:00:06,635 - INFO - 📈 进度: 135/3473 (3.9%)
2025-07-12 01:00:07,611 - INFO - ✅ API调用成功: 121.131028, 31.149401 -> 青浦区
2025-07-12 01:00:07,617 - INFO - 🔄 正在处理记录 633: (121.513156, 31.356841)
2025-07-12 01:00:07,617 - INFO - 📈 进度: 136/3473 (3.9%)
2025-07-12 01:00:08,624 - INFO - ✅ API调用成功: 121.35613, 31.430604 -> 宝山区
2025-07-12 01:00:08,641 - INFO - 🔄 正在处理记录 634: (121.496932, 31.157344)
2025-07-12 01:00:08,641 - INFO - 📈 进度: 137/3473 (3.9%)
2025-07-12 01:00:09,650 - INFO - ✅ API调用成功: 121.68813, 31.209338 -> 浦东新区
2025-07-12 01:00:09,657 - INFO - 🔄 正在处理记录 635: (121.398755, 31.309379)
2025-07-12 01:00:09,658 - INFO - 📈 进度: 138/3473 (4.0%)
2025-07-12 01:00:10,644 - INFO - ✅ API调用成功: 121.431471, 31.244515 -> 普陀区
2025-07-12 01:00:10,650 - INFO - 🔄 正在处理记录 636: (121.720877, 31.140913)
2025-07-12 01:00:10,650 - INFO - 📈 进度: 139/3473 (4.0%)
2025-07-12 01:00:11,642 - INFO - ✅ API调用成功: 121.497535, 31.223463 -> 黄浦区
2025-07-12 01:00:11,649 - INFO - 🔄 正在处理记录 637: (121.588363, 31.330811)
2025-07-12 01:00:11,668 - INFO - ✅ 写入 10 条结果到 /Users/songdingan/Downloads/detect_bus/final_station_ranking_with_district.csv
2025-07-12 01:00:11,668 - INFO - 📈 进度: 140/3473 (4.0%)
2025-07-12 01:00:12,620 - INFO - ✅ API调用成功: 121.681688, 31.025588 -> 浦东新区
2025-07-12 01:00:12,622 - INFO - 🔄 正在处理记录 638: (121.388349, 31.313242)
2025-07-12 01:00:12,622 - INFO - 📈 进度: 141/3473 (4.1%)
2025-07-12 01:00:13,979 - INFO - ✅ API调用成功: 121.510854, 31.311899 -> 杨浦区
2025-07-12 01:00:13,995 - INFO - 🔄 正在处理记录 639: (121.370685, 31.273572)
2025-07-12 01:00:13,995 - INFO - 📈 进度: 142/3473 (4.1%)
2025-07-12 01:00:14,652 - INFO - ✅ API调用成功: 121.494058, 31.219125 -> 黄浦区
2025-07-12 01:00:14,660 - INFO - 🔄 正在处理记录 640: (121.606549, 31.011564)
2025-07-12 01:00:14,660 - INFO - 📈 进度: 143/3473 (4.1%)
2025-07-12 01:00:15,641 - INFO - ✅ API调用成功: 121.176924, 31.147801 -> 青浦区
2025-07-12 01:00:15,647 - INFO - 🔄 正在处理记录 641: (121.318134, 30.944711)
2025-07-12 01:00:15,647 - INFO - 📈 进度: 144/3473 (4.1%)
2025-07-12 01:00:16,699 - INFO - ✅ API调用成功: 121.424667, 31.418898 -> 宝山区
2025-07-12 01:00:16,715 - INFO - 🔄 正在处理记录 642: (121.583106, 31.298204)
2025-07-12 01:00:16,716 - INFO - 📈 进度: 145/3473 (4.2%)
2025-07-12 01:00:17,646 - INFO - ✅ API调用成功: 121.441334, 30.916561 -> 奉贤区
2025-07-12 01:00:17,653 - INFO - 🔄 正在处理记录 643: (121.596291, 31.202119)
2025-07-12 01:00:17,653 - INFO - 📈 进度: 146/3473 (4.2%)
2025-07-12 01:00:18,663 - INFO - ✅ API调用成功: 121.289596, 31.419793 -> 嘉定区
2025-07-12 01:00:18,670 - INFO - 🔄 正在处理记录 644: (121.482516, 31.254728)
2025-07-12 01:00:18,670 - INFO - 📈 进度: 147/3473 (4.2%)
2025-07-12 01:00:19,649 - INFO - ✅ API调用成功: 121.547633, 31.021151 -> 闵行区
2025-07-12 01:00:19,657 - INFO - 🔄 正在处理记录 645: (121.590144, 31.123322)
2025-07-12 01:00:19,657 - INFO - 📈 进度: 148/3473 (4.3%)
2025-07-12 01:00:20,651 - INFO - ✅ API调用成功: 121.509751, 31.062479 -> 闵行区
2025-07-12 01:00:20,664 - INFO - 🔄 正在处理记录 646: (121.553664, 31.31782)
2025-07-12 01:00:20,664 - INFO - 📈 进度: 149/3473 (4.3%)
2025-07-12 01:00:21,658 - INFO - ✅ API调用成功: 121.392671, 31.345102 -> 宝山区
2025-07-12 01:00:21,662 - INFO - 🔄 正在处理记录 647: (121.759972, 31.051536)
2025-07-12 01:00:21,672 - INFO - ✅ 写入 10 条结果到 /Users/songdingan/Downloads/detect_bus/final_station_ranking_with_district.csv
2025-07-12 01:00:21,672 - INFO - 📈 进度: 150/3473 (4.3%)
2025-07-12 01:00:22,676 - INFO - ✅ API调用成功: 121.459603, 31.195341 -> 徐汇区
2025-07-12 01:00:22,684 - INFO - 🔄 正在处理记录 648: (121.56475, 31.075089)
2025-07-12 01:00:22,684 - INFO - 📈 进度: 151/3473 (4.3%)
2025-07-12 01:00:23,688 - INFO - ✅ API调用成功: 121.413431, 31.301848 -> 宝山区
2025-07-12 01:00:23,697 - INFO - 🔄 正在处理记录 649: (121.485497, 30.915844)
2025-07-12 01:00:23,697 - INFO - 📈 进度: 152/3473 (4.4%)
2025-07-12 01:00:24,656 - INFO - ✅ API调用成功: 121.224542, 30.806912 -> 金山区
2025-07-12 01:00:24,661 - INFO - 🔄 正在处理记录 650: (121.486926, 31.411905)
2025-07-12 01:00:24,661 - INFO - 📈 进度: 153/3473 (4.4%)
2025-07-12 01:00:25,665 - INFO - ✅ API调用成功: 121.408766, 30.795238 -> 金山区
2025-07-12 01:00:25,669 - INFO - 🔄 正在处理记录 651: (121.484267, 31.384391)
2025-07-12 01:00:25,669 - INFO - 📈 进度: 154/3473 (4.4%)
2025-07-12 01:00:26,680 - INFO - ✅ API调用成功: 121.590114, 31.132112 -> 浦东新区
2025-07-12 01:00:26,684 - INFO - 🔄 正在处理记录 652: (121.487688, 31.341336)
2025-07-12 01:00:26,684 - INFO - 📈 进度: 155/3473 (4.5%)
2025-07-12 01:00:27,845 - INFO - ✅ API调用成功: 121.510816, 31.224281 -> 黄浦区
2025-07-12 01:00:27,849 - INFO - 🔄 正在处理记录 653: (121.469016, 31.236296)
2025-07-12 01:00:27,849 - INFO - 📈 进度: 156/3473 (4.5%)
2025-07-12 01:00:28,690 - INFO - ✅ API调用成功: 121.747143, 31.021372 -> 浦东新区
2025-07-12 01:00:28,694 - INFO - 🔄 正在处理记录 654: (121.512193, 31.299812)
2025-07-12 01:00:28,694 - INFO - 📈 进度: 157/3473 (4.5%)
2025-07-12 01:00:29,705 - INFO - ✅ API调用成功: 121.578603, 31.209655 -> 浦东新区
2025-07-12 01:00:29,718 - INFO - 🔄 正在处理记录 655: (121.493447, 31.173593)
2025-07-12 01:00:29,719 - INFO - 📈 进度: 158/3473 (4.5%)
2025-07-12 01:00:30,834 - INFO - ✅ API调用成功: 121.321607, 30.750551 -> 金山区
2025-07-12 01:00:30,840 - INFO - 🔄 正在处理记录 656: (121.48691, 31.039831)
2025-07-12 01:00:30,840 - INFO - 📈 进度: 159/3473 (4.6%)
2025-07-12 01:00:31,709 - INFO - ✅ API调用成功: 121.615868, 31.119187 -> 浦东新区
2025-07-12 01:00:31,713 - INFO - 🔄 正在处理记录 657: (121.199857, 31.265659)
2025-07-12 01:00:31,723 - INFO - ✅ 写入 10 条结果到 /Users/songdingan/Downloads/detect_bus/final_station_ranking_with_district.csv
2025-07-12 01:00:31,723 - INFO - 📈 进度: 160/3473 (4.6%)
2025-07-12 01:00:32,708 - INFO - ✅ API调用成功: 121.67168, 31.069498 -> 浦东新区
2025-07-12 01:00:32,713 - INFO - 🔄 正在处理记录 658: (121.247645, 31.009447)
2025-07-12 01:00:32,714 - INFO - 📈 进度: 161/3473 (4.6%)
2025-07-12 01:00:33,709 - INFO - ✅ API调用成功: 121.489834, 31.149407 -> 浦东新区
2025-07-12 01:00:33,715 - INFO - 🔄 正在处理记录 659: (121.343862, 31.705889)
2025-07-12 01:00:33,715 - INFO - 📈 进度: 162/3473 (4.7%)
2025-07-12 01:00:34,693 - INFO - ✅ API调用成功: 121.143433, 31.056376 -> 松江区
2025-07-12 01:00:34,699 - INFO - 🔄 正在处理记录 660: (121.666416, 31.165434)
2025-07-12 01:00:34,700 - INFO - 📈 进度: 163/3473 (4.7%)
2025-07-12 01:00:35,707 - INFO - ✅ API调用成功: 121.466004, 30.92626 -> 奉贤区
2025-07-12 01:00:35,714 - INFO - 🔄 正在处理记录 661: (121.436949, 31.231484)
2025-07-12 01:00:35,715 - INFO - 📈 进度: 164/3473 (4.7%)
2025-07-12 01:00:36,701 - INFO - ✅ API调用成功: 121.195684, 31.340204 -> 嘉定区
2025-07-12 01:00:36,710 - INFO - 🔄 正在处理记录 662: (121.285044, 31.387799)
2025-07-12 01:00:36,710 - INFO - 📈 进度: 165/3473 (4.8%)
2025-07-12 01:00:37,716 - INFO - ✅ API调用成功: 121.623898, 31.141039 -> 浦东新区
2025-07-12 01:00:37,721 - INFO - 🔄 正在处理记录 663: (121.424387, 31.145081)
2025-07-12 01:00:37,721 - INFO - 📈 进度: 166/3473 (4.8%)
2025-07-12 01:00:38,704 - INFO - ✅ API调用成功: 121.679452, 31.098219 -> 浦东新区
2025-07-12 01:00:38,708 - INFO - 🔄 正在处理记录 664: (121.248642, 31.386196)
2025-07-12 01:00:38,708 - INFO - 📈 进度: 167/3473 (4.8%)
2025-07-12 01:00:39,730 - INFO - ✅ API调用成功: 121.369536, 31.218441 -> 长宁区
2025-07-12 01:00:39,735 - INFO - 🔄 正在处理记录 665: (121.464369, 30.917632)
2025-07-12 01:00:39,735 - INFO - 📈 进度: 168/3473 (4.8%)
2025-07-12 01:00:40,719 - INFO - ✅ API调用成功: 121.63825, 31.030824 -> 浦东新区
2025-07-12 01:00:40,725 - INFO - 🔄 正在处理记录 666: (121.436742, 31.332741)
2025-07-12 01:00:40,725 - INFO - 📈 进度: 169/3473 (4.9%)
2025-07-12 01:00:41,751 - INFO - ✅ API调用成功: 121.558627, 31.22907 -> 浦东新区
2025-07-12 01:00:41,756 - INFO - 🔄 正在处理记录 667: (121.717003, 31.148523)
2025-07-12 01:00:41,766 - INFO - ✅ 写入 10 条结果到 /Users/songdingan/Downloads/detect_bus/final_station_ranking_with_district.csv
2025-07-12 01:00:41,766 - INFO - 📈 进度: 170/3473 (4.9%)
2025-07-12 01:00:42,731 - INFO - ✅ API调用成功: 121.752038, 31.050738 -> 浦东新区
2025-07-12 01:00:42,736 - INFO - 🔄 正在处理记录 668: (121.399901, 31.292752)
2025-07-12 01:00:42,737 - INFO - 📈 进度: 171/3473 (4.9%)
2025-07-12 01:00:43,740 - INFO - ✅ API调用成功: 121.503868, 31.26209 -> 虹口区
2025-07-12 01:00:43,745 - INFO - 🔄 正在处理记录 669: (121.443558, 31.241078)
2025-07-12 01:00:43,745 - INFO - 📈 进度: 172/3473 (5.0%)
2025-07-12 01:00:44,718 - INFO - ✅ API调用成功: 121.566859, 31.342868 -> 浦东新区
2025-07-12 01:00:44,723 - INFO - 🔄 正在处理记录 670: (121.563833, 31.254676)
2025-07-12 01:00:44,723 - INFO - 📈 进度: 173/3473 (5.0%)
2025-07-12 01:00:45,742 - INFO - ✅ API调用成功: 121.478243, 31.203095 -> 黄浦区
2025-07-12 01:00:45,764 - INFO - 🔄 正在处理记录 671: (121.556748, 31.242126)
2025-07-12 01:00:45,764 - INFO - 📈 进度: 174/3473 (5.0%)
2025-07-12 01:00:46,764 - INFO - ✅ API调用成功: 121.34747, 31.434597 -> 宝山区
2025-07-12 01:00:46,771 - INFO - 🔄 正在处理记录 672: (121.458718, 31.388879)
2025-07-12 01:00:46,772 - INFO - 📈 进度: 175/3473 (5.0%)
2025-07-12 01:00:47,917 - INFO - ✅ API调用成功: 121.513156, 31.356841 -> 宝山区
2025-07-12 01:00:47,922 - INFO - 🔄 正在处理记录 673: (121.309549, 31.153173)
2025-07-12 01:00:47,922 - INFO - 📈 进度: 176/3473 (5.1%)
2025-07-12 01:00:48,767 - INFO - ✅ API调用成功: 121.496932, 31.157344 -> 浦东新区
2025-07-12 01:00:48,772 - INFO - 🔄 正在处理记录 674: (121.31469, 31.110244)
2025-07-12 01:00:48,772 - INFO - 📈 进度: 177/3473 (5.1%)
2025-07-12 01:00:49,748 - INFO - ✅ API调用成功: 121.398755, 31.309379 -> 宝山区
2025-07-12 01:00:49,753 - INFO - 🔄 正在处理记录 675: (121.542869, 31.220411)
2025-07-12 01:00:49,753 - INFO - 📈 进度: 178/3473 (5.1%)
2025-07-12 01:00:50,754 - INFO - ✅ API调用成功: 121.720877, 31.140913 -> 浦东新区
2025-07-12 01:00:50,773 - INFO - 🔄 正在处理记录 676: (121.088933, 31.144974)
2025-07-12 01:00:50,773 - INFO - 📈 进度: 179/3473 (5.2%)
2025-07-12 01:00:51,782 - INFO - ✅ API调用成功: 121.588363, 31.330811 -> 浦东新区
2025-07-12 01:00:51,786 - INFO - 🔄 正在处理记录 677: (121.317124, 31.129189)
2025-07-12 01:00:51,796 - INFO - ✅ 写入 10 条结果到 /Users/songdingan/Downloads/detect_bus/final_station_ranking_with_district.csv
2025-07-12 01:00:51,796 - INFO - 📈 进度: 180/3473 (5.2%)
2025-07-12 01:00:52,786 - INFO - ✅ API调用成功: 121.388349, 31.313242 -> 宝山区
2025-07-12 01:00:52,795 - INFO - 🔄 正在处理记录 678: (121.593405, 31.262081)
2025-07-12 01:00:52,795 - INFO - 📈 进度: 181/3473 (5.2%)
2025-07-12 01:00:53,764 - INFO - ✅ API调用成功: 121.370685, 31.273572 -> 嘉定区
2025-07-12 01:00:53,768 - INFO - 🔄 正在处理记录 679: (121.563117, 31.246629)
2025-07-12 01:00:53,768 - INFO - 📈 进度: 182/3473 (5.2%)
2025-07-12 01:00:54,817 - INFO - ✅ API调用成功: 121.606549, 31.011564 -> 浦东新区
2025-07-12 01:00:54,823 - INFO - 🔄 正在处理记录 680: (121.433062, 31.227869)
2025-07-12 01:00:54,823 - INFO - 📈 进度: 183/3473 (5.3%)
2025-07-12 01:00:55,781 - INFO - ✅ API调用成功: 121.318134, 30.944711 -> 松江区
2025-07-12 01:00:55,786 - INFO - 🔄 正在处理记录 681: (121.429111, 31.246152)
2025-07-12 01:00:55,786 - INFO - 📈 进度: 184/3473 (5.3%)
2025-07-12 01:00:56,782 - INFO - ✅ API调用成功: 121.583106, 31.298204 -> 浦东新区
2025-07-12 01:00:56,787 - INFO - 🔄 正在处理记录 682: (121.199857, 31.265659)
2025-07-12 01:00:56,787 - INFO - 📈 进度: 185/3473 (5.3%)
2025-07-12 01:00:57,790 - INFO - ✅ API调用成功: 121.596291, 31.202119 -> 浦东新区
2025-07-12 01:00:57,805 - INFO - 🔄 正在处理记录 683: (121.593602, 31.02981)
2025-07-12 01:00:57,805 - INFO - 📈 进度: 186/3473 (5.4%)
2025-07-12 01:00:58,772 - INFO - ✅ API调用成功: 121.482516, 31.254728 -> 静安区
2025-07-12 01:00:58,776 - INFO - 🔄 正在处理记录 684: (121.346992, 30.892701)
2025-07-12 01:00:58,776 - INFO - 📈 进度: 187/3473 (5.4%)
2025-07-12 01:00:59,820 - INFO - ✅ API调用成功: 121.590144, 31.123322 -> 浦东新区
2025-07-12 01:00:59,827 - INFO - 🔄 正在处理记录 685: (121.287184, 31.128589)
2025-07-12 01:00:59,827 - INFO - 📈 进度: 188/3473 (5.4%)
2025-07-12 01:01:00,777 - INFO - ✅ API调用成功: 121.553664, 31.31782 -> 杨浦区
2025-07-12 01:01:00,783 - INFO - 🔄 正在处理记录 686: (121.531709, 31.207586)
2025-07-12 01:01:00,783 - INFO - 📈 进度: 189/3473 (5.4%)
2025-07-12 01:01:01,791 - INFO - ✅ API调用成功: 121.759972, 31.051536 -> 浦东新区
2025-07-12 01:01:01,796 - INFO - 🔄 正在处理记录 687: (121.468532, 31.235445)
2025-07-12 01:01:01,806 - INFO - ✅ 写入 10 条结果到 /Users/songdingan/Downloads/detect_bus/final_station_ranking_with_district.csv
2025-07-12 01:01:01,806 - INFO - 📈 进度: 190/3473 (5.5%)
2025-07-12 01:01:02,776 - INFO - ✅ API调用成功: 121.56475, 31.075089 -> 浦东新区
2025-07-12 01:01:02,796 - INFO - 🔄 正在处理记录 688: (121.363326, 31.179328)
2025-07-12 01:01:02,796 - INFO - 📈 进度: 191/3473 (5.5%)
2025-07-12 01:01:03,804 - INFO - ✅ API调用成功: 121.485497, 30.915844 -> 奉贤区
2025-07-12 01:01:03,809 - INFO - 🔄 正在处理记录 689: (121.403788, 31.144872)
2025-07-12 01:01:03,809 - INFO - 📈 进度: 192/3473 (5.5%)
2025-07-12 01:01:04,820 - INFO - ✅ API调用成功: 121.486926, 31.411905 -> 宝山区
2025-07-12 01:01:04,828 - INFO - 🔄 正在处理记录 690: (121.380435, 31.036007)
2025-07-12 01:01:04,828 - INFO - 📈 进度: 193/3473 (5.6%)
2025-07-12 01:01:05,814 - INFO - ✅ API调用成功: 121.484267, 31.384391 -> 宝山区
2025-07-12 01:01:05,822 - INFO - 🔄 正在处理记录 691: (121.298654, 31.132761)
2025-07-12 01:01:05,823 - INFO - 📈 进度: 194/3473 (5.6%)
2025-07-12 01:01:06,795 - INFO - ✅ API调用成功: 121.487688, 31.341336 -> 宝山区
2025-07-12 01:01:06,801 - INFO - 🔄 正在处理记录 692: (121.393318, 31.3497)
2025-07-12 01:01:06,801 - INFO - 📈 进度: 195/3473 (5.6%)
2025-07-12 01:01:07,818 - INFO - ✅ API调用成功: 121.469016, 31.236296 -> 静安区
2025-07-12 01:01:07,848 - INFO - 🔄 正在处理记录 693: (121.337726, 31.126434)
2025-07-12 01:01:07,848 - INFO - 📈 进度: 196/3473 (5.6%)
2025-07-12 01:01:08,894 - INFO - ✅ API调用成功: 121.512193, 31.299812 -> 杨浦区
2025-07-12 01:01:08,899 - INFO - 🔄 正在处理记录 694: (121.298071, 31.183945)
2025-07-12 01:01:08,899 - INFO - 📈 进度: 197/3473 (5.7%)
2025-07-12 01:01:09,857 - INFO - ✅ API调用成功: 121.493447, 31.173593 -> 浦东新区
2025-07-12 01:01:09,863 - INFO - 🔄 正在处理记录 695: (121.752659, 31.582619)
2025-07-12 01:01:09,863 - INFO - 📈 进度: 198/3473 (5.7%)
2025-07-12 01:01:10,805 - INFO - ✅ API调用成功: 121.48691, 31.039831 -> 闵行区
2025-07-12 01:01:10,811 - INFO - 🔄 正在处理记录 696: (121.546701, 31.270392)
2025-07-12 01:01:10,812 - INFO - 📈 进度: 199/3473 (5.7%)
2025-07-12 01:01:11,824 - INFO - ✅ API调用成功: 121.199857, 31.265659 -> 嘉定区
2025-07-12 01:01:11,831 - INFO - 🔄 正在处理记录 697: (121.468532, 31.235445)
2025-07-12 01:01:11,850 - INFO - ✅ 写入 10 条结果到 /Users/songdingan/Downloads/detect_bus/final_station_ranking_with_district.csv
2025-07-12 01:01:11,851 - INFO - 📈 进度: 200/3473 (5.8%)
2025-07-12 01:01:12,946 - INFO - ✅ API调用成功: 121.247645, 31.009447 -> 松江区
2025-07-12 01:01:12,949 - INFO - 🔄 正在处理记录 698: (121.354846, 31.220086)
2025-07-12 01:01:12,949 - INFO - 📈 进度: 201/3473 (5.8%)
2025-07-12 01:01:13,849 - INFO - ✅ API调用成功: 121.343862, 31.705889 -> 崇明区
2025-07-12 01:01:13,855 - INFO - 🔄 正在处理记录 699: (121.71187, 31.239004)
2025-07-12 01:01:13,855 - INFO - 📈 进度: 202/3473 (5.8%)
2025-07-12 01:01:14,836 - INFO - ✅ API调用成功: 121.666416, 31.165434 -> 浦东新区
2025-07-12 01:01:14,841 - INFO - 🔄 正在处理记录 700: (121.467688, 31.262624)
2025-07-12 01:01:14,841 - INFO - 📈 进度: 203/3473 (5.8%)
2025-07-12 01:01:15,838 - INFO - ✅ API调用成功: 121.436949, 31.231484 -> 静安区
2025-07-12 01:01:15,860 - INFO - 🔄 正在处理记录 701: (121.318407, 31.306763)
2025-07-12 01:01:15,860 - INFO - 📈 进度: 204/3473 (5.9%)
2025-07-12 01:01:16,883 - INFO - ✅ API调用成功: 121.285044, 31.387799 -> 嘉定区
2025-07-12 01:01:16,887 - INFO - 🔄 正在处理记录 702: (121.591907, 31.03595)
2025-07-12 01:01:16,887 - INFO - 📈 进度: 205/3473 (5.9%)
2025-07-12 01:01:17,925 - INFO - ✅ API调用成功: 121.424387, 31.145081 -> 徐汇区
2025-07-12 01:01:17,932 - INFO - 🔄 正在处理记录 703: (121.442771, 31.219406)
2025-07-12 01:01:17,932 - INFO - 📈 进度: 206/3473 (5.9%)
2025-07-12 01:01:18,863 - INFO - ✅ API调用成功: 121.248642, 31.386196 -> 嘉定区
2025-07-12 01:01:18,869 - INFO - 🔄 正在处理记录 704: (121.3894, 31.233567)
2025-07-12 01:01:18,869 - INFO - 📈 进度: 207/3473 (6.0%)
2025-07-12 01:01:19,879 - INFO - ✅ API调用成功: 121.464369, 30.917632 -> 奉贤区
2025-07-12 01:01:19,884 - INFO - 🔄 正在处理记录 705: (121.516483, 31.210062)
2025-07-12 01:01:19,884 - INFO - 📈 进度: 208/3473 (6.0%)
2025-07-12 01:01:20,842 - INFO - ✅ API调用成功: 121.436742, 31.332741 -> 宝山区
2025-07-12 01:01:20,854 - INFO - 🔄 正在处理记录 706: (121.512193, 31.299812)
2025-07-12 01:01:20,854 - INFO - 📈 进度: 209/3473 (6.0%)
2025-07-12 01:01:21,873 - INFO - ✅ API调用成功: 121.717003, 31.148523 -> 浦东新区
2025-07-12 01:01:21,883 - INFO - 🔄 正在处理记录 707: (121.254108, 30.812398)
2025-07-12 01:01:21,904 - INFO - ✅ 写入 10 条结果到 /Users/songdingan/Downloads/detect_bus/final_station_ranking_with_district.csv
2025-07-12 01:01:21,905 - INFO - 📈 进度: 210/3473 (6.0%)
2025-07-12 01:01:22,898 - INFO - ✅ API调用成功: 121.399901, 31.292752 -> 普陀区
2025-07-12 01:01:22,904 - INFO - 🔄 正在处理记录 708: (121.593017, 31.125909)
2025-07-12 01:01:22,904 - INFO - 📈 进度: 211/3473 (6.1%)
2025-07-12 01:01:23,861 - INFO - ✅ API调用成功: 121.443558, 31.241078 -> 静安区
2025-07-12 01:01:23,869 - INFO - 🔄 正在处理记录 709: (121.540928, 31.284482)
2025-07-12 01:01:23,869 - INFO - 📈 进度: 212/3473 (6.1%)
2025-07-12 01:01:24,955 - INFO - ✅ API调用成功: 121.563833, 31.254676 -> 浦东新区
2025-07-12 01:01:24,960 - INFO - 🔄 正在处理记录 710: (121.536953, 31.241397)
2025-07-12 01:01:24,960 - INFO - 📈 进度: 213/3473 (6.1%)
2025-07-12 01:01:25,880 - INFO - ✅ API调用成功: 121.556748, 31.242126 -> 浦东新区
2025-07-12 01:01:25,884 - INFO - 🔄 正在处理记录 711: (121.121626, 31.1412)
2025-07-12 01:01:25,884 - INFO - 📈 进度: 214/3473 (6.2%)
2025-07-12 01:01:26,913 - INFO - ✅ API调用成功: 121.458718, 31.388879 -> 宝山区
2025-07-12 01:01:26,919 - INFO - 🔄 正在处理记录 712: (121.408985, 31.356877)
2025-07-12 01:01:26,919 - INFO - 📈 进度: 215/3473 (6.2%)
2025-07-12 01:01:28,064 - INFO - ✅ API调用成功: 121.309549, 31.153173 -> 松江区
2025-07-12 01:01:28,070 - INFO - 🔄 正在处理记录 713: (121.507322, 30.922649)
2025-07-12 01:01:28,071 - INFO - 📈 进度: 216/3473 (6.2%)
2025-07-12 01:01:28,879 - INFO - ✅ API调用成功: 121.31469, 31.110244 -> 松江区
2025-07-12 01:01:28,903 - INFO - 🔄 正在处理记录 714: (121.31733, 31.127768)
2025-07-12 01:01:28,903 - INFO - 📈 进度: 217/3473 (6.2%)
2025-07-12 01:01:29,924 - INFO - ✅ API调用成功: 121.542869, 31.220411 -> 浦东新区
2025-07-12 01:01:29,931 - INFO - 🔄 正在处理记录 715: (121.368278, 31.112174)
2025-07-12 01:01:29,931 - INFO - 📈 进度: 218/3473 (6.3%)
2025-07-12 01:01:30,932 - INFO - ✅ API调用成功: 121.088933, 31.144974 -> 青浦区
2025-07-12 01:01:30,943 - INFO - 🔄 正在处理记录 716: (121.584779, 31.259201)
2025-07-12 01:01:30,943 - INFO - 📈 进度: 219/3473 (6.3%)
2025-07-12 01:01:31,903 - INFO - ✅ API调用成功: 121.317124, 31.129189 -> 松江区
2025-07-12 01:01:31,908 - INFO - 🔄 正在处理记录 717: (121.553307, 31.227007)
2025-07-12 01:01:31,917 - INFO - ✅ 写入 10 条结果到 /Users/songdingan/Downloads/detect_bus/final_station_ranking_with_district.csv
2025-07-12 01:01:31,918 - INFO - 📈 进度: 220/3473 (6.3%)
2025-07-12 01:01:32,892 - INFO - ✅ API调用成功: 121.593405, 31.262081 -> 浦东新区
2025-07-12 01:01:32,898 - INFO - 🔄 正在处理记录 718: (121.439927, 31.225649)
2025-07-12 01:01:32,898 - INFO - 📈 进度: 221/3473 (6.4%)
2025-07-12 01:01:33,917 - INFO - ✅ API调用成功: 121.563117, 31.246629 -> 浦东新区
2025-07-12 01:01:33,922 - INFO - 🔄 正在处理记录 719: (121.401025, 31.115739)
2025-07-12 01:01:33,922 - INFO - 📈 进度: 222/3473 (6.4%)
2025-07-12 01:01:34,911 - INFO - ✅ API调用成功: 121.433062, 31.227869 -> 长宁区
2025-07-12 01:01:34,916 - INFO - 🔄 正在处理记录 720: (121.473806, 31.236457)
2025-07-12 01:01:34,916 - INFO - 📈 进度: 223/3473 (6.4%)
2025-07-12 01:01:35,910 - INFO - ✅ API调用成功: 121.429111, 31.246152 -> 普陀区
2025-07-12 01:01:35,915 - INFO - 🔄 正在处理记录 721: (121.464831, 31.266351)
2025-07-12 01:01:35,915 - INFO - 📈 进度: 224/3473 (6.4%)
2025-07-12 01:01:36,898 - INFO - ✅ API调用成功: 121.199857, 31.265659 -> 嘉定区
2025-07-12 01:01:36,913 - INFO - 🔄 正在处理记录 722: (121.121265, 31.160735)
2025-07-12 01:01:36,914 - INFO - 📈 进度: 225/3473 (6.5%)
2025-07-12 01:01:37,906 - INFO - ✅ API调用成功: 121.593602, 31.02981 -> 浦东新区
2025-07-12 01:01:37,910 - INFO - 🔄 正在处理记录 723: (121.47907, 31.267897)
2025-07-12 01:01:37,910 - INFO - 📈 进度: 226/3473 (6.5%)
2025-07-12 01:01:38,923 - INFO - ✅ API调用成功: 121.346992, 30.892701 -> 金山区
2025-07-12 01:01:38,927 - INFO - 🔄 正在处理记录 724: (121.487581, 31.156298)
2025-07-12 01:01:38,927 - INFO - 📈 进度: 227/3473 (6.5%)
2025-07-12 01:01:39,923 - INFO - ✅ API调用成功: 121.287184, 31.128589 -> 松江区
2025-07-12 01:01:39,928 - INFO - 🔄 正在处理记录 725: (121.493203, 31.163509)
2025-07-12 01:01:39,928 - INFO - 📈 进度: 228/3473 (6.6%)
2025-07-12 01:01:40,891 - INFO - ✅ API调用成功: 121.531709, 31.207586 -> 浦东新区
2025-07-12 01:01:40,897 - INFO - 🔄 正在处理记录 726: (121.467947, 31.174897)
2025-07-12 01:01:40,897 - INFO - 📈 进度: 229/3473 (6.6%)
2025-07-12 01:01:41,923 - INFO - ✅ API调用成功: 121.468532, 31.235445 -> 静安区
2025-07-12 01:01:41,927 - INFO - 🔄 正在处理记录 727: (121.521194, 31.149374)
2025-07-12 01:01:41,938 - INFO - ✅ 写入 10 条结果到 /Users/songdingan/Downloads/detect_bus/final_station_ranking_with_district.csv
2025-07-12 01:01:41,939 - INFO - 📈 进度: 230/3473 (6.6%)
2025-07-12 01:01:42,911 - INFO - ✅ API调用成功: 121.363326, 31.179328 -> 闵行区
2025-07-12 01:01:42,916 - INFO - 🔄 正在处理记录 728: (121.35235, 31.166419)
2025-07-12 01:01:42,916 - INFO - 📈 进度: 231/3473 (6.7%)
2025-07-12 01:01:43,954 - INFO - ✅ API调用成功: 121.403788, 31.144872 -> 闵行区
2025-07-12 01:01:43,968 - INFO - 🔄 正在处理记录 729: (121.366511, 31.139787)
2025-07-12 01:01:43,968 - INFO - 📈 进度: 232/3473 (6.7%)
2025-07-12 01:01:44,949 - INFO - ✅ API调用成功: 121.380435, 31.036007 -> 闵行区
2025-07-12 01:01:44,957 - INFO - 🔄 正在处理记录 730: (121.385424, 30.816214)
2025-07-12 01:01:44,957 - INFO - 📈 进度: 233/3473 (6.7%)
2025-07-12 01:01:45,963 - INFO - ✅ API调用成功: 121.298654, 31.132761 -> 松江区
2025-07-12 01:01:45,969 - INFO - 🔄 正在处理记录 731: (121.569672, 31.271123)
2025-07-12 01:01:45,969 - INFO - 📈 进度: 234/3473 (6.7%)
2025-07-12 01:01:46,944 - INFO - ✅ API调用成功: 121.393318, 31.3497 -> 宝山区
2025-07-12 01:01:46,951 - INFO - 🔄 正在处理记录 732: (121.330077, 31.478443)
2025-07-12 01:01:46,951 - INFO - 📈 进度: 235/3473 (6.8%)
2025-07-12 01:01:47,960 - INFO - ✅ API调用成功: 121.337726, 31.126434 -> 松江区
2025-07-12 01:01:47,964 - INFO - 🔄 正在处理记录 733: (121.66367, 31.27787)
2025-07-12 01:01:47,965 - INFO - 📈 进度: 236/3473 (6.8%)
2025-07-12 01:01:48,939 - INFO - ✅ API调用成功: 121.298071, 31.183945 -> 青浦区
2025-07-12 01:01:48,945 - INFO - 🔄 正在处理记录 734: (121.403621, 31.351113)
2025-07-12 01:01:48,945 - INFO - 📈 进度: 237/3473 (6.8%)
2025-07-12 01:01:49,961 - INFO - ✅ API调用成功: 121.752659, 31.582619 -> 崇明区
2025-07-12 01:01:49,968 - INFO - 🔄 正在处理记录 735: (121.725801, 31.241674)
2025-07-12 01:01:49,968 - INFO - 📈 进度: 238/3473 (6.9%)
2025-07-12 01:01:50,952 - INFO - ✅ API调用成功: 121.546701, 31.270392 -> 杨浦区
2025-07-12 01:01:50,969 - INFO - 🔄 正在处理记录 736: (121.251033, 31.372507)
2025-07-12 01:01:50,969 - INFO - 📈 进度: 239/3473 (6.9%)
2025-07-12 01:01:51,948 - INFO - ✅ API调用成功: 121.468532, 31.235445 -> 静安区
2025-07-12 01:01:51,953 - INFO - 🔄 正在处理记录 737: (121.543714, 31.197396)
2025-07-12 01:01:51,963 - INFO - ✅ 写入 10 条结果到 /Users/songdingan/Downloads/detect_bus/final_station_ranking_with_district.csv
2025-07-12 01:01:51,963 - INFO - 📈 进度: 240/3473 (6.9%)
2025-07-12 01:01:52,937 - INFO - ✅ API调用成功: 121.354846, 31.220086 -> 长宁区
2025-07-12 01:01:52,943 - INFO - 🔄 正在处理记录 738: (121.305086, 31.202859)
2025-07-12 01:01:52,944 - INFO - 📈 进度: 241/3473 (6.9%)
2025-07-12 01:01:53,957 - INFO - ✅ API调用成功: 121.71187, 31.239004 -> 浦东新区
2025-07-12 01:01:53,965 - INFO - 🔄 正在处理记录 739: (121.362053, 31.417651)
2025-07-12 01:01:53,965 - INFO - 📈 进度: 242/3473 (7.0%)
2025-07-12 01:01:55,228 - INFO - ✅ API调用成功: 121.467688, 31.262624 -> 静安区
2025-07-12 01:01:55,231 - INFO - 🔄 正在处理记录 740: (121.207679, 31.036073)
2025-07-12 01:01:55,231 - INFO - 📈 进度: 243/3473 (7.0%)
2025-07-12 01:01:55,971 - INFO - ✅ API调用成功: 121.318407, 31.306763 -> 嘉定区
2025-07-12 01:01:55,988 - INFO - 🔄 正在处理记录 741: (121.466443, 31.227021)
2025-07-12 01:01:55,988 - INFO - 📈 进度: 244/3473 (7.0%)
2025-07-12 01:01:56,980 - INFO - ✅ API调用成功: 121.591907, 31.03595 -> 浦东新区
2025-07-12 01:01:56,988 - INFO - 🔄 正在处理记录 742: (121.229068, 30.95944)
2025-07-12 01:01:56,988 - INFO - 📈 进度: 245/3473 (7.1%)
2025-07-12 01:01:57,966 - INFO - ✅ API调用成功: 121.442771, 31.219406 -> 长宁区
2025-07-12 01:01:57,972 - INFO - 🔄 正在处理记录 743: (121.436475, 31.312996)
2025-07-12 01:01:57,973 - INFO - 📈 进度: 246/3473 (7.1%)
2025-07-12 01:01:58,975 - INFO - ✅ API调用成功: 121.3894, 31.233567 -> 普陀区
2025-07-12 01:01:58,983 - INFO - 🔄 正在处理记录 744: (121.424604, 31.157715)
2025-07-12 01:01:58,984 - INFO - 📈 进度: 247/3473 (7.1%)
2025-07-12 01:01:59,979 - INFO - ✅ API调用成功: 121.516483, 31.210062 -> 浦东新区
2025-07-12 01:01:59,994 - INFO - 🔄 正在处理记录 745: (121.493203, 31.163509)
2025-07-12 01:01:59,994 - INFO - 📈 进度: 248/3473 (7.1%)
2025-07-12 01:02:00,989 - INFO - ✅ API调用成功: 121.512193, 31.299812 -> 杨浦区
2025-07-12 01:02:00,994 - INFO - 🔄 正在处理记录 746: (121.481869, 31.238114)
2025-07-12 01:02:00,994 - INFO - 📈 进度: 249/3473 (7.2%)
2025-07-12 01:02:01,987 - INFO - ✅ API调用成功: 121.254108, 30.812398 -> 金山区
2025-07-12 01:02:01,994 - INFO - 🔄 正在处理记录 747: (121.285798, 31.141873)
2025-07-12 01:02:02,008 - INFO - ✅ 写入 10 条结果到 /Users/songdingan/Downloads/detect_bus/final_station_ranking_with_district.csv
2025-07-12 01:02:02,008 - INFO - 📈 进度: 250/3473 (7.2%)
2025-07-12 01:02:02,989 - INFO - ✅ API调用成功: 121.593017, 31.125909 -> 浦东新区
2025-07-12 01:02:02,996 - INFO - 🔄 正在处理记录 748: (121.104615, 31.131855)
2025-07-12 01:02:02,996 - INFO - 📈 进度: 251/3473 (7.2%)
2025-07-12 01:02:04,011 - INFO - ✅ API调用成功: 121.540928, 31.284482 -> 杨浦区
2025-07-12 01:02:04,016 - INFO - 🔄 正在处理记录 749: (121.23501, 31.242717)
2025-07-12 01:02:04,016 - INFO - 📈 进度: 252/3473 (7.3%)
2025-07-12 01:02:05,012 - INFO - ✅ API调用成功: 121.536953, 31.241397 -> 浦东新区
2025-07-12 01:02:05,019 - INFO - 🔄 正在处理记录 750: (121.573836, 31.303353)
2025-07-12 01:02:05,019 - INFO - 📈 进度: 253/3473 (7.3%)
2025-07-12 01:02:06,041 - INFO - ✅ API调用成功: 121.121626, 31.1412 -> 青浦区
2025-07-12 01:02:06,061 - INFO - 🔄 正在处理记录 751: (121.327408, 31.132234)
2025-07-12 01:02:06,061 - INFO - 📈 进度: 254/3473 (7.3%)
2025-07-12 01:02:07,031 - INFO - ✅ API调用成功: 121.408985, 31.356877 -> 宝山区
2025-07-12 01:02:07,036 - INFO - 🔄 正在处理记录 752: (121.464831, 31.266351)
2025-07-12 01:02:07,036 - INFO - 📈 进度: 255/3473 (7.3%)
2025-07-12 01:02:08,021 - INFO - ✅ API调用成功: 121.507322, 30.922649 -> 奉贤区
2025-07-12 01:02:08,030 - INFO - 🔄 正在处理记录 753: (121.228748, 30.995615)
2025-07-12 01:02:08,030 - INFO - 📈 进度: 256/3473 (7.4%)
2025-07-12 01:02:09,019 - INFO - ✅ API调用成功: 121.31733, 31.127768 -> 松江区
2025-07-12 01:02:09,025 - INFO - 🔄 正在处理记录 754: (121.456755, 31.319735)
2025-07-12 01:02:09,025 - INFO - 📈 进度: 257/3473 (7.4%)
2025-07-12 01:02:10,024 - INFO - ✅ API调用成功: 121.368278, 31.112174 -> 闵行区
2025-07-12 01:02:10,041 - INFO - 🔄 正在处理记录 755: (121.244235, 31.124644)
2025-07-12 01:02:10,041 - INFO - 📈 进度: 258/3473 (7.4%)
2025-07-12 01:02:11,025 - INFO - ✅ API调用成功: 121.584779, 31.259201 -> 浦东新区
2025-07-12 01:02:11,031 - INFO - 🔄 正在处理记录 756: (121.593602, 31.02981)
2025-07-12 01:02:11,031 - INFO - 📈 进度: 259/3473 (7.5%)
2025-07-12 01:02:12,012 - INFO - ✅ API调用成功: 121.553307, 31.227007 -> 浦东新区
2025-07-12 01:02:12,018 - INFO - 🔄 正在处理记录 757: (121.408762, 31.242389)
2025-07-12 01:02:12,033 - INFO - ✅ 写入 10 条结果到 /Users/songdingan/Downloads/detect_bus/final_station_ranking_with_district.csv
2025-07-12 01:02:12,033 - INFO - 📈 进度: 260/3473 (7.5%)
2025-07-12 01:02:13,026 - INFO - ✅ API调用成功: 121.439927, 31.225649 -> 长宁区
2025-07-12 01:02:13,028 - INFO - 🔄 正在处理记录 758: (121.258687, 31.109281)
2025-07-12 01:02:13,028 - INFO - 📈 进度: 261/3473 (7.5%)
2025-07-12 01:02:14,045 - INFO - ✅ API调用成功: 121.401025, 31.115739 -> 闵行区
2025-07-12 01:02:14,050 - INFO - 🔄 正在处理记录 759: (121.308956, 31.204965)
2025-07-12 01:02:14,050 - INFO - 📈 进度: 262/3473 (7.5%)
2025-07-12 01:02:15,033 - INFO - ✅ API调用成功: 121.473806, 31.236457 -> 静安区
2025-07-12 01:02:15,050 - INFO - 🔄 正在处理记录 760: (121.405648, 31.312966)
2025-07-12 01:02:15,050 - INFO - 📈 进度: 263/3473 (7.6%)
2025-07-12 01:02:16,030 - INFO - ✅ API调用成功: 121.464831, 31.266351 -> 静安区
2025-07-12 01:02:16,038 - INFO - 🔄 正在处理记录 761: (121.607038, 31.28661)
2025-07-12 01:02:16,038 - INFO - 📈 进度: 264/3473 (7.6%)
2025-07-12 01:02:17,087 - INFO - ✅ API调用成功: 121.121265, 31.160735 -> 青浦区
2025-07-12 01:02:17,094 - INFO - 🔄 正在处理记录 762: (121.564847, 31.115808)
2025-07-12 01:02:17,094 - INFO - 📈 进度: 265/3473 (7.6%)
2025-07-12 01:02:18,075 - INFO - ✅ API调用成功: 121.47907, 31.267897 -> 静安区
2025-07-12 01:02:18,081 - INFO - 🔄 正在处理记录 763: (121.267046, 30.752723)
2025-07-12 01:02:18,081 - INFO - 📈 进度: 266/3473 (7.7%)
2025-07-12 01:02:19,144 - INFO - ✅ API调用成功: 121.487581, 31.156298 -> 浦东新区
2025-07-12 01:02:19,153 - INFO - 🔄 正在处理记录 764: (121.39013, 30.799261)
2025-07-12 01:02:19,153 - INFO - 📈 进度: 267/3473 (7.7%)
2025-07-12 01:02:20,045 - INFO - ✅ API调用成功: 121.493203, 31.163509 -> 浦东新区
2025-07-12 01:02:20,066 - INFO - 🔄 正在处理记录 765: (121.375139, 30.836592)
2025-07-12 01:02:20,067 - INFO - 📈 进度: 268/3473 (7.7%)
2025-07-12 01:02:21,053 - INFO - ✅ API调用成功: 121.467947, 31.174897 -> 徐汇区
2025-07-12 01:02:21,058 - INFO - 🔄 正在处理记录 766: (121.514382, 31.221871)
2025-07-12 01:02:21,058 - INFO - 📈 进度: 269/3473 (7.7%)
2025-07-12 01:02:22,046 - INFO - ✅ API调用成功: 121.521194, 31.149374 -> 浦东新区
2025-07-12 01:02:22,051 - INFO - 🔄 正在处理记录 767: (121.504771, 30.864102)
2025-07-12 01:02:22,064 - INFO - ✅ 写入 10 条结果到 /Users/songdingan/Downloads/detect_bus/final_station_ranking_with_district.csv
2025-07-12 01:02:22,064 - INFO - 📈 进度: 270/3473 (7.8%)
2025-07-12 01:02:23,092 - INFO - ✅ API调用成功: 121.35235, 31.166419 -> 闵行区
2025-07-12 01:02:23,098 - INFO - 🔄 正在处理记录 768: (121.410388, 31.154682)
2025-07-12 01:02:23,098 - INFO - 📈 进度: 271/3473 (7.8%)
2025-07-12 01:02:24,077 - INFO - ✅ API调用成功: 121.366511, 31.139787 -> 闵行区
2025-07-12 01:02:24,081 - INFO - 🔄 正在处理记录 769: (121.168081, 31.099783)
2025-07-12 01:02:24,081 - INFO - 📈 进度: 272/3473 (7.8%)
2025-07-12 01:02:25,219 - INFO - ✅ API调用成功: 121.385424, 30.816214 -> 金山区
2025-07-12 01:02:25,223 - INFO - 🔄 正在处理记录 770: (121.535785, 31.263526)
2025-07-12 01:02:25,224 - INFO - 📈 进度: 273/3473 (7.9%)
2025-07-12 01:02:26,066 - INFO - ✅ API调用成功: 121.569672, 31.271123 -> 浦东新区
2025-07-12 01:02:26,071 - INFO - 🔄 正在处理记录 771: (121.531202, 31.149963)
2025-07-12 01:02:26,071 - INFO - 📈 进度: 274/3473 (7.9%)
2025-07-12 01:02:27,065 - INFO - ✅ API调用成功: 121.330077, 31.478443 -> 宝山区
2025-07-12 01:02:27,070 - INFO - 🔄 正在处理记录 772: (121.302296, 31.130489)
2025-07-12 01:02:27,071 - INFO - 📈 进度: 275/3473 (7.9%)
2025-07-12 01:02:28,220 - INFO - ✅ API调用成功: 121.66367, 31.27787 -> 浦东新区
2025-07-12 01:02:28,226 - INFO - 🔄 正在处理记录 773: (121.302324, 31.818)
2025-07-12 01:02:28,226 - INFO - 📈 进度: 276/3473 (7.9%)
2025-07-12 01:02:29,077 - INFO - ✅ API调用成功: 121.403621, 31.351113 -> 宝山区
2025-07-12 01:02:29,092 - INFO - 🔄 正在处理记录 774: (121.514285, 31.283956)
2025-07-12 01:02:29,092 - INFO - 📈 进度: 277/3473 (8.0%)
2025-07-12 01:02:30,096 - INFO - ✅ API调用成功: 121.725801, 31.241674 -> 浦东新区
2025-07-12 01:02:30,100 - INFO - 🔄 正在处理记录 775: (121.470613, 30.976963)
2025-07-12 01:02:30,100 - INFO - 📈 进度: 278/3473 (8.0%)
2025-07-12 01:02:31,165 - INFO - ✅ API调用成功: 121.251033, 31.372507 -> 嘉定区
2025-07-12 01:02:31,169 - INFO - 🔄 正在处理记录 776: (121.435929, 31.137598)
2025-07-12 01:02:31,170 - INFO - 📈 进度: 279/3473 (8.0%)
2025-07-12 01:02:32,125 - INFO - ✅ API调用成功: 121.543714, 31.197396 -> 浦东新区
2025-07-12 01:02:32,130 - INFO - 🔄 正在处理记录 777: (121.485961, 31.400324)
2025-07-12 01:02:32,140 - INFO - ✅ 写入 10 条结果到 /Users/songdingan/Downloads/detect_bus/final_station_ranking_with_district.csv
2025-07-12 01:02:32,140 - INFO - 📈 进度: 280/3473 (8.1%)
2025-07-12 01:02:33,087 - INFO - ✅ API调用成功: 121.305086, 31.202859 -> 青浦区
2025-07-12 01:02:33,092 - INFO - 🔄 正在处理记录 778: (121.651392, 31.211659)
2025-07-12 01:02:33,092 - INFO - 📈 进度: 281/3473 (8.1%)
2025-07-12 01:02:34,114 - INFO - ✅ API调用成功: 121.362053, 31.417651 -> 宝山区
2025-07-12 01:02:34,119 - INFO - 🔄 正在处理记录 779: (121.414881, 31.33344)
2025-07-12 01:02:34,119 - INFO - 📈 进度: 282/3473 (8.1%)
2025-07-12 01:02:35,113 - INFO - ✅ API调用成功: 121.207679, 31.036073 -> 松江区
2025-07-12 01:02:35,118 - INFO - 🔄 正在处理记录 780: (121.676486, 31.190474)
2025-07-12 01:02:35,118 - INFO - 📈 进度: 283/3473 (8.1%)
2025-07-12 01:02:36,171 - INFO - ✅ API调用成功: 121.466443, 31.227021 -> 黄浦区
2025-07-12 01:02:36,176 - INFO - 🔄 正在处理记录 781: (121.521546, 31.328455)
2025-07-12 01:02:36,177 - INFO - 📈 进度: 284/3473 (8.2%)
2025-07-12 01:02:37,084 - INFO - ✅ API调用成功: 121.229068, 30.95944 -> 松江区
2025-07-12 01:02:37,090 - INFO - 🔄 正在处理记录 782: (121.608371, 31.530505)
2025-07-12 01:02:37,092 - INFO - 📈 进度: 285/3473 (8.2%)
2025-07-12 01:02:38,088 - INFO - ✅ API调用成功: 121.436475, 31.312996 -> 宝山区
2025-07-12 01:02:38,101 - INFO - 🔄 正在处理记录 783: (121.730203, 31.203171)
2025-07-12 01:02:38,101 - INFO - 📈 进度: 286/3473 (8.2%)
2025-07-12 01:02:39,077 - INFO - ✅ API调用成功: 121.424604, 31.157715 -> 徐汇区
2025-07-12 01:02:39,081 - INFO - 🔄 正在处理记录 784: (121.435957, 31.26955)
2025-07-12 01:02:39,082 - INFO - 📈 进度: 287/3473 (8.3%)
2025-07-12 01:02:40,108 - INFO - ✅ API调用成功: 121.493203, 31.163509 -> 浦东新区
2025-07-12 01:02:40,113 - INFO - 🔄 正在处理记录 785: (121.436211, 31.23294)
2025-07-12 01:02:40,113 - INFO - 📈 进度: 288/3473 (8.3%)
2025-07-12 01:02:41,089 - INFO - ✅ API调用成功: 121.481869, 31.238114 -> 黄浦区
2025-07-12 01:02:41,092 - INFO - 🔄 正在处理记录 786: (121.493455, 31.1494)
2025-07-12 01:02:41,092 - INFO - 📈 进度: 289/3473 (8.3%)
2025-07-12 01:02:42,140 - INFO - ✅ API调用成功: 121.285798, 31.141873 -> 青浦区
2025-07-12 01:02:42,145 - INFO - 🔄 正在处理记录 787: (121.608371, 31.530505)
2025-07-12 01:02:42,155 - INFO - ✅ 写入 10 条结果到 /Users/songdingan/Downloads/detect_bus/final_station_ranking_with_district.csv
2025-07-12 01:02:42,155 - INFO - 📈 进度: 290/3473 (8.4%)
2025-07-12 01:02:43,097 - INFO - ✅ API调用成功: 121.104615, 31.131855 -> 青浦区
2025-07-12 01:02:43,113 - INFO - 🔄 正在处理记录 788: (121.288924, 31.809929)
2025-07-12 01:02:43,114 - INFO - 📈 进度: 291/3473 (8.4%)
2025-07-12 01:02:44,124 - INFO - ✅ API调用成功: 121.23501, 31.242717 -> 青浦区
2025-07-12 01:02:44,131 - INFO - 🔄 正在处理记录 789: (121.534201, 31.324795)
2025-07-12 01:02:44,131 - INFO - 📈 进度: 292/3473 (8.4%)
2025-07-12 01:02:45,135 - INFO - ✅ API调用成功: 121.573836, 31.303353 -> 浦东新区
2025-07-12 01:02:45,151 - INFO - 🔄 正在处理记录 790: (121.690859, 31.174548)
2025-07-12 01:02:45,151 - INFO - 📈 进度: 293/3473 (8.4%)
2025-07-12 01:02:46,133 - INFO - ✅ API调用成功: 121.327408, 31.132234 -> 松江区
2025-07-12 01:02:46,138 - INFO - 🔄 正在处理记录 791: (121.251144, 31.010999)
2025-07-12 01:02:46,138 - INFO - 📈 进度: 294/3473 (8.5%)
2025-07-12 01:02:47,126 - INFO - ✅ API调用成功: 121.464831, 31.266351 -> 静安区
2025-07-12 01:02:47,152 - INFO - 🔄 正在处理记录 792: (121.467926, 31.29928)
2025-07-12 01:02:47,152 - INFO - 📈 进度: 295/3473 (8.5%)
2025-07-12 01:02:48,136 - INFO - ✅ API调用成功: 121.228748, 30.995615 -> 松江区
2025-07-12 01:02:48,141 - INFO - 🔄 正在处理记录 793: (121.315167, 31.065282)
2025-07-12 01:02:48,141 - INFO - 📈 进度: 296/3473 (8.5%)
2025-07-12 01:02:49,147 - INFO - ✅ API调用成功: 121.456755, 31.319735 -> 静安区
2025-07-12 01:02:49,156 - INFO - 🔄 正在处理记录 794: (121.633562, 31.192319)
2025-07-12 01:02:49,156 - INFO - 📈 进度: 297/3473 (8.6%)
2025-07-12 01:02:50,165 - INFO - ✅ API调用成功: 121.244235, 31.124644 -> 松江区
2025-07-12 01:02:50,171 - INFO - 🔄 正在处理记录 795: (121.478586, 31.258977)
2025-07-12 01:02:50,171 - INFO - 📈 进度: 298/3473 (8.6%)
2025-07-12 01:02:51,180 - INFO - ✅ API调用成功: 121.593602, 31.02981 -> 浦东新区
2025-07-12 01:02:51,186 - INFO - 🔄 正在处理记录 796: (121.595379, 31.125896)
2025-07-12 01:02:51,186 - INFO - 📈 进度: 299/3473 (8.6%)
2025-07-12 01:02:52,160 - INFO - ✅ API调用成功: 121.408762, 31.242389 -> 普陀区
2025-07-12 01:02:52,167 - INFO - 🔄 正在处理记录 797: (121.121626, 31.1412)
2025-07-12 01:02:52,180 - INFO - ✅ 写入 10 条结果到 /Users/songdingan/Downloads/detect_bus/final_station_ranking_with_district.csv
2025-07-12 01:02:52,180 - INFO - 📈 进度: 300/3473 (8.6%)
2025-07-12 01:02:53,185 - INFO - ✅ API调用成功: 121.258687, 31.109281 -> 松江区
2025-07-12 01:02:53,200 - INFO - 🔄 正在处理记录 798: (121.283142, 30.808892)
2025-07-12 01:02:53,200 - INFO - 📈 进度: 301/3473 (8.7%)
2025-07-12 01:02:54,143 - INFO - ✅ API调用成功: 121.308956, 31.204965 -> 闵行区
2025-07-12 01:02:54,147 - INFO - 🔄 正在处理记录 799: (121.26589, 31.399908)
2025-07-12 01:02:54,148 - INFO - 📈 进度: 302/3473 (8.7%)
2025-07-12 01:02:55,150 - INFO - ✅ API调用成功: 121.405648, 31.312966 -> 宝山区
2025-07-12 01:02:55,155 - INFO - 🔄 正在处理记录 800: (121.483459, 31.232451)
2025-07-12 01:02:55,155 - INFO - 📈 进度: 303/3473 (8.7%)
2025-07-12 01:02:56,161 - INFO - ✅ API调用成功: 121.607038, 31.28661 -> 浦东新区
2025-07-12 01:02:56,166 - INFO - 🔄 正在处理记录 801: (121.301327, 31.241416)
2025-07-12 01:02:56,166 - INFO - 📈 进度: 304/3473 (8.8%)
2025-07-12 01:02:57,153 - INFO - ✅ API调用成功: 121.564847, 31.115808 -> 浦东新区
2025-07-12 01:02:57,157 - INFO - 🔄 正在处理记录 802: (121.308424, 31.140562)
2025-07-12 01:02:57,157 - INFO - 📈 进度: 305/3473 (8.8%)
2025-07-12 01:02:58,174 - INFO - ✅ API调用成功: 121.267046, 30.752723 -> 金山区
2025-07-12 01:02:58,179 - INFO - 🔄 正在处理记录 803: (121.418733, 31.283808)
2025-07-12 01:02:58,179 - INFO - 📈 进度: 306/3473 (8.8%)
2025-07-12 01:02:59,173 - INFO - ✅ API调用成功: 121.39013, 30.799261 -> 金山区
2025-07-12 01:02:59,180 - INFO - 🔄 正在处理记录 804: (121.725801, 31.241674)
2025-07-12 01:02:59,180 - INFO - 📈 进度: 307/3473 (8.8%)
2025-07-12 01:03:00,160 - INFO - ✅ API调用成功: 121.375139, 30.836592 -> 金山区
2025-07-12 01:03:00,167 - INFO - 🔄 正在处理记录 805: (121.229197, 31.183319)
2025-07-12 01:03:00,167 - INFO - 📈 进度: 308/3473 (8.9%)
2025-07-12 01:03:01,178 - INFO - ✅ API调用成功: 121.514382, 31.221871 -> 黄浦区
2025-07-12 01:03:01,199 - INFO - 🔄 正在处理记录 806: (121.445185, 31.119181)
2025-07-12 01:03:01,199 - INFO - 📈 进度: 309/3473 (8.9%)
2025-07-12 01:03:02,206 - INFO - ✅ API调用成功: 121.504771, 30.864102 -> 奉贤区
2025-07-12 01:03:02,224 - INFO - 🔄 正在处理记录 807: (121.390896, 31.095903)
2025-07-12 01:03:02,242 - INFO - ✅ 写入 10 条结果到 /Users/songdingan/Downloads/detect_bus/final_station_ranking_with_district.csv
2025-07-12 01:03:02,242 - INFO - 📈 进度: 310/3473 (8.9%)
2025-07-12 01:03:03,237 - INFO - ✅ API调用成功: 121.410388, 31.154682 -> 闵行区
2025-07-12 01:03:03,241 - INFO - 🔄 正在处理记录 808: (121.213923, 31.045474)
2025-07-12 01:03:03,242 - INFO - 📈 进度: 311/3473 (9.0%)
2025-07-12 01:03:04,189 - INFO - ✅ API调用成功: 121.168081, 31.099783 -> 松江区
2025-07-12 01:03:04,195 - INFO - 🔄 正在处理记录 809: (121.619363, 31.537657)
2025-07-12 01:03:04,196 - INFO - 📈 进度: 312/3473 (9.0%)
2025-07-12 01:03:05,223 - INFO - ✅ API调用成功: 121.535785, 31.263526 -> 杨浦区
2025-07-12 01:03:05,229 - INFO - 🔄 正在处理记录 810: (121.746629, 31.04691)
2025-07-12 01:03:05,229 - INFO - 📈 进度: 313/3473 (9.0%)
2025-07-12 01:03:06,192 - INFO - ✅ API调用成功: 121.531202, 31.149963 -> 浦东新区
2025-07-12 01:03:06,208 - INFO - 🔄 正在处理记录 811: (121.25381, 31.34323)
2025-07-12 01:03:06,209 - INFO - 📈 进度: 314/3473 (9.0%)
2025-07-12 01:03:07,213 - INFO - ✅ API调用成功: 121.302296, 31.130489 -> 松江区
2025-07-12 01:03:07,220 - INFO - 🔄 正在处理记录 812: (121.545612, 31.229361)
2025-07-12 01:03:07,220 - INFO - 📈 进度: 315/3473 (9.1%)
2025-07-12 01:03:08,191 - INFO - ✅ API调用成功: 121.302324, 31.818 -> 崇明区
2025-07-12 01:03:08,198 - INFO - 🔄 正在处理记录 813: (121.514807, 31.211419)
2025-07-12 01:03:08,198 - INFO - 📈 进度: 316/3473 (9.1%)
2025-07-12 01:03:09,209 - INFO - ✅ API调用成功: 121.514285, 31.283956 -> 杨浦区
2025-07-12 01:03:09,215 - INFO - 🔄 正在处理记录 814: (121.349258, 31.245966)
2025-07-12 01:03:09,215 - INFO - 📈 进度: 317/3473 (9.1%)
2025-07-12 01:03:10,211 - INFO - ✅ API调用成功: 121.470613, 30.976963 -> 奉贤区
2025-07-12 01:03:10,219 - INFO - 🔄 正在处理记录 815: (121.486731, 31.34719)
2025-07-12 01:03:10,219 - INFO - 📈 进度: 318/3473 (9.2%)
2025-07-12 01:03:11,229 - INFO - ✅ API调用成功: 121.435929, 31.137598 -> 徐汇区
2025-07-12 01:03:11,234 - INFO - 🔄 正在处理记录 816: (121.508318, 31.21396)
2025-07-12 01:03:11,234 - INFO - 📈 进度: 319/3473 (9.2%)
2025-07-12 01:03:12,231 - INFO - ✅ API调用成功: 121.485961, 31.400324 -> 宝山区
2025-07-12 01:03:12,248 - INFO - 🔄 正在处理记录 817: (121.591907, 31.03595)
2025-07-12 01:03:12,261 - INFO - ✅ 写入 10 条结果到 /Users/songdingan/Downloads/detect_bus/final_station_ranking_with_district.csv
2025-07-12 01:03:12,261 - INFO - 📈 进度: 320/3473 (9.2%)
2025-07-12 01:03:13,230 - INFO - ✅ API调用成功: 121.651392, 31.211659 -> 浦东新区
2025-07-12 01:03:13,233 - INFO - 🔄 正在处理记录 818: (121.250769, 31.121814)
2025-07-12 01:03:13,233 - INFO - 📈 进度: 321/3473 (9.2%)
2025-07-12 01:03:14,250 - INFO - ✅ API调用成功: 121.414881, 31.33344 -> 宝山区
2025-07-12 01:03:14,259 - INFO - 🔄 正在处理记录 819: (121.269128, 31.130697)
2025-07-12 01:03:14,259 - INFO - 📈 进度: 322/3473 (9.3%)
2025-07-12 01:03:15,254 - INFO - ✅ API调用成功: 121.676486, 31.190474 -> 浦东新区
2025-07-12 01:03:15,259 - INFO - 🔄 正在处理记录 820: (121.338458, 30.732976)
2025-07-12 01:03:15,259 - INFO - 📈 进度: 323/3473 (9.3%)
2025-07-12 01:03:16,287 - INFO - ✅ API调用成功: 121.521546, 31.328455 -> 杨浦区
2025-07-12 01:03:16,293 - INFO - 🔄 正在处理记录 821: (121.340089, 30.726411)
2025-07-12 01:03:16,293 - INFO - 📈 进度: 324/3473 (9.3%)
2025-07-12 01:03:17,265 - INFO - ✅ API调用成功: 121.608371, 31.530505 -> 崇明区
2025-07-12 01:03:17,276 - INFO - 🔄 正在处理记录 822: (121.522097, 31.222021)
2025-07-12 01:03:17,277 - INFO - 📈 进度: 325/3473 (9.4%)
2025-07-12 01:03:18,285 - INFO - ✅ API调用成功: 121.730203, 31.203171 -> 浦东新区
2025-07-12 01:03:18,291 - INFO - 🔄 正在处理记录 823: (121.750356, 31.015524)
2025-07-12 01:03:18,291 - INFO - 📈 进度: 326/3473 (9.4%)
2025-07-12 01:03:19,270 - INFO - ✅ API调用成功: 121.435957, 31.26955 -> 普陀区
2025-07-12 01:03:19,274 - INFO - 🔄 正在处理记录 824: (121.58185, 31.276887)
2025-07-12 01:03:19,274 - INFO - 📈 进度: 327/3473 (9.4%)
2025-07-12 01:03:20,288 - INFO - ✅ API调用成功: 121.436211, 31.23294 -> 静安区
2025-07-12 01:03:20,299 - INFO - 🔄 正在处理记录 825: (121.265574, 31.086646)
2025-07-12 01:03:20,299 - INFO - 📈 进度: 328/3473 (9.4%)
2025-07-12 01:03:21,283 - INFO - ✅ API调用成功: 121.493455, 31.1494 -> 浦东新区
2025-07-12 01:03:21,295 - INFO - 🔄 正在处理记录 826: (121.758553, 31.029309)
2025-07-12 01:03:21,296 - INFO - 📈 进度: 329/3473 (9.5%)
2025-07-12 01:03:22,310 - INFO - ✅ API调用成功: 121.608371, 31.530505 -> 崇明区
2025-07-12 01:03:22,314 - INFO - 🔄 正在处理记录 827: (121.438797, 31.136402)
2025-07-12 01:03:22,328 - INFO - ✅ 写入 10 条结果到 /Users/songdingan/Downloads/detect_bus/final_station_ranking_with_district.csv
2025-07-12 01:03:22,328 - INFO - 📈 进度: 330/3473 (9.5%)
2025-07-12 01:03:23,429 - INFO - ✅ API调用成功: 121.288924, 31.809929 -> 崇明区
2025-07-12 01:03:23,435 - INFO - 🔄 正在处理记录 828: (121.649624, 31.111475)
2025-07-12 01:03:23,436 - INFO - 📈 进度: 331/3473 (9.5%)
2025-07-12 01:03:24,297 - INFO - ✅ API调用成功: 121.534201, 31.324795 -> 杨浦区
2025-07-12 01:03:24,303 - INFO - 🔄 正在处理记录 829: (121.327016, 30.791179)
2025-07-12 01:03:24,303 - INFO - 📈 进度: 332/3473 (9.6%)
2025-07-12 01:03:25,472 - INFO - ✅ API调用成功: 121.690859, 31.174548 -> 浦东新区
2025-07-12 01:03:25,477 - INFO - 🔄 正在处理记录 830: (121.368251, 31.113194)
2025-07-12 01:03:25,477 - INFO - 📈 进度: 333/3473 (9.6%)
2025-07-12 01:03:26,322 - INFO - ✅ API调用成功: 121.251144, 31.010999 -> 松江区
2025-07-12 01:03:26,324 - INFO - 🔄 正在处理记录 831: (121.213923, 31.045474)
2025-07-12 01:03:26,324 - INFO - 📈 进度: 334/3473 (9.6%)
2025-07-12 01:03:27,331 - INFO - ✅ API调用成功: 121.467926, 31.29928 -> 静安区
2025-07-12 01:03:27,336 - INFO - 🔄 正在处理记录 832: (121.465848, 31.288672)
2025-07-12 01:03:27,336 - INFO - 📈 进度: 335/3473 (9.6%)
2025-07-12 01:03:28,389 - INFO - ✅ API调用成功: 121.315167, 31.065282 -> 松江区
2025-07-12 01:03:28,396 - INFO - 🔄 正在处理记录 833: (121.614384, 31.335376)
2025-07-12 01:03:28,396 - INFO - 📈 进度: 336/3473 (9.7%)
2025-07-12 01:03:29,357 - INFO - ✅ API调用成功: 121.633562, 31.192319 -> 浦东新区
2025-07-12 01:03:29,367 - INFO - 🔄 正在处理记录 834: (121.1812, 31.12995)
2025-07-12 01:03:29,367 - INFO - 📈 进度: 337/3473 (9.7%)
2025-07-12 01:03:30,345 - INFO - ✅ API调用成功: 121.478586, 31.258977 -> 静安区
2025-07-12 01:03:30,352 - INFO - 🔄 正在处理记录 835: (121.232647, 31.114072)
2025-07-12 01:03:30,352 - INFO - 📈 进度: 338/3473 (9.7%)
2025-07-12 01:03:31,438 - INFO - ✅ API调用成功: 121.595379, 31.125896 -> 浦东新区
2025-07-12 01:03:31,441 - INFO - 🔄 正在处理记录 836: (121.252438, 31.30214)
2025-07-12 01:03:31,441 - INFO - 📈 进度: 339/3473 (9.8%)
2025-07-12 01:03:32,382 - INFO - ✅ API调用成功: 121.121626, 31.1412 -> 青浦区
2025-07-12 01:03:32,386 - INFO - 🔄 正在处理记录 837: (121.524029, 31.326866)
2025-07-12 01:03:32,391 - INFO - ✅ 写入 10 条结果到 /Users/songdingan/Downloads/detect_bus/final_station_ranking_with_district.csv
2025-07-12 01:03:32,391 - INFO - 📈 进度: 340/3473 (9.8%)
2025-07-12 01:03:33,368 - INFO - ✅ API调用成功: 121.283142, 30.808892 -> 金山区
2025-07-12 01:03:33,385 - INFO - 🔄 正在处理记录 838: (121.215867, 31.020424)
2025-07-12 01:03:33,385 - INFO - 📈 进度: 341/3473 (9.8%)
2025-07-12 01:03:34,409 - INFO - ✅ API调用成功: 121.26589, 31.399908 -> 嘉定区
2025-07-12 01:03:34,417 - INFO - 🔄 正在处理记录 839: (121.183286, 31.053569)
2025-07-12 01:03:34,417 - INFO - 📈 进度: 342/3473 (9.8%)
2025-07-12 01:03:35,362 - INFO - ✅ API调用成功: 121.483459, 31.232451 -> 黄浦区
2025-07-12 01:03:35,366 - INFO - 🔄 正在处理记录 840: (121.426035, 31.132831)
2025-07-12 01:03:35,367 - INFO - 📈 进度: 343/3473 (9.9%)
2025-07-12 01:03:36,468 - INFO - ✅ API调用成功: 121.301327, 31.241416 -> 嘉定区
2025-07-12 01:03:36,486 - INFO - 🔄 正在处理记录 841: (121.220644, 31.026384)
2025-07-12 01:03:36,486 - INFO - 📈 进度: 344/3473 (9.9%)
2025-07-12 01:03:37,384 - INFO - ✅ API调用成功: 121.308424, 31.140562 -> 松江区
2025-07-12 01:03:37,444 - INFO - 🔄 正在处理记录 842: (121.188438, 31.030616)
2025-07-12 01:03:37,444 - INFO - 📈 进度: 345/3473 (9.9%)
2025-07-12 01:03:38,403 - INFO - ✅ API调用成功: 121.418733, 31.283808 -> 宝山区
2025-07-12 01:03:38,407 - INFO - 🔄 正在处理记录 843: (121.727814, 30.897918)
2025-07-12 01:03:38,407 - INFO - 📈 进度: 346/3473 (10.0%)
2025-07-12 01:03:39,505 - INFO - ✅ API调用成功: 121.725801, 31.241674 -> 浦东新区
2025-07-12 01:03:39,519 - INFO - 🔄 正在处理记录 844: (121.192692, 31.030973)
2025-07-12 01:03:39,520 - INFO - 📈 进度: 347/3473 (10.0%)
2025-07-12 01:03:40,411 - INFO - ✅ API调用成功: 121.229197, 31.183319 -> 青浦区
2025-07-12 01:03:40,415 - INFO - 🔄 正在处理记录 845: (121.415107, 30.908169)
2025-07-12 01:03:40,415 - INFO - 📈 进度: 348/3473 (10.0%)
2025-07-12 01:03:41,393 - INFO - ✅ API调用成功: 121.445185, 31.119181 -> 徐汇区
2025-07-12 01:03:41,395 - INFO - 🔄 正在处理记录 846: (121.509865, 31.275939)
2025-07-12 01:03:41,395 - INFO - 📈 进度: 349/3473 (10.0%)
2025-07-12 01:03:42,439 - INFO - ✅ API调用成功: 121.390896, 31.095903 -> 闵行区
2025-07-12 01:03:42,444 - INFO - 🔄 正在处理记录 847: (121.388481, 31.22986)
2025-07-12 01:03:42,455 - INFO - ✅ 写入 10 条结果到 /Users/songdingan/Downloads/detect_bus/final_station_ranking_with_district.csv
2025-07-12 01:03:42,455 - INFO - 📈 进度: 350/3473 (10.1%)
2025-07-12 01:03:43,438 - INFO - ✅ API调用成功: 121.213923, 31.045474 -> 松江区
2025-07-12 01:03:43,442 - INFO - 🔄 正在处理记录 848: (121.41839, 31.268848)
2025-07-12 01:03:43,442 - INFO - 📈 进度: 351/3473 (10.1%)
2025-07-12 01:03:44,441 - INFO - ✅ API调用成功: 121.619363, 31.537657 -> 崇明区
2025-07-12 01:03:44,447 - INFO - 🔄 正在处理记录 849: (121.351501, 31.217564)
2025-07-12 01:03:44,447 - INFO - 📈 进度: 352/3473 (10.1%)
2025-07-12 01:03:45,488 - INFO - ✅ API调用成功: 121.746629, 31.04691 -> 浦东新区
2025-07-12 01:03:45,493 - INFO - 🔄 正在处理记录 850: (121.5345, 31.305537)
2025-07-12 01:03:45,493 - INFO - 📈 进度: 353/3473 (10.2%)
2025-07-12 01:03:46,453 - INFO - ✅ API调用成功: 121.25381, 31.34323 -> 嘉定区
2025-07-12 01:03:46,457 - INFO - 🔄 正在处理记录 851: (121.192328, 31.160248)
2025-07-12 01:03:46,457 - INFO - 📈 进度: 354/3473 (10.2%)
2025-07-12 01:03:47,452 - INFO - ✅ API调用成功: 121.545612, 31.229361 -> 浦东新区
2025-07-12 01:03:47,456 - INFO - 🔄 正在处理记录 852: (121.441254, 30.907215)
2025-07-12 01:03:47,456 - INFO - 📈 进度: 355/3473 (10.2%)
2025-07-12 01:03:48,636 - INFO - ✅ API调用成功: 121.514807, 31.211419 -> 浦东新区
2025-07-12 01:03:48,640 - INFO - 🔄 正在处理记录 853: (121.458986, 31.222233)
2025-07-12 01:03:48,640 - INFO - 📈 进度: 356/3473 (10.3%)
2025-07-12 01:03:49,479 - INFO - ✅ API调用成功: 121.349258, 31.245966 -> 长宁区
2025-07-12 01:03:49,490 - INFO - 🔄 正在处理记录 854: (121.589898, 31.071119)
2025-07-12 01:03:49,491 - INFO - 📈 进度: 357/3473 (10.3%)
2025-07-12 01:03:50,483 - INFO - ✅ API调用成功: 121.486731, 31.34719 -> 宝山区
2025-07-12 01:03:50,489 - INFO - 🔄 正在处理记录 855: (121.584826, 31.056276)
2025-07-12 01:03:50,489 - INFO - 📈 进度: 358/3473 (10.3%)
2025-07-12 01:03:51,469 - INFO - ✅ API调用成功: 121.508318, 31.21396 -> 黄浦区
2025-07-12 01:03:51,471 - INFO - 🔄 正在处理记录 856: (121.245434, 31.013279)
2025-07-12 01:03:51,471 - INFO - 📈 进度: 359/3473 (10.3%)
2025-07-12 01:03:52,507 - INFO - ✅ API调用成功: 121.591907, 31.03595 -> 浦东新区
2025-07-12 01:03:52,533 - INFO - 🔄 正在处理记录 857: (121.248646, 31.004767)
2025-07-12 01:03:52,542 - INFO - ✅ 写入 10 条结果到 /Users/songdingan/Downloads/detect_bus/final_station_ranking_with_district.csv
2025-07-12 01:03:52,542 - INFO - 📈 进度: 360/3473 (10.4%)
2025-07-12 01:03:53,495 - INFO - ✅ API调用成功: 121.250769, 31.121814 -> 松江区
2025-07-12 01:03:53,501 - INFO - 🔄 正在处理记录 858: (121.181592, 31.01426)
2025-07-12 01:03:53,501 - INFO - 📈 进度: 361/3473 (10.4%)
2025-07-12 01:03:54,503 - INFO - ✅ API调用成功: 121.269128, 31.130697 -> 松江区
2025-07-12 01:03:54,511 - INFO - 🔄 正在处理记录 859: (121.462991, 31.226869)
2025-07-12 01:03:54,511 - INFO - 📈 进度: 362/3473 (10.4%)
2025-07-12 01:03:55,510 - INFO - ✅ API调用成功: 121.338458, 30.732976 -> 金山区
2025-07-12 01:03:55,515 - INFO - 🔄 正在处理记录 860: (121.471993, 30.920033)
2025-07-12 01:03:55,515 - INFO - 📈 进度: 363/3473 (10.5%)
2025-07-12 01:03:56,515 - INFO - ✅ API调用成功: 121.340089, 30.726411 -> 金山区
2025-07-12 01:03:56,519 - INFO - 🔄 正在处理记录 861: (121.305259, 31.219699)
2025-07-12 01:03:56,519 - INFO - 📈 进度: 364/3473 (10.5%)
2025-07-12 01:03:57,609 - INFO - ✅ API调用成功: 121.522097, 31.222021 -> 浦东新区
2025-07-12 01:03:57,615 - INFO - 🔄 正在处理记录 862: (121.504155, 31.147953)
2025-07-12 01:03:57,615 - INFO - 📈 进度: 365/3473 (10.5%)
2025-07-12 01:03:58,507 - INFO - ✅ API调用成功: 121.750356, 31.015524 -> 浦东新区
2025-07-12 01:03:58,522 - INFO - 🔄 正在处理记录 863: (121.431937, 31.241196)
2025-07-12 01:03:58,522 - INFO - 📈 进度: 366/3473 (10.5%)
2025-07-12 01:03:59,536 - INFO - ✅ API调用成功: 121.58185, 31.276887 -> 浦东新区
2025-07-12 01:03:59,541 - INFO - 🔄 正在处理记录 864: (121.255085, 31.377125)
2025-07-12 01:03:59,541 - INFO - 📈 进度: 367/3473 (10.6%)
2025-07-12 01:04:00,539 - INFO - ✅ API调用成功: 121.265574, 31.086646 -> 松江区
2025-07-12 01:04:00,544 - INFO - 🔄 正在处理记录 865: (121.491037, 31.401983)
2025-07-12 01:04:00,544 - INFO - 📈 进度: 368/3473 (10.6%)
2025-07-12 01:04:01,545 - INFO - ✅ API调用成功: 121.758553, 31.029309 -> 浦东新区
2025-07-12 01:04:01,550 - INFO - 🔄 正在处理记录 866: (121.370901, 31.206079)
2025-07-12 01:04:01,550 - INFO - 📈 进度: 369/3473 (10.6%)
2025-07-12 01:04:02,572 - INFO - ✅ API调用成功: 121.438797, 31.136402 -> 徐汇区
2025-07-12 01:04:02,576 - INFO - 🔄 正在处理记录 867: (121.268252, 31.391313)
2025-07-12 01:04:02,585 - INFO - ✅ 写入 10 条结果到 /Users/songdingan/Downloads/detect_bus/final_station_ranking_with_district.csv
2025-07-12 01:04:02,585 - INFO - 📈 进度: 370/3473 (10.7%)
2025-07-12 01:04:03,580 - INFO - ✅ API调用成功: 121.649624, 31.111475 -> 浦东新区
2025-07-12 01:04:03,585 - INFO - 🔄 正在处理记录 868: (121.254912, 31.17232)
2025-07-12 01:04:03,585 - INFO - 📈 进度: 371/3473 (10.7%)
2025-07-12 01:04:04,565 - INFO - ✅ API调用成功: 121.327016, 30.791179 -> 金山区
2025-07-12 01:04:04,569 - INFO - 🔄 正在处理记录 869: (121.253708, 31.175561)
2025-07-12 01:04:04,569 - INFO - 📈 进度: 372/3473 (10.7%)
2025-07-12 01:04:05,583 - INFO - ✅ API调用成功: 121.368251, 31.113194 -> 闵行区
2025-07-12 01:04:05,588 - INFO - 🔄 正在处理记录 870: (121.18377, 31.101728)
2025-07-12 01:04:05,588 - INFO - 📈 进度: 373/3473 (10.7%)
2025-07-12 01:04:06,606 - INFO - ✅ API调用成功: 121.213923, 31.045474 -> 松江区
2025-07-12 01:04:06,611 - INFO - 🔄 正在处理记录 871: (121.461288, 31.274938)
2025-07-12 01:04:06,611 - INFO - 📈 进度: 374/3473 (10.8%)
2025-07-12 01:04:07,711 - INFO - ✅ API调用成功: 121.465848, 31.288672 -> 静安区
2025-07-12 01:04:07,724 - INFO - 🔄 正在处理记录 872: (121.153985, 31.166493)
2025-07-12 01:04:07,724 - INFO - 📈 进度: 375/3473 (10.8%)
2025-07-12 01:04:08,588 - INFO - ✅ API调用成功: 121.614384, 31.335376 -> 浦东新区
2025-07-12 01:04:08,595 - INFO - 🔄 正在处理记录 873: (121.096501, 31.136719)
2025-07-12 01:04:08,595 - INFO - 📈 进度: 376/3473 (10.8%)
2025-07-12 01:04:09,577 - INFO - ✅ API调用成功: 121.1812, 31.12995 -> 青浦区
2025-07-12 01:04:09,582 - INFO - 🔄 正在处理记录 874: (121.71048, 30.987826)
2025-07-12 01:04:09,582 - INFO - 📈 进度: 377/3473 (10.9%)
2025-07-12 01:04:10,597 - INFO - ✅ API调用成功: 121.232647, 31.114072 -> 松江区
2025-07-12 01:04:10,616 - INFO - 🔄 正在处理记录 875: (121.527582, 31.053153)
2025-07-12 01:04:10,617 - INFO - 📈 进度: 378/3473 (10.9%)
2025-07-12 01:04:11,645 - INFO - ✅ API调用成功: 121.252438, 31.30214 -> 嘉定区
2025-07-12 01:04:11,651 - INFO - 🔄 正在处理记录 876: (121.384446, 31.200116)
2025-07-12 01:04:11,651 - INFO - 📈 进度: 379/3473 (10.9%)
2025-07-12 01:04:12,619 - INFO - ✅ API调用成功: 121.524029, 31.326866 -> 杨浦区
2025-07-12 01:04:12,624 - INFO - 🔄 正在处理记录 877: (121.419118, 31.20267)
2025-07-12 01:04:12,638 - INFO - ✅ 写入 10 条结果到 /Users/songdingan/Downloads/detect_bus/final_station_ranking_with_district.csv
2025-07-12 01:04:12,638 - INFO - 📈 进度: 380/3473 (10.9%)
2025-07-12 01:04:13,627 - INFO - ✅ API调用成功: 121.215867, 31.020424 -> 松江区
2025-07-12 01:04:13,632 - INFO - 🔄 正在处理记录 878: (121.414952, 31.176995)
2025-07-12 01:04:13,632 - INFO - 📈 进度: 381/3473 (11.0%)
2025-07-12 01:04:14,655 - INFO - ✅ API调用成功: 121.183286, 31.053569 -> 松江区
2025-07-12 01:04:14,662 - INFO - 🔄 正在处理记录 879: (121.380743, 31.099416)
2025-07-12 01:04:14,662 - INFO - 📈 进度: 382/3473 (11.0%)
2025-07-12 01:04:15,626 - INFO - ✅ API调用成功: 121.426035, 31.132831 -> 闵行区
2025-07-12 01:04:15,632 - INFO - 🔄 正在处理记录 880: (121.822577, 31.003212)
2025-07-12 01:04:15,632 - INFO - 📈 进度: 383/3473 (11.0%)
2025-07-12 01:04:16,648 - INFO - ✅ API调用成功: 121.220644, 31.026384 -> 松江区
2025-07-12 01:04:16,654 - INFO - 🔄 正在处理记录 881: (121.388904, 31.215334)
2025-07-12 01:04:16,654 - INFO - 📈 进度: 384/3473 (11.1%)
2025-07-12 01:04:17,637 - INFO - ✅ API调用成功: 121.188438, 31.030616 -> 松江区
2025-07-12 01:04:17,648 - INFO - 🔄 正在处理记录 882: (121.430308, 31.399096)
2025-07-12 01:04:17,649 - INFO - 📈 进度: 385/3473 (11.1%)
2025-07-12 01:04:18,657 - INFO - ✅ API调用成功: 121.727814, 30.897918 -> 奉贤区
2025-07-12 01:04:18,659 - INFO - 🔄 正在处理记录 883: (121.204396, 31.01743)
2025-07-12 01:04:18,659 - INFO - 📈 进度: 386/3473 (11.1%)
2025-07-12 01:04:19,671 - INFO - ✅ API调用成功: 121.192692, 31.030973 -> 松江区
2025-07-12 01:04:19,675 - INFO - 🔄 正在处理记录 884: (121.403102, 31.203231)
2025-07-12 01:04:19,675 - INFO - 📈 进度: 387/3473 (11.1%)
2025-07-12 01:04:20,655 - INFO - ✅ API调用成功: 121.415107, 30.908169 -> 奉贤区
2025-07-12 01:04:20,670 - INFO - 🔄 正在处理记录 885: (121.418798, 31.028258)
2025-07-12 01:04:20,670 - INFO - 📈 进度: 388/3473 (11.2%)
2025-07-12 01:04:21,711 - INFO - ✅ API调用成功: 121.509865, 31.275939 -> 虹口区
2025-07-12 01:04:21,716 - INFO - 🔄 正在处理记录 886: (121.351206, 31.249463)
2025-07-12 01:04:21,716 - INFO - 📈 进度: 389/3473 (11.2%)
2025-07-12 01:04:22,689 - INFO - ✅ API调用成功: 121.388481, 31.22986 -> 普陀区
2025-07-12 01:04:22,695 - INFO - 🔄 正在处理记录 887: (121.492846, 31.26495)
2025-07-12 01:04:22,712 - INFO - ✅ 写入 10 条结果到 /Users/songdingan/Downloads/detect_bus/final_station_ranking_with_district.csv
2025-07-12 01:04:22,713 - INFO - 📈 进度: 390/3473 (11.2%)
2025-07-12 01:04:23,691 - INFO - ✅ API调用成功: 121.41839, 31.268848 -> 普陀区
2025-07-12 01:04:23,704 - INFO - 🔄 正在处理记录 888: (121.279294, 31.08446)
2025-07-12 01:04:23,704 - INFO - 📈 进度: 391/3473 (11.3%)
2025-07-12 01:04:24,709 - INFO - ✅ API调用成功: 121.351501, 31.217564 -> 长宁区
2025-07-12 01:04:24,713 - INFO - 🔄 正在处理记录 889: (121.44428, 31.200803)
2025-07-12 01:04:24,714 - INFO - 📈 进度: 392/3473 (11.3%)
2025-07-12 01:04:25,729 - INFO - ✅ API调用成功: 121.5345, 31.305537 -> 杨浦区
2025-07-12 01:04:25,734 - INFO - 🔄 正在处理记录 890: (121.340592, 30.714756)
2025-07-12 01:04:25,735 - INFO - 📈 进度: 393/3473 (11.3%)
2025-07-12 01:04:26,736 - INFO - ✅ API调用成功: 121.192328, 31.160248 -> 青浦区
2025-07-12 01:04:26,740 - INFO - 🔄 正在处理记录 891: (121.189206, 31.274208)
2025-07-12 01:04:26,740 - INFO - 📈 进度: 394/3473 (11.3%)
2025-07-12 01:04:27,701 - INFO - ✅ API调用成功: 121.441254, 30.907215 -> 奉贤区
2025-07-12 01:04:27,705 - INFO - 🔄 正在处理记录 892: (121.241239, 31.054243)
2025-07-12 01:04:27,705 - INFO - 📈 进度: 395/3473 (11.4%)
2025-07-12 01:04:28,746 - INFO - ✅ API调用成功: 121.458986, 31.222233 -> 徐汇区
2025-07-12 01:04:28,753 - INFO - 🔄 正在处理记录 893: (121.527657, 31.322469)
2025-07-12 01:04:28,753 - INFO - 📈 进度: 396/3473 (11.4%)
2025-07-12 01:04:29,713 - INFO - ✅ API调用成功: 121.589898, 31.071119 -> 浦东新区
2025-07-12 01:04:29,727 - INFO - 🔄 正在处理记录 894: (121.274926, 31.337352)
2025-07-12 01:04:29,727 - INFO - 📈 进度: 397/3473 (11.4%)
2025-07-12 01:04:30,721 - INFO - ✅ API调用成功: 121.584826, 31.056276 -> 浦东新区
2025-07-12 01:04:30,728 - INFO - 🔄 正在处理记录 895: (121.490861, 31.271356)
2025-07-12 01:04:30,728 - INFO - 📈 进度: 398/3473 (11.5%)
2025-07-12 01:04:31,721 - INFO - ✅ API调用成功: 121.245434, 31.013279 -> 松江区
2025-07-12 01:04:31,727 - INFO - 🔄 正在处理记录 896: (121.531135, 31.313612)
2025-07-12 01:04:31,727 - INFO - 📈 进度: 399/3473 (11.5%)
2025-07-12 01:04:32,753 - INFO - ✅ API调用成功: 121.248646, 31.004767 -> 松江区
2025-07-12 01:04:32,757 - INFO - 🔄 正在处理记录 897: (121.234726, 30.965092)
2025-07-12 01:04:32,767 - INFO - ✅ 写入 10 条结果到 /Users/songdingan/Downloads/detect_bus/final_station_ranking_with_district.csv
2025-07-12 01:04:32,767 - INFO - 📈 进度: 400/3473 (11.5%)
2025-07-12 01:04:33,745 - INFO - ✅ API调用成功: 121.181592, 31.01426 -> 松江区
2025-07-12 01:04:33,760 - INFO - 🔄 正在处理记录 898: (121.426035, 31.132831)
2025-07-12 01:04:33,760 - INFO - 📈 进度: 401/3473 (11.5%)
2025-07-12 01:04:34,786 - INFO - ✅ API调用成功: 121.462991, 31.226869 -> 静安区
2025-07-12 01:04:34,792 - INFO - 🔄 正在处理记录 899: (121.365708, 31.020363)
2025-07-12 01:04:34,792 - INFO - 📈 进度: 402/3473 (11.6%)
2025-07-12 01:04:35,766 - INFO - ✅ API调用成功: 121.471993, 30.920033 -> 奉贤区
2025-07-12 01:04:35,772 - INFO - 🔄 正在处理记录 900: (121.0589, 31.002087)
2025-07-12 01:04:35,772 - INFO - 📈 进度: 403/3473 (11.6%)
2025-07-12 01:04:36,776 - INFO - ✅ API调用成功: 121.305259, 31.219699 -> 闵行区
2025-07-12 01:04:36,781 - INFO - 🔄 正在处理记录 901: (121.37648, 31.196884)
2025-07-12 01:04:36,781 - INFO - 📈 进度: 404/3473 (11.6%)
2025-07-12 01:04:37,799 - INFO - ✅ API调用成功: 121.504155, 31.147953 -> 浦东新区
2025-07-12 01:04:37,802 - INFO - 🔄 正在处理记录 902: (121.485068, 30.920112)
2025-07-12 01:04:37,802 - INFO - 📈 进度: 405/3473 (11.7%)
2025-07-12 01:04:38,860 - INFO - ✅ API调用成功: 121.431937, 31.241196 -> 普陀区
2025-07-12 01:04:38,865 - INFO - 🔄 正在处理记录 903: (121.106848, 31.139423)
2025-07-12 01:04:38,865 - INFO - 📈 进度: 406/3473 (11.7%)
2025-07-12 01:04:39,803 - INFO - ✅ API调用成功: 121.255085, 31.377125 -> 嘉定区
2025-07-12 01:04:39,808 - INFO - 🔄 正在处理记录 904: (121.184265, 31.015317)
2025-07-12 01:04:39,808 - INFO - 📈 进度: 407/3473 (11.7%)
2025-07-12 01:04:40,793 - INFO - ✅ API调用成功: 121.491037, 31.401983 -> 宝山区
2025-07-12 01:04:40,798 - INFO - 🔄 正在处理记录 905: (121.438739, 31.234084)
2025-07-12 01:04:40,798 - INFO - 📈 进度: 408/3473 (11.7%)
2025-07-12 01:04:41,814 - INFO - ✅ API调用成功: 121.370901, 31.206079 -> 长宁区
2025-07-12 01:04:41,818 - INFO - 🔄 正在处理记录 906: (121.504737, 31.274552)
2025-07-12 01:04:41,819 - INFO - 📈 进度: 409/3473 (11.8%)
2025-07-12 01:04:43,276 - INFO - ✅ API调用成功: 121.268252, 31.391313 -> 嘉定区
2025-07-12 01:04:43,281 - INFO - 🔄 正在处理记录 907: (121.445614, 31.315319)
2025-07-12 01:04:43,292 - INFO - ✅ 写入 10 条结果到 /Users/songdingan/Downloads/detect_bus/final_station_ranking_with_district.csv
2025-07-12 01:04:43,292 - INFO - 📈 进度: 410/3473 (11.8%)
2025-07-12 01:04:43,826 - INFO - ✅ API调用成功: 121.254912, 31.17232 -> 青浦区
2025-07-12 01:04:43,830 - INFO - 🔄 正在处理记录 908: (121.823235, 30.898506)
2025-07-12 01:04:43,831 - INFO - 📈 进度: 411/3473 (11.8%)
2025-07-12 01:04:44,819 - INFO - ✅ API调用成功: 121.253708, 31.175561 -> 青浦区
2025-07-12 01:04:44,834 - INFO - 🔄 正在处理记录 909: (121.436759, 30.921113)
2025-07-12 01:04:44,834 - INFO - 📈 进度: 412/3473 (11.9%)
2025-07-12 01:04:46,001 - INFO - ✅ API调用成功: 121.18377, 31.101728 -> 松江区
2025-07-12 01:04:46,008 - INFO - 🔄 正在处理记录 910: (121.399685, 31.638329)
2025-07-12 01:04:46,008 - INFO - 📈 进度: 413/3473 (11.9%)
2025-07-12 01:04:46,852 - INFO - ✅ API调用成功: 121.461288, 31.274938 -> 静安区
2025-07-12 01:04:46,857 - INFO - 🔄 正在处理记录 911: (121.504737, 31.274552)
2025-07-12 01:04:46,857 - INFO - 📈 进度: 414/3473 (11.9%)
2025-07-12 01:04:47,837 - INFO - ✅ API调用成功: 121.153985, 31.166493 -> 青浦区
2025-07-12 01:04:47,842 - INFO - 🔄 正在处理记录 912: (121.2088, 31.01537)
2025-07-12 01:04:47,842 - INFO - 📈 进度: 415/3473 (11.9%)
2025-07-12 01:04:49,022 - INFO - ✅ API调用成功: 121.096501, 31.136719 -> 青浦区
2025-07-12 01:04:49,029 - INFO - 🔄 正在处理记录 913: (121.571591, 31.285798)
2025-07-12 01:04:49,029 - INFO - 📈 进度: 416/3473 (12.0%)
2025-07-12 01:04:49,868 - INFO - ✅ API调用成功: 121.71048, 30.987826 -> 奉贤区
2025-07-12 01:04:49,881 - INFO - 🔄 正在处理记录 914: (121.322183, 31.071595)
2025-07-12 01:04:49,881 - INFO - 📈 进度: 417/3473 (12.0%)
2025-07-12 01:04:50,881 - INFO - ✅ API调用成功: 121.527582, 31.053153 -> 闵行区
2025-07-12 01:04:50,887 - INFO - 🔄 正在处理记录 915: (121.284023, 31.361933)
2025-07-12 01:04:50,888 - INFO - 📈 进度: 418/3473 (12.0%)
2025-07-12 01:04:51,870 - INFO - ✅ API调用成功: 121.384446, 31.200116 -> 长宁区
2025-07-12 01:04:51,887 - INFO - 🔄 正在处理记录 916: (121.51086, 31.314974)
2025-07-12 01:04:51,887 - INFO - 📈 进度: 419/3473 (12.1%)
2025-07-12 01:04:52,868 - INFO - ✅ API调用成功: 121.419118, 31.20267 -> 长宁区
2025-07-12 01:04:52,875 - INFO - 🔄 正在处理记录 917: (121.222632, 31.391296)
2025-07-12 01:04:52,890 - INFO - ✅ 写入 10 条结果到 /Users/songdingan/Downloads/detect_bus/final_station_ranking_with_district.csv
2025-07-12 01:04:52,890 - INFO - 📈 进度: 420/3473 (12.1%)
2025-07-12 01:04:53,907 - INFO - ✅ API调用成功: 121.414952, 31.176995 -> 徐汇区
2025-07-12 01:04:53,913 - INFO - 🔄 正在处理记录 918: (121.613249, 31.53475)
2025-07-12 01:04:53,913 - INFO - 📈 进度: 421/3473 (12.1%)
2025-07-12 01:04:54,935 - INFO - ✅ API调用成功: 121.380743, 31.099416 -> 闵行区
2025-07-12 01:04:54,941 - INFO - 🔄 正在处理记录 919: (121.113374, 31.156978)
2025-07-12 01:04:54,941 - INFO - 📈 进度: 422/3473 (12.2%)
2025-07-12 01:04:55,912 - INFO - ✅ API调用成功: 121.822577, 31.003212 -> 浦东新区
2025-07-12 01:04:55,918 - INFO - 🔄 正在处理记录 920: (121.131402, 31.15691)
2025-07-12 01:04:55,918 - INFO - 📈 进度: 423/3473 (12.2%)
2025-07-12 01:04:56,896 - INFO - ✅ API调用成功: 121.388904, 31.215334 -> 长宁区
2025-07-12 01:04:56,901 - INFO - 🔄 正在处理记录 921: (121.257962, 31.416369)
2025-07-12 01:04:56,901 - INFO - 📈 进度: 424/3473 (12.2%)
2025-07-12 01:04:57,916 - INFO - ✅ API调用成功: 121.430308, 31.399096 -> 宝山区
2025-07-12 01:04:57,920 - INFO - 🔄 正在处理记录 922: (121.289733, 31.200367)
2025-07-12 01:04:57,920 - INFO - 📈 进度: 425/3473 (12.2%)
2025-07-12 01:04:58,926 - INFO - ✅ API调用成功: 121.204396, 31.01743 -> 松江区
2025-07-12 01:04:58,932 - INFO - 🔄 正在处理记录 923: (121.316242, 31.065906)
2025-07-12 01:04:58,932 - INFO - 📈 进度: 426/3473 (12.3%)
2025-07-12 01:04:59,931 - INFO - ✅ API调用成功: 121.403102, 31.203231 -> 长宁区
2025-07-12 01:04:59,947 - INFO - 🔄 正在处理记录 924: (121.907479, 30.896682)
2025-07-12 01:04:59,948 - INFO - 📈 进度: 427/3473 (12.3%)
2025-07-12 01:05:00,921 - INFO - ✅ API调用成功: 121.418798, 31.028258 -> 闵行区
2025-07-12 01:05:00,925 - INFO - 🔄 正在处理记录 925: (121.518827, 31.266351)
2025-07-12 01:05:00,925 - INFO - 📈 进度: 428/3473 (12.3%)
2025-07-12 01:05:01,927 - INFO - ✅ API调用成功: 121.351206, 31.249463 -> 长宁区
2025-07-12 01:05:01,931 - INFO - 🔄 正在处理记录 926: (121.577436, 31.106808)
2025-07-12 01:05:01,932 - INFO - 📈 进度: 429/3473 (12.4%)
2025-07-12 01:05:02,967 - INFO - ✅ API调用成功: 121.492846, 31.26495 -> 虹口区
2025-07-12 01:05:02,973 - INFO - 🔄 正在处理记录 927: (121.364659, 31.178761)
2025-07-12 01:05:02,989 - INFO - ✅ 写入 10 条结果到 /Users/songdingan/Downloads/detect_bus/final_station_ranking_with_district.csv
2025-07-12 01:05:02,989 - INFO - 📈 进度: 430/3473 (12.4%)
2025-07-12 01:05:03,954 - INFO - ✅ API调用成功: 121.279294, 31.08446 -> 松江区
2025-07-12 01:05:03,962 - INFO - 🔄 正在处理记录 928: (121.335961, 30.714504)
2025-07-12 01:05:03,962 - INFO - 📈 进度: 431/3473 (12.4%)
2025-07-12 01:05:04,969 - INFO - ✅ API调用成功: 121.44428, 31.200803 -> 徐汇区
2025-07-12 01:05:04,975 - INFO - 🔄 正在处理记录 929: (121.422031, 31.115172)
2025-07-12 01:05:04,975 - INFO - 📈 进度: 432/3473 (12.4%)
2025-07-12 01:05:05,983 - INFO - ✅ API调用成功: 121.340592, 30.714756 -> 金山区
2025-07-12 01:05:06,012 - INFO - 🔄 正在处理记录 930: (121.206056, 31.005158)
2025-07-12 01:05:06,012 - INFO - 📈 进度: 433/3473 (12.5%)
2025-07-12 01:05:06,979 - INFO - ✅ API调用成功: 121.189206, 31.274208 -> 嘉定区
2025-07-12 01:05:06,987 - INFO - 🔄 正在处理记录 931: (121.167204, 30.981275)
2025-07-12 01:05:06,987 - INFO - 📈 进度: 434/3473 (12.5%)
2025-07-12 01:05:07,962 - INFO - ✅ API调用成功: 121.241239, 31.054243 -> 松江区
2025-07-12 01:05:07,967 - INFO - 🔄 正在处理记录 932: (121.215094, 31.391262)
2025-07-12 01:05:07,967 - INFO - 📈 进度: 435/3473 (12.5%)
2025-07-12 01:05:08,998 - INFO - ✅ API调用成功: 121.527657, 31.322469 -> 杨浦区
2025-07-12 01:05:09,003 - INFO - 🔄 正在处理记录 933: (121.386277, 31.242107)
2025-07-12 01:05:09,003 - INFO - 📈 进度: 436/3473 (12.6%)
2025-07-12 01:05:10,000 - INFO - ✅ API调用成功: 121.274926, 31.337352 -> 嘉定区
2025-07-12 01:05:10,005 - INFO - 🔄 正在处理记录 934: (121.47218, 31.261091)
2025-07-12 01:05:10,006 - INFO - 📈 进度: 437/3473 (12.6%)
2025-07-12 01:05:11,015 - INFO - ✅ API调用成功: 121.490861, 31.271356 -> 虹口区
2025-07-12 01:05:11,022 - INFO - 🔄 正在处理记录 935: (121.319777, 31.452214)
2025-07-12 01:05:11,022 - INFO - 📈 进度: 438/3473 (12.6%)
2025-07-12 01:05:12,016 - INFO - ✅ API调用成功: 121.531135, 31.313612 -> 杨浦区
2025-07-12 01:05:12,022 - INFO - 🔄 正在处理记录 936: (121.352261, 30.723703)
2025-07-12 01:05:12,023 - INFO - 📈 进度: 439/3473 (12.6%)
2025-07-12 01:05:12,994 - INFO - ✅ API调用成功: 121.234726, 30.965092 -> 松江区
2025-07-12 01:05:12,997 - INFO - 🔄 正在处理记录 937: (121.351501, 31.217564)
2025-07-12 01:05:13,013 - INFO - ✅ 写入 10 条结果到 /Users/songdingan/Downloads/detect_bus/final_station_ranking_with_district.csv
2025-07-12 01:05:13,013 - INFO - 📈 进度: 440/3473 (12.7%)
2025-07-12 01:05:14,036 - INFO - ✅ API调用成功: 121.426035, 31.132831 -> 闵行区
2025-07-12 01:05:14,053 - INFO - 🔄 正在处理记录 938: (121.23613, 30.994313)
2025-07-12 01:05:14,053 - INFO - 📈 进度: 441/3473 (12.7%)
2025-07-12 01:05:15,019 - INFO - ✅ API调用成功: 121.365708, 31.020363 -> 闵行区
2025-07-12 01:05:15,023 - INFO - 🔄 正在处理记录 939: (121.20119, 31.027727)
2025-07-12 01:05:15,023 - INFO - 📈 进度: 442/3473 (12.7%)
2025-07-12 01:05:16,077 - INFO - ✅ API调用成功: 121.0589, 31.002087 -> 青浦区
2025-07-12 01:05:16,085 - INFO - 🔄 正在处理记录 940: (121.129404, 31.233178)
2025-07-12 01:05:16,085 - INFO - 📈 进度: 443/3473 (12.8%)
2025-07-12 01:05:17,028 - INFO - ✅ API调用成功: 121.37648, 31.196884 -> 长宁区
2025-07-12 01:05:17,035 - INFO - 🔄 正在处理记录 941: (121.399685, 31.638329)
2025-07-12 01:05:17,035 - INFO - 📈 进度: 444/3473 (12.8%)
2025-07-12 01:05:18,024 - INFO - ✅ API调用成功: 121.485068, 30.920112 -> 奉贤区
2025-07-12 01:05:18,029 - INFO - 🔄 正在处理记录 942: (121.136797, 30.80337)
2025-07-12 01:05:18,029 - INFO - 📈 进度: 445/3473 (12.8%)
2025-07-12 01:05:19,043 - INFO - ✅ API调用成功: 121.106848, 31.139423 -> 青浦区
2025-07-12 01:05:19,048 - INFO - 🔄 正在处理记录 943: (121.400613, 31.26896)
2025-07-12 01:05:19,048 - INFO - 📈 进度: 446/3473 (12.8%)
2025-07-12 01:05:20,029 - INFO - ✅ API调用成功: 121.184265, 31.015317 -> 松江区
2025-07-12 01:05:20,043 - INFO - 🔄 正在处理记录 944: (121.662617, 31.276519)
2025-07-12 01:05:20,043 - INFO - 📈 进度: 447/3473 (12.9%)
2025-07-12 01:05:21,035 - INFO - ✅ API调用成功: 121.438739, 31.234084 -> 静安区
2025-07-12 01:05:21,039 - INFO - 🔄 正在处理记录 945: (121.39779, 31.176928)
2025-07-12 01:05:21,039 - INFO - 📈 进度: 448/3473 (12.9%)
2025-07-12 01:05:22,048 - INFO - ✅ API调用成功: 121.504737, 31.274552 -> 虹口区
2025-07-12 01:05:22,052 - INFO - 🔄 正在处理记录 946: (121.394661, 31.19055)
2025-07-12 01:05:22,052 - INFO - 📈 进度: 449/3473 (12.9%)
2025-07-12 01:05:23,057 - INFO - ✅ API调用成功: 121.445614, 31.315319 -> 静安区
2025-07-12 01:05:23,062 - INFO - 🔄 正在处理记录 947: (121.612151, 31.131373)
2025-07-12 01:05:23,081 - INFO - ✅ 写入 10 条结果到 /Users/songdingan/Downloads/detect_bus/final_station_ranking_with_district.csv
2025-07-12 01:05:23,081 - INFO - 📈 进度: 450/3473 (13.0%)
2025-07-12 01:05:24,069 - INFO - ✅ API调用成功: 121.823235, 30.898506 -> 浦东新区
2025-07-12 01:05:24,073 - INFO - 🔄 正在处理记录 948: (121.347023, 31.173764)
2025-07-12 01:05:24,073 - INFO - 📈 进度: 451/3473 (13.0%)
2025-07-12 01:05:25,298 - INFO - ✅ API调用成功: 121.436759, 30.921113 -> 奉贤区
2025-07-12 01:05:25,302 - INFO - 🔄 正在处理记录 949: (121.470992, 31.257263)
2025-07-12 01:05:25,302 - INFO - 📈 进度: 452/3473 (13.0%)
2025-07-12 01:05:26,118 - INFO - ✅ API调用成功: 121.399685, 31.638329 -> 崇明区
2025-07-12 01:05:26,122 - INFO - 🔄 正在处理记录 950: (121.468331, 31.296514)
2025-07-12 01:05:26,123 - INFO - 📈 进度: 453/3473 (13.0%)
2025-07-12 01:05:27,106 - INFO - ✅ API调用成功: 121.504737, 31.274552 -> 虹口区
2025-07-12 01:05:27,111 - INFO - 🔄 正在处理记录 951: (121.341954, 31.337409)
2025-07-12 01:05:27,111 - INFO - 📈 进度: 454/3473 (13.1%)
2025-07-12 01:05:28,239 - INFO - ✅ API调用成功: 121.2088, 31.01537 -> 松江区
2025-07-12 01:05:28,244 - INFO - 🔄 正在处理记录 952: (121.445241, 31.281175)
2025-07-12 01:05:28,244 - INFO - 📈 进度: 455/3473 (13.1%)
2025-07-12 01:05:29,098 - INFO - ✅ API调用成功: 121.571591, 31.285798 -> 杨浦区
2025-07-12 01:05:29,102 - INFO - 🔄 正在处理记录 953: (121.432423, 31.274988)
2025-07-12 01:05:29,102 - INFO - 📈 进度: 456/3473 (13.1%)
2025-07-12 01:05:30,078 - INFO - ✅ API调用成功: 121.322183, 31.071595 -> 松江区
2025-07-12 01:05:30,082 - INFO - 🔄 正在处理记录 954: (121.450616, 31.255057)
2025-07-12 01:05:30,082 - INFO - 📈 进度: 457/3473 (13.2%)
2025-07-12 01:05:31,105 - INFO - ✅ API调用成功: 121.284023, 31.361933 -> 嘉定区
2025-07-12 01:05:31,111 - INFO - 🔄 正在处理记录 955: (121.43834, 31.268987)
2025-07-12 01:05:31,111 - INFO - 📈 进度: 458/3473 (13.2%)
2025-07-12 01:05:32,089 - INFO - ✅ API调用成功: 121.51086, 31.314974 -> 杨浦区
2025-07-12 01:05:32,093 - INFO - 🔄 正在处理记录 956: (121.724419, 31.250867)
2025-07-12 01:05:32,093 - INFO - 📈 进度: 459/3473 (13.2%)
2025-07-12 01:05:33,096 - INFO - ✅ API调用成功: 121.222632, 31.391296 -> 嘉定区
2025-07-12 01:05:33,100 - INFO - 🔄 正在处理记录 957: (121.379616, 31.211038)
2025-07-12 01:05:33,110 - INFO - ✅ 写入 10 条结果到 /Users/songdingan/Downloads/detect_bus/final_station_ranking_with_district.csv
2025-07-12 01:05:33,110 - INFO - 📈 进度: 460/3473 (13.2%)
2025-07-12 01:05:34,116 - INFO - ✅ API调用成功: 121.613249, 31.53475 -> 崇明区
2025-07-12 01:05:34,135 - INFO - 🔄 正在处理记录 958: (121.331334, 31.439061)
2025-07-12 01:05:34,135 - INFO - 📈 进度: 461/3473 (13.3%)
2025-07-12 01:05:35,144 - INFO - ✅ API调用成功: 121.113374, 31.156978 -> 青浦区
2025-07-12 01:05:35,152 - INFO - 🔄 正在处理记录 959: (121.587493, 30.925833)
2025-07-12 01:05:35,152 - INFO - 📈 进度: 462/3473 (13.3%)
2025-07-12 01:05:36,149 - INFO - ✅ API调用成功: 121.131402, 31.15691 -> 青浦区
2025-07-12 01:05:36,156 - INFO - 🔄 正在处理记录 960: (121.231437, 31.058788)
2025-07-12 01:05:36,156 - INFO - 📈 进度: 463/3473 (13.3%)
2025-07-12 01:05:37,165 - INFO - ✅ API调用成功: 121.257962, 31.416369 -> 嘉定区
2025-07-12 01:05:37,172 - INFO - 🔄 正在处理记录 961: (121.184685, 31.030046)
2025-07-12 01:05:37,172 - INFO - 📈 进度: 464/3473 (13.4%)
2025-07-12 01:05:38,164 - INFO - ✅ API调用成功: 121.289733, 31.200367 -> 闵行区
2025-07-12 01:05:38,169 - INFO - 🔄 正在处理记录 962: (121.430792, 31.232612)
2025-07-12 01:05:38,169 - INFO - 📈 进度: 465/3473 (13.4%)
2025-07-12 01:05:39,150 - INFO - ✅ API调用成功: 121.316242, 31.065906 -> 松江区
2025-07-12 01:05:39,153 - INFO - 🔄 正在处理记录 963: (121.036992, 31.104358)
2025-07-12 01:05:39,154 - INFO - 📈 进度: 466/3473 (13.4%)
2025-07-12 01:05:40,186 - INFO - ✅ API调用成功: 121.907479, 30.896682 -> 浦东新区
2025-07-12 01:05:40,194 - INFO - 🔄 正在处理记录 964: (121.434826, 30.927642)
2025-07-12 01:05:40,194 - INFO - 📈 进度: 467/3473 (13.4%)
2025-07-12 01:05:41,157 - INFO - ✅ API调用成功: 121.518827, 31.266351 -> 杨浦区
2025-07-12 01:05:41,161 - INFO - 🔄 正在处理记录 965: (121.422502, 30.986872)
2025-07-12 01:05:41,161 - INFO - 📈 进度: 468/3473 (13.5%)
2025-07-12 01:05:42,303 - INFO - ✅ API调用成功: 121.577436, 31.106808 -> 浦东新区
2025-07-12 01:05:42,310 - INFO - 🔄 正在处理记录 966: (121.426307, 30.98805)
2025-07-12 01:05:42,310 - INFO - 📈 进度: 469/3473 (13.5%)
2025-07-12 01:05:43,178 - INFO - ✅ API调用成功: 121.364659, 31.178761 -> 闵行区
2025-07-12 01:05:43,182 - INFO - 🔄 正在处理记录 967: (121.43758, 31.225684)
2025-07-12 01:05:43,197 - INFO - ✅ 写入 10 条结果到 /Users/songdingan/Downloads/detect_bus/final_station_ranking_with_district.csv
2025-07-12 01:05:43,197 - INFO - 📈 进度: 470/3473 (13.5%)
2025-07-12 01:05:44,198 - INFO - ✅ API调用成功: 121.335961, 30.714504 -> 金山区
2025-07-12 01:05:44,223 - INFO - 🔄 正在处理记录 968: (121.26012, 31.004538)
2025-07-12 01:05:44,223 - INFO - 📈 进度: 471/3473 (13.6%)
2025-07-12 01:05:45,265 - INFO - ✅ API调用成功: 121.422031, 31.115172 -> 闵行区
2025-07-12 01:05:45,270 - INFO - 🔄 正在处理记录 969: (121.69251, 31.200315)
2025-07-12 01:05:45,270 - INFO - 📈 进度: 472/3473 (13.6%)
2025-07-12 01:05:46,246 - INFO - ✅ API调用成功: 121.206056, 31.005158 -> 松江区
2025-07-12 01:05:46,251 - INFO - 🔄 正在处理记录 970: (121.431175, 31.268025)
2025-07-12 01:05:46,251 - INFO - 📈 进度: 473/3473 (13.6%)
2025-07-12 01:05:47,208 - INFO - ✅ API调用成功: 121.167204, 30.981275 -> 松江区
2025-07-12 01:05:47,215 - INFO - 🔄 正在处理记录 971: (121.445438, 31.157427)
2025-07-12 01:05:47,215 - INFO - 📈 进度: 474/3473 (13.6%)
2025-07-12 01:05:48,199 - INFO - ✅ API调用成功: 121.215094, 31.391262 -> 嘉定区
2025-07-12 01:05:48,203 - INFO - 🔄 正在处理记录 972: (121.437649, 31.189135)
2025-07-12 01:05:48,203 - INFO - 📈 进度: 475/3473 (13.7%)
2025-07-12 01:05:49,386 - INFO - ✅ API调用成功: 121.386277, 31.242107 -> 普陀区
2025-07-12 01:05:49,402 - INFO - 🔄 正在处理记录 973: (121.480125, 31.206059)
2025-07-12 01:05:49,402 - INFO - 📈 进度: 476/3473 (13.7%)
2025-07-12 01:05:50,221 - INFO - ✅ API调用成功: 121.47218, 31.261091 -> 静安区
2025-07-12 01:05:50,228 - INFO - 🔄 正在处理记录 974: (121.452105, 31.225221)
2025-07-12 01:05:50,228 - INFO - 📈 进度: 477/3473 (13.7%)
2025-07-12 01:05:51,261 - INFO - ✅ API调用成功: 121.319777, 31.452214 -> 嘉定区
2025-07-12 01:05:51,267 - INFO - 🔄 正在处理记录 975: (121.350521, 31.170952)
2025-07-12 01:05:51,268 - INFO - 📈 进度: 478/3473 (13.8%)
2025-07-12 01:05:52,237 - INFO - ✅ API调用成功: 121.352261, 30.723703 -> 金山区
2025-07-12 01:05:52,241 - INFO - 🔄 正在处理记录 976: (121.258099, 31.383001)
2025-07-12 01:05:52,241 - INFO - 📈 进度: 479/3473 (13.8%)
2025-07-12 01:05:53,215 - INFO - ✅ API调用成功: 121.351501, 31.217564 -> 长宁区
2025-07-12 01:05:53,227 - INFO - 🔄 正在处理记录 977: (121.148691, 31.163199)
2025-07-12 01:05:53,236 - INFO - ✅ 写入 10 条结果到 /Users/songdingan/Downloads/detect_bus/final_station_ranking_with_district.csv
2025-07-12 01:05:53,236 - INFO - 📈 进度: 480/3473 (13.8%)
2025-07-12 01:05:54,232 - INFO - ✅ API调用成功: 121.23613, 30.994313 -> 松江区
2025-07-12 01:05:54,237 - INFO - 🔄 正在处理记录 978: (121.457639, 31.254095)
2025-07-12 01:05:54,237 - INFO - 📈 进度: 481/3473 (13.8%)
2025-07-12 01:05:55,237 - INFO - ✅ API调用成功: 121.20119, 31.027727 -> 松江区
2025-07-12 01:05:55,241 - INFO - 🔄 正在处理记录 979: (121.555317, 31.256081)
2025-07-12 01:05:55,241 - INFO - 📈 进度: 482/3473 (13.9%)
2025-07-12 01:05:56,267 - INFO - ✅ API调用成功: 121.129404, 31.233178 -> 青浦区
2025-07-12 01:05:56,272 - INFO - 🔄 正在处理记录 980: (121.572746, 31.260067)
2025-07-12 01:05:56,273 - INFO - 📈 进度: 483/3473 (13.9%)
2025-07-12 01:05:57,253 - INFO - ✅ API调用成功: 121.399685, 31.638329 -> 崇明区
2025-07-12 01:05:57,259 - INFO - 🔄 正在处理记录 981: (121.289326, 31.145617)
2025-07-12 01:05:57,259 - INFO - 📈 进度: 484/3473 (13.9%)
2025-07-12 01:05:58,236 - INFO - ✅ API调用成功: 121.136797, 30.80337 -> 金山区
2025-07-12 01:05:58,243 - INFO - 🔄 正在处理记录 982: (121.297782, 31.134174)
2025-07-12 01:05:58,244 - INFO - 📈 进度: 485/3473 (14.0%)
2025-07-12 01:05:59,261 - INFO - ✅ API调用成功: 121.400613, 31.26896 -> 普陀区
2025-07-12 01:05:59,278 - INFO - 🔄 正在处理记录 983: (121.142011, 31.153991)
2025-07-12 01:05:59,278 - INFO - 📈 进度: 486/3473 (14.0%)
2025-07-12 01:06:00,299 - INFO - ✅ API调用成功: 121.662617, 31.276519 -> 浦东新区
2025-07-12 01:06:00,305 - INFO - 🔄 正在处理记录 984: (121.307394, 31.241234)
2025-07-12 01:06:00,305 - INFO - 📈 进度: 487/3473 (14.0%)
2025-07-12 01:06:01,292 - INFO - ✅ API调用成功: 121.39779, 31.176928 -> 闵行区
2025-07-12 01:06:01,299 - INFO - 🔄 正在处理记录 985: (121.413839, 31.220218)
2025-07-12 01:06:01,300 - INFO - 📈 进度: 488/3473 (14.1%)
2025-07-12 01:06:02,305 - INFO - ✅ API调用成功: 121.394661, 31.19055 -> 闵行区
2025-07-12 01:06:02,317 - INFO - 🔄 正在处理记录 986: (121.390615, 31.206662)
2025-07-12 01:06:02,317 - INFO - 📈 进度: 489/3473 (14.1%)
2025-07-12 01:06:03,301 - INFO - ✅ API调用成功: 121.612151, 31.131373 -> 浦东新区
2025-07-12 01:06:03,305 - INFO - 🔄 正在处理记录 987: (121.437825, 31.24411)
2025-07-12 01:06:03,315 - INFO - ✅ 写入 10 条结果到 /Users/songdingan/Downloads/detect_bus/final_station_ranking_with_district.csv
2025-07-12 01:06:03,315 - INFO - 📈 进度: 490/3473 (14.1%)
2025-07-12 01:06:04,324 - INFO - ✅ API调用成功: 121.347023, 31.173764 -> 闵行区
2025-07-12 01:06:04,344 - INFO - 🔄 正在处理记录 988: (121.276928, 31.39406)
2025-07-12 01:06:04,344 - INFO - 📈 进度: 491/3473 (14.1%)
2025-07-12 01:06:05,327 - INFO - ✅ API调用成功: 121.470992, 31.257263 -> 静安区
2025-07-12 01:06:05,333 - INFO - 🔄 正在处理记录 989: (121.299549, 31.147462)
2025-07-12 01:06:05,333 - INFO - 📈 进度: 492/3473 (14.2%)
2025-07-12 01:06:06,320 - INFO - ✅ API调用成功: 121.468331, 31.296514 -> 虹口区
2025-07-12 01:06:06,328 - INFO - 🔄 正在处理记录 990: (121.232693, 31.185632)
2025-07-12 01:06:06,328 - INFO - 📈 进度: 493/3473 (14.2%)
2025-07-12 01:06:07,316 - INFO - ✅ API调用成功: 121.341954, 31.337409 -> 嘉定区
2025-07-12 01:06:07,323 - INFO - 🔄 正在处理记录 991: (121.401621, 31.109648)
2025-07-12 01:06:07,323 - INFO - 📈 进度: 494/3473 (14.2%)
2025-07-12 01:06:08,338 - INFO - ✅ API调用成功: 121.445241, 31.281175 -> 静安区
2025-07-12 01:06:08,345 - INFO - 🔄 正在处理记录 992: (121.572839, 31.2374)
2025-07-12 01:06:08,345 - INFO - 📈 进度: 495/3473 (14.3%)
2025-07-12 01:06:09,354 - INFO - ✅ API调用成功: 121.432423, 31.274988 -> 普陀区
2025-07-12 01:06:09,371 - INFO - 🔄 正在处理记录 993: (121.570186, 31.346287)
2025-07-12 01:06:09,371 - INFO - 📈 进度: 496/3473 (14.3%)
2025-07-12 01:06:10,313 - INFO - ✅ API调用成功: 121.450616, 31.255057 -> 普陀区
2025-07-12 01:06:10,320 - INFO - 🔄 正在处理记录 994: (121.205766, 30.996383)
2025-07-12 01:06:10,320 - INFO - 📈 进度: 497/3473 (14.3%)
2025-07-12 01:06:11,343 - INFO - ✅ API调用成功: 121.43834, 31.268987 -> 普陀区
2025-07-12 01:06:11,350 - INFO - 🔄 正在处理记录 995: (121.229968, 31.381409)
2025-07-12 01:06:11,351 - INFO - 📈 进度: 498/3473 (14.3%)
2025-07-12 01:06:12,354 - INFO - ✅ API调用成功: 121.724419, 31.250867 -> 浦东新区
2025-07-12 01:06:12,361 - INFO - 🔄 正在处理记录 996: (121.527582, 31.053153)
2025-07-12 01:06:12,362 - INFO - 📈 进度: 499/3473 (14.4%)
2025-07-12 01:06:13,330 - INFO - ✅ API调用成功: 121.379616, 31.211038 -> 长宁区
2025-07-12 01:06:13,334 - INFO - 🔄 正在处理记录 997: (121.272138, 30.931971)
2025-07-12 01:06:13,343 - INFO - ✅ 写入 10 条结果到 /Users/songdingan/Downloads/detect_bus/final_station_ranking_with_district.csv
2025-07-12 01:06:13,343 - INFO - 📈 进度: 500/3473 (14.4%)
2025-07-12 01:06:14,346 - INFO - ✅ API调用成功: 121.331334, 31.439061 -> 嘉定区
2025-07-12 01:06:14,371 - INFO - 🔄 正在处理记录 998: (121.147549, 31.144033)
2025-07-12 01:06:14,371 - INFO - 📈 进度: 501/3473 (14.4%)
2025-07-12 01:06:15,375 - INFO - ✅ API调用成功: 121.587493, 30.925833 -> 奉贤区
2025-07-12 01:06:15,380 - INFO - 🔄 正在处理记录 999: (121.131402, 31.15691)
2025-07-12 01:06:15,380 - INFO - 📈 进度: 502/3473 (14.5%)
2025-07-12 01:06:16,385 - INFO - ✅ API调用成功: 121.231437, 31.058788 -> 松江区
2025-07-12 01:06:16,392 - INFO - 🔄 正在处理记录 1000: (121.297782, 31.134174)
2025-07-12 01:06:16,392 - INFO - 📈 进度: 503/3473 (14.5%)
2025-07-12 01:06:17,395 - INFO - ✅ API调用成功: 121.184685, 31.030046 -> 松江区
2025-07-12 01:06:17,399 - INFO - 🔄 正在处理记录 1001: (121.507701, 31.056717)
2025-07-12 01:06:17,400 - INFO - 📈 进度: 504/3473 (14.5%)
2025-07-12 01:06:18,358 - INFO - ✅ API调用成功: 121.430792, 31.232612 -> 长宁区
2025-07-12 01:06:18,365 - INFO - 🔄 正在处理记录 1002: (121.474398, 31.229626)
2025-07-12 01:06:18,365 - INFO - 📈 进度: 505/3473 (14.5%)
2025-07-12 01:06:19,393 - INFO - ✅ API调用成功: 121.036992, 31.104358 -> 青浦区
2025-07-12 01:06:19,409 - INFO - 🔄 正在处理记录 1003: (121.210448, 30.996444)
2025-07-12 01:06:19,409 - INFO - 📈 进度: 506/3473 (14.6%)
2025-07-12 01:06:20,490 - INFO - ✅ API调用成功: 121.434826, 30.927642 -> 奉贤区
2025-07-12 01:06:20,495 - INFO - 🔄 正在处理记录 1004: (121.486304, 31.22218)
2025-07-12 01:06:20,495 - INFO - 📈 进度: 507/3473 (14.6%)
2025-07-12 01:06:21,402 - INFO - ✅ API调用成功: 121.422502, 30.986872 -> 奉贤区
2025-07-12 01:06:21,405 - INFO - 🔄 正在处理记录 1005: (121.263152, 31.176403)
2025-07-12 01:06:21,406 - INFO - 📈 进度: 508/3473 (14.6%)
2025-07-12 01:06:22,400 - INFO - ✅ API调用成功: 121.426307, 30.98805 -> 奉贤区
2025-07-12 01:06:22,407 - INFO - 🔄 正在处理记录 1006: (121.570186, 31.346287)
2025-07-12 01:06:22,407 - INFO - 📈 进度: 509/3473 (14.7%)
2025-07-12 01:06:23,423 - INFO - ✅ API调用成功: 121.43758, 31.225684 -> 长宁区
2025-07-12 01:06:23,430 - INFO - 🔄 正在处理记录 1007: (121.221395, 31.268386)
2025-07-12 01:06:23,437 - INFO - ✅ 写入 10 条结果到 /Users/songdingan/Downloads/detect_bus/final_station_ranking_with_district.csv
2025-07-12 01:06:23,437 - INFO - 📈 进度: 510/3473 (14.7%)
2025-07-12 01:06:24,430 - INFO - ✅ API调用成功: 121.26012, 31.004538 -> 松江区
2025-07-12 01:06:24,436 - INFO - 🔄 正在处理记录 1008: (121.220781, 31.055587)
2025-07-12 01:06:24,436 - INFO - 📈 进度: 511/3473 (14.7%)
2025-07-12 01:06:25,509 - INFO - ✅ API调用成功: 121.69251, 31.200315 -> 浦东新区
2025-07-12 01:06:25,513 - INFO - 🔄 正在处理记录 1009: (121.382777, 31.095748)
2025-07-12 01:06:25,513 - INFO - 📈 进度: 512/3473 (14.7%)
2025-07-12 01:06:26,479 - INFO - ✅ API调用成功: 121.431175, 31.268025 -> 普陀区
2025-07-12 01:06:26,484 - INFO - 🔄 正在处理记录 1010: (121.456112, 31.04337)
2025-07-12 01:06:26,484 - INFO - 📈 进度: 513/3473 (14.8%)
2025-07-12 01:06:27,466 - INFO - ✅ API调用成功: 121.445438, 31.157427 -> 徐汇区
2025-07-12 01:06:27,471 - INFO - 🔄 正在处理记录 1011: (121.61436, 31.254921)
2025-07-12 01:06:27,471 - INFO - 📈 进度: 514/3473 (14.8%)
2025-07-12 01:06:28,538 - INFO - ✅ API调用成功: 121.437649, 31.189135 -> 徐汇区
2025-07-12 01:06:28,545 - INFO - 🔄 正在处理记录 1012: (121.335049, 30.716134)
2025-07-12 01:06:28,545 - INFO - 📈 进度: 515/3473 (14.8%)
2025-07-12 01:06:29,460 - INFO - ✅ API调用成功: 121.480125, 31.206059 -> 黄浦区
2025-07-12 01:06:29,467 - INFO - 🔄 正在处理记录 1013: (121.206056, 31.005158)
2025-07-12 01:06:29,467 - INFO - 📈 进度: 516/3473 (14.9%)
2025-07-12 01:06:30,503 - INFO - ✅ API调用成功: 121.452105, 31.225221 -> 静安区
2025-07-12 01:06:30,512 - INFO - 🔄 正在处理记录 1014: (121.455797, 30.906447)
2025-07-12 01:06:30,513 - INFO - 📈 进度: 517/3473 (14.9%)
2025-07-12 01:06:31,477 - INFO - ✅ API调用成功: 121.350521, 31.170952 -> 闵行区
2025-07-12 01:06:31,483 - INFO - 🔄 正在处理记录 1015: (121.435616, 30.90726)
2025-07-12 01:06:31,483 - INFO - 📈 进度: 518/3473 (14.9%)
2025-07-12 01:06:32,473 - INFO - ✅ API调用成功: 121.258099, 31.383001 -> 嘉定区
2025-07-12 01:06:32,484 - INFO - 🔄 正在处理记录 1016: (121.107189, 31.151062)
2025-07-12 01:06:32,485 - INFO - 📈 进度: 519/3473 (14.9%)
2025-07-12 01:06:33,486 - INFO - ✅ API调用成功: 121.148691, 31.163199 -> 青浦区
2025-07-12 01:06:33,492 - INFO - 🔄 正在处理记录 1017: (121.164317, 31.297756)
2025-07-12 01:06:33,508 - INFO - ✅ 写入 10 条结果到 /Users/songdingan/Downloads/detect_bus/final_station_ranking_with_district.csv
2025-07-12 01:06:33,508 - INFO - 📈 进度: 520/3473 (15.0%)
2025-07-12 01:06:34,508 - INFO - ✅ API调用成功: 121.457639, 31.254095 -> 静安区
2025-07-12 01:06:34,515 - INFO - 🔄 正在处理记录 1018: (121.478325, 31.405186)
2025-07-12 01:06:34,516 - INFO - 📈 进度: 521/3473 (15.0%)
2025-07-12 01:06:35,506 - INFO - ✅ API调用成功: 121.555317, 31.256081 -> 浦东新区
2025-07-12 01:06:35,513 - INFO - 🔄 正在处理记录 1019: (121.592272, 30.995338)
2025-07-12 01:06:35,513 - INFO - 📈 进度: 522/3473 (15.0%)
2025-07-12 01:06:36,504 - INFO - ✅ API调用成功: 121.572746, 31.260067 -> 浦东新区
2025-07-12 01:06:36,510 - INFO - 🔄 正在处理记录 1020: (121.384883, 31.134106)
2025-07-12 01:06:36,510 - INFO - 📈 进度: 523/3473 (15.1%)
2025-07-12 01:06:37,503 - INFO - ✅ API调用成功: 121.289326, 31.145617 -> 青浦区
2025-07-12 01:06:37,513 - INFO - 🔄 正在处理记录 1021: (121.174829, 31.097357)
2025-07-12 01:06:37,513 - INFO - 📈 进度: 524/3473 (15.1%)
2025-07-12 01:06:38,516 - INFO - ✅ API调用成功: 121.297782, 31.134174 -> 松江区
2025-07-12 01:06:38,520 - INFO - 🔄 正在处理记录 1022: (121.156243, 31.100024)
2025-07-12 01:06:38,520 - INFO - 📈 进度: 525/3473 (15.1%)
2025-07-12 01:06:39,517 - INFO - ✅ API调用成功: 121.142011, 31.153991 -> 青浦区
2025-07-12 01:06:39,521 - INFO - 🔄 正在处理记录 1023: (121.535528, 31.208957)
2025-07-12 01:06:39,521 - INFO - 📈 进度: 526/3473 (15.1%)
2025-07-12 01:06:40,511 - INFO - ✅ API调用成功: 121.307394, 31.241234 -> 嘉定区
2025-07-12 01:06:40,515 - INFO - 🔄 正在处理记录 1024: (121.679938, 30.910909)
2025-07-12 01:06:40,515 - INFO - 📈 进度: 527/3473 (15.2%)
2025-07-12 01:06:41,612 - INFO - ✅ API调用成功: 121.413839, 31.220218 -> 长宁区
2025-07-12 01:06:41,615 - INFO - 🔄 正在处理记录 1025: (121.507826, 31.261091)
2025-07-12 01:06:41,615 - INFO - 📈 进度: 528/3473 (15.2%)
2025-07-12 01:06:42,538 - INFO - ✅ API调用成功: 121.390615, 31.206662 -> 长宁区
2025-07-12 01:06:42,546 - INFO - 🔄 正在处理记录 1026: (121.530131, 31.339599)
2025-07-12 01:06:42,546 - INFO - 📈 进度: 529/3473 (15.2%)
2025-07-12 01:06:43,551 - INFO - ✅ API调用成功: 121.437825, 31.24411 -> 普陀区
2025-07-12 01:06:43,556 - INFO - 🔄 正在处理记录 1027: (121.489331, 31.394411)
2025-07-12 01:06:43,566 - INFO - ✅ 写入 10 条结果到 /Users/songdingan/Downloads/detect_bus/final_station_ranking_with_district.csv
2025-07-12 01:06:43,567 - INFO - 📈 进度: 530/3473 (15.3%)
2025-07-12 01:06:44,558 - INFO - ✅ API调用成功: 121.276928, 31.39406 -> 嘉定区
2025-07-12 01:06:44,564 - INFO - 🔄 正在处理记录 1028: (121.243011, 31.354184)
2025-07-12 01:06:44,564 - INFO - 📈 进度: 531/3473 (15.3%)
2025-07-12 01:06:45,562 - INFO - ✅ API调用成功: 121.299549, 31.147462 -> 松江区
2025-07-12 01:06:45,566 - INFO - 🔄 正在处理记录 1029: (121.523028, 31.342827)
2025-07-12 01:06:45,567 - INFO - 📈 进度: 532/3473 (15.3%)
2025-07-12 01:06:46,547 - INFO - ✅ API调用成功: 121.232693, 31.185632 -> 青浦区
2025-07-12 01:06:46,551 - INFO - 🔄 正在处理记录 1030: (121.305054, 31.288434)
2025-07-12 01:06:46,551 - INFO - 📈 进度: 533/3473 (15.3%)
2025-07-12 01:06:47,769 - INFO - ✅ API调用成功: 121.401621, 31.109648 -> 闵行区
2025-07-12 01:06:47,793 - INFO - 🔄 正在处理记录 1031: (121.247346, 31.370673)
2025-07-12 01:06:47,793 - INFO - 📈 进度: 534/3473 (15.4%)
2025-07-12 01:06:48,549 - INFO - ✅ API调用成功: 121.572839, 31.2374 -> 浦东新区
2025-07-12 01:06:48,557 - INFO - 🔄 正在处理记录 1032: (121.485199, 31.248523)
2025-07-12 01:06:48,557 - INFO - 📈 进度: 535/3473 (15.4%)
2025-07-12 01:06:49,711 - INFO - ✅ API调用成功: 121.570186, 31.346287 -> 浦东新区
2025-07-12 01:06:49,716 - INFO - 🔄 正在处理记录 1033: (121.308208, 31.2709)
2025-07-12 01:06:49,716 - INFO - 📈 进度: 536/3473 (15.4%)
2025-07-12 01:06:50,582 - INFO - ✅ API调用成功: 121.205766, 30.996383 -> 松江区
2025-07-12 01:06:50,587 - INFO - 🔄 正在处理记录 1034: (121.338045, 31.256793)
2025-07-12 01:06:50,588 - INFO - 📈 进度: 537/3473 (15.5%)
2025-07-12 01:06:51,581 - INFO - ✅ API调用成功: 121.229968, 31.381409 -> 嘉定区
2025-07-12 01:06:51,584 - INFO - 🔄 正在处理记录 1035: (121.4845, 31.627198)
2025-07-12 01:06:51,584 - INFO - 📈 进度: 538/3473 (15.5%)
2025-07-12 01:06:52,582 - INFO - ✅ API调用成功: 121.527582, 31.053153 -> 闵行区
2025-07-12 01:06:52,599 - INFO - 🔄 正在处理记录 1036: (121.314522, 30.945141)
2025-07-12 01:06:52,600 - INFO - 📈 进度: 539/3473 (15.5%)
2025-07-12 01:06:53,592 - INFO - ✅ API调用成功: 121.272138, 30.931971 -> 松江区
2025-07-12 01:06:53,599 - INFO - 🔄 正在处理记录 1037: (121.262277, 31.299143)
2025-07-12 01:06:53,617 - INFO - ✅ 写入 10 条结果到 /Users/songdingan/Downloads/detect_bus/final_station_ranking_with_district.csv
2025-07-12 01:06:53,618 - INFO - 📈 进度: 540/3473 (15.5%)
2025-07-12 01:06:54,620 - INFO - ✅ API调用成功: 121.147549, 31.144033 -> 青浦区
2025-07-12 01:06:54,628 - INFO - 🔄 正在处理记录 1038: (121.519006, 31.078348)
2025-07-12 01:06:54,628 - INFO - 📈 进度: 541/3473 (15.6%)
2025-07-12 01:06:55,615 - INFO - ✅ API调用成功: 121.131402, 31.15691 -> 青浦区
2025-07-12 01:06:55,621 - INFO - 🔄 正在处理记录 1039: (121.111523, 31.146479)
2025-07-12 01:06:55,621 - INFO - 📈 进度: 542/3473 (15.6%)
2025-07-12 01:06:56,616 - INFO - ✅ API调用成功: 121.297782, 31.134174 -> 松江区
2025-07-12 01:06:56,619 - INFO - 🔄 正在处理记录 1040: (121.692507, 31.397908)
2025-07-12 01:06:56,620 - INFO - 📈 进度: 543/3473 (15.6%)
2025-07-12 01:06:57,630 - INFO - ✅ API调用成功: 121.507701, 31.056717 -> 闵行区
2025-07-12 01:06:57,637 - INFO - 🔄 正在处理记录 1041: (121.439775, 30.911843)
2025-07-12 01:06:57,637 - INFO - 📈 进度: 544/3473 (15.7%)
2025-07-12 01:06:58,621 - INFO - ✅ API调用成功: 121.474398, 31.229626 -> 黄浦区
2025-07-12 01:06:58,638 - INFO - 🔄 正在处理记录 1042: (121.486304, 31.22218)
2025-07-12 01:06:58,638 - INFO - 📈 进度: 545/3473 (15.7%)
2025-07-12 01:06:59,626 - INFO - ✅ API调用成功: 121.210448, 30.996444 -> 松江区
2025-07-12 01:06:59,631 - INFO - 🔄 正在处理记录 1043: (121.22149, 31.239879)
2025-07-12 01:06:59,631 - INFO - 📈 进度: 546/3473 (15.7%)
2025-07-12 01:07:00,648 - INFO - ✅ API调用成功: 121.486304, 31.22218 -> 黄浦区
2025-07-12 01:07:00,653 - INFO - 🔄 正在处理记录 1044: (121.396358, 31.234123)
2025-07-12 01:07:00,653 - INFO - 📈 进度: 547/3473 (15.8%)
2025-07-12 01:07:01,638 - INFO - ✅ API调用成功: 121.263152, 31.176403 -> 青浦区
2025-07-12 01:07:01,640 - INFO - 🔄 正在处理记录 1045: (121.219918, 31.182063)
2025-07-12 01:07:01,640 - INFO - 📈 进度: 548/3473 (15.8%)
2025-07-12 01:07:02,644 - INFO - ✅ API调用成功: 121.570186, 31.346287 -> 浦东新区
2025-07-12 01:07:02,649 - INFO - 🔄 正在处理记录 1046: (121.441738, 31.200432)
2025-07-12 01:07:02,650 - INFO - 📈 进度: 549/3473 (15.8%)
2025-07-12 01:07:03,665 - INFO - ✅ API调用成功: 121.221395, 31.268386 -> 嘉定区
2025-07-12 01:07:03,688 - INFO - 🔄 正在处理记录 1047: (121.396718, 31.173265)
2025-07-12 01:07:03,703 - INFO - ✅ 写入 10 条结果到 /Users/songdingan/Downloads/detect_bus/final_station_ranking_with_district.csv
2025-07-12 01:07:03,703 - INFO - 📈 进度: 550/3473 (15.8%)
2025-07-12 01:07:04,680 - INFO - ✅ API调用成功: 121.220781, 31.055587 -> 松江区
2025-07-12 01:07:04,687 - INFO - 🔄 正在处理记录 1048: (121.145434, 31.00781)
2025-07-12 01:07:04,687 - INFO - 📈 进度: 551/3473 (15.9%)
2025-07-12 01:07:05,667 - INFO - ✅ API调用成功: 121.382777, 31.095748 -> 闵行区
2025-07-12 01:07:05,674 - INFO - 🔄 正在处理记录 1049: (121.535528, 31.208957)
2025-07-12 01:07:05,674 - INFO - 📈 进度: 552/3473 (15.9%)
2025-07-12 01:07:06,665 - INFO - ✅ API调用成功: 121.456112, 31.04337 -> 闵行区
2025-07-12 01:07:06,668 - INFO - 🔄 正在处理记录 1050: (121.348854, 31.229139)
2025-07-12 01:07:06,668 - INFO - 📈 进度: 553/3473 (15.9%)
2025-07-12 01:07:07,707 - INFO - ✅ API调用成功: 121.61436, 31.254921 -> 浦东新区
2025-07-12 01:07:07,712 - INFO - 🔄 正在处理记录 1051: (121.490674, 31.214838)
2025-07-12 01:07:07,712 - INFO - 📈 进度: 554/3473 (16.0%)
2025-07-12 01:07:08,692 - INFO - ✅ API调用成功: 121.335049, 30.716134 -> 金山区
2025-07-12 01:07:08,699 - INFO - 🔄 正在处理记录 1052: (121.315406, 31.142092)
2025-07-12 01:07:08,699 - INFO - 📈 进度: 555/3473 (16.0%)
2025-07-12 01:07:09,706 - INFO - ✅ API调用成功: 121.206056, 31.005158 -> 松江区
2025-07-12 01:07:09,715 - INFO - 🔄 正在处理记录 1053: (121.400613, 31.26896)
2025-07-12 01:07:09,715 - INFO - 📈 进度: 556/3473 (16.0%)
2025-07-12 01:07:10,701 - INFO - ✅ API调用成功: 121.455797, 30.906447 -> 奉贤区
2025-07-12 01:07:10,707 - INFO - 🔄 正在处理记录 1054: (121.393133, 31.256467)
2025-07-12 01:07:10,707 - INFO - 📈 进度: 557/3473 (16.0%)
2025-07-12 01:07:11,707 - INFO - ✅ API调用成功: 121.435616, 30.90726 -> 奉贤区
2025-07-12 01:07:11,711 - INFO - 🔄 正在处理记录 1055: (121.447185, 31.197395)
2025-07-12 01:07:11,711 - INFO - 📈 进度: 558/3473 (16.1%)
2025-07-12 01:07:12,720 - INFO - ✅ API调用成功: 121.107189, 31.151062 -> 青浦区
2025-07-12 01:07:12,728 - INFO - 🔄 正在处理记录 1056: (121.42359, 31.196807)
2025-07-12 01:07:12,728 - INFO - 📈 进度: 559/3473 (16.1%)
2025-07-12 01:07:13,722 - INFO - ✅ API调用成功: 121.164317, 31.297756 -> 嘉定区
2025-07-12 01:07:13,725 - INFO - 🔄 正在处理记录 1057: (121.449359, 31.114059)
2025-07-12 01:07:13,731 - INFO - ✅ 写入 10 条结果到 /Users/songdingan/Downloads/detect_bus/final_station_ranking_with_district.csv
2025-07-12 01:07:13,731 - INFO - 📈 进度: 560/3473 (16.1%)
2025-07-12 01:07:14,717 - INFO - ✅ API调用成功: 121.478325, 31.405186 -> 宝山区
2025-07-12 01:07:14,733 - INFO - 🔄 正在处理记录 1058: (121.127821, 31.147625)
2025-07-12 01:07:14,733 - INFO - 📈 进度: 561/3473 (16.2%)
2025-07-12 01:07:15,720 - INFO - ✅ API调用成功: 121.592272, 30.995338 -> 奉贤区
2025-07-12 01:07:15,726 - INFO - 🔄 正在处理记录 1059: (121.368993, 31.188238)
2025-07-12 01:07:15,726 - INFO - 📈 进度: 562/3473 (16.2%)
2025-07-12 01:07:16,756 - INFO - ✅ API调用成功: 121.384883, 31.134106 -> 闵行区
2025-07-12 01:07:16,771 - INFO - 🔄 正在处理记录 1060: (121.215183, 31.192077)
2025-07-12 01:07:16,771 - INFO - 📈 进度: 563/3473 (16.2%)
2025-07-12 01:07:17,788 - INFO - ✅ API调用成功: 121.174829, 31.097357 -> 松江区
2025-07-12 01:07:17,795 - INFO - 🔄 正在处理记录 1061: (121.357178, 31.179045)
2025-07-12 01:07:17,795 - INFO - 📈 进度: 564/3473 (16.2%)
2025-07-12 01:07:18,767 - INFO - ✅ API调用成功: 121.156243, 31.100024 -> 松江区
2025-07-12 01:07:18,773 - INFO - 🔄 正在处理记录 1062: (121.359412, 31.176798)
2025-07-12 01:07:18,773 - INFO - 📈 进度: 565/3473 (16.3%)
2025-07-12 01:07:19,769 - INFO - ✅ API调用成功: 121.535528, 31.208957 -> 浦东新区
2025-07-12 01:07:19,777 - INFO - 🔄 正在处理记录 1063: (121.227896, 31.205202)
2025-07-12 01:07:19,777 - INFO - 📈 进度: 566/3473 (16.3%)
2025-07-12 01:07:20,772 - INFO - ✅ API调用成功: 121.679938, 30.910909 -> 奉贤区
2025-07-12 01:07:20,776 - INFO - 🔄 正在处理记录 1064: (121.357623, 31.181645)
2025-07-12 01:07:20,776 - INFO - 📈 进度: 567/3473 (16.3%)
2025-07-12 01:07:21,756 - INFO - ✅ API调用成功: 121.507826, 31.261091 -> 虹口区
2025-07-12 01:07:21,760 - INFO - 🔄 正在处理记录 1065: (121.145952, 30.789447)
2025-07-12 01:07:21,760 - INFO - 📈 进度: 568/3473 (16.4%)
2025-07-12 01:07:22,797 - INFO - ✅ API调用成功: 121.530131, 31.339599 -> 杨浦区
2025-07-12 01:07:22,803 - INFO - 🔄 正在处理记录 1066: (121.37648, 31.196884)
2025-07-12 01:07:22,803 - INFO - 📈 进度: 569/3473 (16.4%)
2025-07-12 01:07:23,791 - INFO - ✅ API调用成功: 121.489331, 31.394411 -> 宝山区
2025-07-12 01:07:23,798 - INFO - 🔄 正在处理记录 1067: (121.343582, 30.712976)
2025-07-12 01:07:23,813 - INFO - ✅ 写入 10 条结果到 /Users/songdingan/Downloads/detect_bus/final_station_ranking_with_district.csv
2025-07-12 01:07:23,814 - INFO - 📈 进度: 570/3473 (16.4%)
2025-07-12 01:07:24,782 - INFO - ✅ API调用成功: 121.243011, 31.354184 -> 嘉定区
2025-07-12 01:07:24,786 - INFO - 🔄 正在处理记录 1068: (121.294932, 31.148553)
2025-07-12 01:07:24,786 - INFO - 📈 进度: 571/3473 (16.4%)
2025-07-12 01:07:25,804 - INFO - ✅ API调用成功: 121.523028, 31.342827 -> 杨浦区
2025-07-12 01:07:25,807 - INFO - 🔄 正在处理记录 1069: (121.129601, 31.150589)
2025-07-12 01:07:25,807 - INFO - 📈 进度: 572/3473 (16.5%)
2025-07-12 01:07:26,926 - INFO - ✅ API调用成功: 121.305054, 31.288434 -> 嘉定区
2025-07-12 01:07:26,940 - INFO - 🔄 正在处理记录 1070: (121.269761, 31.110666)
2025-07-12 01:07:26,940 - INFO - 📈 进度: 573/3473 (16.5%)
2025-07-12 01:07:27,910 - INFO - ✅ API调用成功: 121.247346, 31.370673 -> 嘉定区
2025-07-12 01:07:27,915 - INFO - 🔄 正在处理记录 1071: (121.26511, 31.406064)
2025-07-12 01:07:27,916 - INFO - 📈 进度: 574/3473 (16.5%)
2025-07-12 01:07:28,958 - INFO - ✅ API调用成功: 121.485199, 31.248523 -> 静安区
2025-07-12 01:07:28,962 - INFO - 🔄 正在处理记录 1072: (121.348202, 30.731684)
2025-07-12 01:07:28,963 - INFO - 📈 进度: 575/3473 (16.6%)
2025-07-12 01:07:29,826 - INFO - ✅ API调用成功: 121.308208, 31.2709 -> 嘉定区
2025-07-12 01:07:29,842 - INFO - 🔄 正在处理记录 1073: (121.270361, 31.175266)
2025-07-12 01:07:29,842 - INFO - 📈 进度: 576/3473 (16.6%)
2025-07-12 01:07:30,870 - INFO - ✅ API调用成功: 121.338045, 31.256793 -> 嘉定区
2025-07-12 01:07:30,876 - INFO - 🔄 正在处理记录 1074: (121.460711, 31.19943)
2025-07-12 01:07:30,877 - INFO - 📈 进度: 577/3473 (16.6%)
2025-07-12 01:07:31,828 - INFO - ✅ API调用成功: 121.4845, 31.627198 -> 崇明区
2025-07-12 01:07:31,834 - INFO - 🔄 正在处理记录 1075: (121.663458, 31.291624)
2025-07-12 01:07:31,834 - INFO - 📈 进度: 578/3473 (16.6%)
2025-07-12 01:07:32,851 - INFO - ✅ API调用成功: 121.314522, 30.945141 -> 松江区
2025-07-12 01:07:32,857 - INFO - 🔄 正在处理记录 1076: (121.566875, 31.253195)
2025-07-12 01:07:32,857 - INFO - 📈 进度: 579/3473 (16.7%)
2025-07-12 01:07:33,845 - INFO - ✅ API调用成功: 121.262277, 31.299143 -> 嘉定区
2025-07-12 01:07:33,864 - INFO - 🔄 正在处理记录 1077: (121.585317, 31.097921)
2025-07-12 01:07:33,876 - INFO - ✅ 写入 10 条结果到 /Users/songdingan/Downloads/detect_bus/final_station_ranking_with_district.csv
2025-07-12 01:07:33,876 - INFO - 📈 进度: 580/3473 (16.7%)
2025-07-12 01:07:34,939 - INFO - ✅ API调用成功: 121.519006, 31.078348 -> 闵行区
2025-07-12 01:07:34,952 - INFO - 🔄 正在处理记录 1078: (121.478333, 31.246003)
2025-07-12 01:07:34,952 - INFO - 📈 进度: 581/3473 (16.7%)
2025-07-12 01:07:36,002 - INFO - ✅ API调用成功: 121.111523, 31.146479 -> 青浦区
2025-07-12 01:07:36,009 - INFO - 🔄 正在处理记录 1079: (121.747694, 31.023075)
2025-07-12 01:07:36,009 - INFO - 📈 进度: 582/3473 (16.8%)
2025-07-12 01:07:37,273 - INFO - ✅ API调用成功: 121.692507, 31.397908 -> 崇明区
2025-07-12 01:07:37,279 - INFO - 🔄 正在处理记录 1080: (121.321786, 30.893574)
2025-07-12 01:07:37,280 - INFO - 📈 进度: 583/3473 (16.8%)
2025-07-12 01:07:37,835 - INFO - ✅ API调用成功: 121.439775, 30.911843 -> 奉贤区
2025-07-12 01:07:37,846 - INFO - 🔄 正在处理记录 1081: (121.436593, 31.338598)
2025-07-12 01:07:37,846 - INFO - 📈 进度: 584/3473 (16.8%)
2025-07-12 01:07:38,860 - INFO - ✅ API调用成功: 121.486304, 31.22218 -> 黄浦区
2025-07-12 01:07:38,865 - INFO - 🔄 正在处理记录 1082: (121.518381, 31.214617)
2025-07-12 01:07:38,865 - INFO - 📈 进度: 585/3473 (16.8%)
2025-07-12 01:07:39,870 - INFO - ✅ API调用成功: 121.22149, 31.239879 -> 青浦区
2025-07-12 01:07:39,875 - INFO - 🔄 正在处理记录 1083: (121.175847, 31.280727)
2025-07-12 01:07:39,875 - INFO - 📈 进度: 586/3473 (16.9%)
2025-07-12 01:07:40,856 - INFO - ✅ API调用成功: 121.396358, 31.234123 -> 普陀区
2025-07-12 01:07:40,861 - INFO - 🔄 正在处理记录 1084: (121.471533, 31.283873)
2025-07-12 01:07:40,861 - INFO - 📈 进度: 587/3473 (16.9%)
2025-07-12 01:07:41,866 - INFO - ✅ API调用成功: 121.219918, 31.182063 -> 青浦区
2025-07-12 01:07:41,869 - INFO - 🔄 正在处理记录 1085: (121.47013, 31.276802)
2025-07-12 01:07:41,870 - INFO - 📈 进度: 588/3473 (16.9%)
2025-07-12 01:07:42,933 - INFO - ✅ API调用成功: 121.441738, 31.200432 -> 徐汇区
2025-07-12 01:07:42,940 - INFO - 🔄 正在处理记录 1086: (121.31943, 31.119373)
2025-07-12 01:07:42,940 - INFO - 📈 进度: 589/3473 (17.0%)
2025-07-12 01:07:43,909 - INFO - ✅ API调用成功: 121.396718, 31.173265 -> 闵行区
2025-07-12 01:07:43,916 - INFO - 🔄 正在处理记录 1087: (121.527622, 31.301481)
2025-07-12 01:07:43,930 - INFO - ✅ 写入 10 条结果到 /Users/songdingan/Downloads/detect_bus/final_station_ranking_with_district.csv
2025-07-12 01:07:43,930 - INFO - 📈 进度: 590/3473 (17.0%)
2025-07-12 01:07:44,902 - INFO - ✅ API调用成功: 121.145434, 31.00781 -> 松江区
2025-07-12 01:07:44,907 - INFO - 🔄 正在处理记录 1088: (121.281617, 31.20482)
2025-07-12 01:07:44,907 - INFO - 📈 进度: 591/3473 (17.0%)
2025-07-12 01:07:45,915 - INFO - ✅ API调用成功: 121.535528, 31.208957 -> 浦东新区
2025-07-12 01:07:45,921 - INFO - 🔄 正在处理记录 1089: (121.270505, 31.172099)
2025-07-12 01:07:45,921 - INFO - 📈 进度: 592/3473 (17.0%)
2025-07-12 01:07:46,955 - INFO - ✅ API调用成功: 121.348854, 31.229139 -> 闵行区
2025-07-12 01:07:46,983 - INFO - 🔄 正在处理记录 1090: (121.291087, 31.165593)
2025-07-12 01:07:46,983 - INFO - 📈 进度: 593/3473 (17.1%)
2025-07-12 01:07:47,968 - INFO - ✅ API调用成功: 121.490674, 31.214838 -> 黄浦区
2025-07-12 01:07:47,980 - INFO - 🔄 正在处理记录 1091: (121.113047, 31.13995)
2025-07-12 01:07:47,980 - INFO - 📈 进度: 594/3473 (17.1%)
2025-07-12 01:07:48,945 - INFO - ✅ API调用成功: 121.315406, 31.142092 -> 松江区
2025-07-12 01:07:48,950 - INFO - 🔄 正在处理记录 1092: (121.451133, 31.317638)
2025-07-12 01:07:48,950 - INFO - 📈 进度: 595/3473 (17.1%)
2025-07-12 01:07:49,973 - INFO - ✅ API调用成功: 121.400613, 31.26896 -> 普陀区
2025-07-12 01:07:49,978 - INFO - 🔄 正在处理记录 1093: (121.502101, 31.255547)
2025-07-12 01:07:49,978 - INFO - 📈 进度: 596/3473 (17.2%)
2025-07-12 01:07:50,974 - INFO - ✅ API调用成功: 121.393133, 31.256467 -> 普陀区
2025-07-12 01:07:50,979 - INFO - 🔄 正在处理记录 1094: (121.761745, 31.521147)
2025-07-12 01:07:50,979 - INFO - 📈 进度: 597/3473 (17.2%)
2025-07-12 01:07:51,975 - INFO - ✅ API调用成功: 121.447185, 31.197395 -> 徐汇区
2025-07-12 01:07:51,981 - INFO - 🔄 正在处理记录 1095: (121.210153, 31.121286)
2025-07-12 01:07:51,981 - INFO - 📈 进度: 598/3473 (17.2%)
2025-07-12 01:07:52,995 - INFO - ✅ API调用成功: 121.42359, 31.196807 -> 徐汇区
2025-07-12 01:07:53,001 - INFO - 🔄 正在处理记录 1096: (121.31443, 30.948708)
2025-07-12 01:07:53,001 - INFO - 📈 进度: 599/3473 (17.2%)
2025-07-12 01:07:54,039 - INFO - ✅ API调用成功: 121.449359, 31.114059 -> 闵行区
2025-07-12 01:07:54,045 - INFO - 🔄 正在处理记录 1097: (121.553893, 31.184893)
2025-07-12 01:07:54,060 - INFO - ✅ 写入 10 条结果到 /Users/songdingan/Downloads/detect_bus/final_station_ranking_with_district.csv
2025-07-12 01:07:54,060 - INFO - 📈 进度: 600/3473 (17.3%)
2025-07-12 01:07:54,987 - INFO - ✅ API调用成功: 121.127821, 31.147625 -> 青浦区
2025-07-12 01:07:54,995 - INFO - 🔄 正在处理记录 1098: (121.551879, 31.176544)
2025-07-12 01:07:54,996 - INFO - 📈 进度: 601/3473 (17.3%)
2025-07-12 01:07:55,981 - INFO - ✅ API调用成功: 121.368993, 31.188238 -> 闵行区
2025-07-12 01:07:55,988 - INFO - 🔄 正在处理记录 1099: (121.314775, 31.161533)
2025-07-12 01:07:55,988 - INFO - 📈 进度: 602/3473 (17.3%)
2025-07-12 01:07:56,985 - INFO - ✅ API调用成功: 121.215183, 31.192077 -> 青浦区
2025-07-12 01:07:57,001 - INFO - 🔄 正在处理记录 1100: (121.832915, 31.097975)
2025-07-12 01:07:57,002 - INFO - 📈 进度: 603/3473 (17.4%)
2025-07-12 01:07:58,033 - INFO - ✅ API调用成功: 121.357178, 31.179045 -> 闵行区
2025-07-12 01:07:58,042 - INFO - 🔄 正在处理记录 1101: (121.366227, 31.233799)
2025-07-12 01:07:58,043 - INFO - 📈 进度: 604/3473 (17.4%)
2025-07-12 01:07:59,020 - INFO - ✅ API调用成功: 121.359412, 31.176798 -> 闵行区
2025-07-12 01:07:59,027 - INFO - 🔄 正在处理记录 1102: (121.129589, 31.159208)
2025-07-12 01:07:59,027 - INFO - 📈 进度: 605/3473 (17.4%)
2025-07-12 01:08:00,009 - INFO - ✅ API调用成功: 121.227896, 31.205202 -> 青浦区
2025-07-12 01:08:00,017 - INFO - 🔄 正在处理记录 1103: (121.312875, 30.941062)
2025-07-12 01:08:00,018 - INFO - 📈 进度: 606/3473 (17.4%)
2025-07-12 01:08:01,071 - INFO - ✅ API调用成功: 121.357623, 31.181645 -> 闵行区
2025-07-12 01:08:01,077 - INFO - 🔄 正在处理记录 1104: (121.20773, 31.031898)
2025-07-12 01:08:01,077 - INFO - 📈 进度: 607/3473 (17.5%)
2025-07-12 01:08:02,029 - INFO - ✅ API调用成功: 121.145952, 30.789447 -> 金山区
2025-07-12 01:08:02,045 - INFO - 🔄 正在处理记录 1105: (121.614316, 30.902904)
2025-07-12 01:08:02,045 - INFO - 📈 进度: 608/3473 (17.5%)
2025-07-12 01:08:03,039 - INFO - ✅ API调用成功: 121.37648, 31.196884 -> 长宁区
2025-07-12 01:08:03,044 - INFO - 🔄 正在处理记录 1106: (121.129208, 31.255329)
2025-07-12 01:08:03,044 - INFO - 📈 进度: 609/3473 (17.5%)
2025-07-12 01:08:04,054 - INFO - ✅ API调用成功: 121.343582, 30.712976 -> 金山区
2025-07-12 01:08:04,060 - INFO - 🔄 正在处理记录 1107: (121.374364, 31.419136)
2025-07-12 01:08:04,073 - INFO - ✅ 写入 10 条结果到 /Users/songdingan/Downloads/detect_bus/final_station_ranking_with_district.csv
2025-07-12 01:08:04,073 - INFO - 📈 进度: 610/3473 (17.6%)
2025-07-12 01:08:05,043 - INFO - ✅ API调用成功: 121.294932, 31.148553 -> 松江区
2025-07-12 01:08:05,050 - INFO - 🔄 正在处理记录 1108: (121.548875, 30.9804)
2025-07-12 01:08:05,050 - INFO - 📈 进度: 611/3473 (17.6%)
2025-07-12 01:08:06,043 - INFO - ✅ API调用成功: 121.129601, 31.150589 -> 青浦区
2025-07-12 01:08:06,049 - INFO - 🔄 正在处理记录 1109: (121.321096, 31.303216)
2025-07-12 01:08:06,049 - INFO - 📈 进度: 612/3473 (17.6%)
2025-07-12 01:08:07,163 - INFO - ✅ API调用成功: 121.269761, 31.110666 -> 松江区
2025-07-12 01:08:07,167 - INFO - 🔄 正在处理记录 1110: (121.22539, 31.054241)
2025-07-12 01:08:07,167 - INFO - 📈 进度: 613/3473 (17.7%)
2025-07-12 01:08:08,064 - INFO - ✅ API调用成功: 121.26511, 31.406064 -> 嘉定区
2025-07-12 01:08:08,075 - INFO - 🔄 正在处理记录 1111: (121.206959, 31.274819)
2025-07-12 01:08:08,075 - INFO - 📈 进度: 614/3473 (17.7%)
2025-07-12 01:08:09,046 - INFO - ✅ API调用成功: 121.348202, 30.731684 -> 金山区
2025-07-12 01:08:09,052 - INFO - 🔄 正在处理记录 1112: (121.426565, 30.832206)
2025-07-12 01:08:09,052 - INFO - 📈 进度: 615/3473 (17.7%)
2025-07-12 01:08:10,099 - INFO - ✅ API调用成功: 121.270361, 31.175266 -> 青浦区
2025-07-12 01:08:10,105 - INFO - 🔄 正在处理记录 1113: (121.427887, 31.015999)
2025-07-12 01:08:10,106 - INFO - 📈 进度: 616/3473 (17.7%)
2025-07-12 01:08:11,067 - INFO - ✅ API调用成功: 121.460711, 31.19943 -> 徐汇区
2025-07-12 01:08:11,074 - INFO - 🔄 正在处理记录 1114: (121.758144, 31.082036)
2025-07-12 01:08:11,075 - INFO - 📈 进度: 617/3473 (17.8%)
2025-07-12 01:08:12,094 - INFO - ✅ API调用成功: 121.663458, 31.291624 -> 浦东新区
2025-07-12 01:08:12,100 - INFO - 🔄 正在处理记录 1115: (121.297376, 30.838497)
2025-07-12 01:08:12,101 - INFO - 📈 进度: 618/3473 (17.8%)
2025-07-12 01:08:13,090 - INFO - ✅ API调用成功: 121.566875, 31.253195 -> 浦东新区
2025-07-12 01:08:13,097 - INFO - 🔄 正在处理记录 1116: (121.436709, 31.222047)
2025-07-12 01:08:13,097 - INFO - 📈 进度: 619/3473 (17.8%)
2025-07-12 01:08:14,141 - INFO - ✅ API调用成功: 121.585317, 31.097921 -> 浦东新区
2025-07-12 01:08:14,147 - INFO - 🔄 正在处理记录 1117: (121.470089, 31.249366)
2025-07-12 01:08:14,162 - INFO - ✅ 写入 10 条结果到 /Users/songdingan/Downloads/detect_bus/final_station_ranking_with_district.csv
2025-07-12 01:08:14,162 - INFO - 📈 进度: 620/3473 (17.9%)
2025-07-12 01:08:15,120 - INFO - ✅ API调用成功: 121.478333, 31.246003 -> 静安区
2025-07-12 01:08:15,136 - INFO - 🔄 正在处理记录 1118: (121.436051, 31.322297)
2025-07-12 01:08:15,137 - INFO - 📈 进度: 621/3473 (17.9%)
2025-07-12 01:08:16,108 - INFO - ✅ API调用成功: 121.747694, 31.023075 -> 浦东新区
2025-07-12 01:08:16,114 - INFO - 🔄 正在处理记录 1119: (121.431992, 31.321927)
2025-07-12 01:08:16,114 - INFO - 📈 进度: 622/3473 (17.9%)
2025-07-12 01:08:17,137 - INFO - ✅ API调用成功: 121.321786, 30.893574 -> 金山区
2025-07-12 01:08:17,143 - INFO - 🔄 正在处理记录 1120: (121.209755, 31.354162)
2025-07-12 01:08:17,143 - INFO - 📈 进度: 623/3473 (17.9%)
2025-07-12 01:08:18,105 - INFO - ✅ API调用成功: 121.436593, 31.338598 -> 宝山区
2025-07-12 01:08:18,112 - INFO - 🔄 正在处理记录 1121: (121.474835, 31.309484)
2025-07-12 01:08:18,112 - INFO - 📈 进度: 624/3473 (18.0%)
2025-07-12 01:08:19,101 - INFO - ✅ API调用成功: 121.518381, 31.214617 -> 浦东新区
2025-07-12 01:08:19,118 - INFO - 🔄 正在处理记录 1122: (121.438976, 31.312481)
2025-07-12 01:08:19,118 - INFO - 📈 进度: 625/3473 (18.0%)
2025-07-12 01:08:20,346 - INFO - ✅ API调用成功: 121.175847, 31.280727 -> 嘉定区
2025-07-12 01:08:20,350 - INFO - 🔄 正在处理记录 1123: (121.192743, 31.162162)
2025-07-12 01:08:20,350 - INFO - 📈 进度: 626/3473 (18.0%)
2025-07-12 01:08:21,108 - INFO - ✅ API调用成功: 121.471533, 31.283873 -> 虹口区
2025-07-12 01:08:21,113 - INFO - 🔄 正在处理记录 1124: (121.512564, 31.28218)
2025-07-12 01:08:21,113 - INFO - 📈 进度: 627/3473 (18.1%)
2025-07-12 01:08:22,129 - INFO - ✅ API调用成功: 121.47013, 31.276802 -> 静安区
2025-07-12 01:08:22,137 - INFO - 🔄 正在处理记录 1125: (121.058575, 31.122652)
2025-07-12 01:08:22,137 - INFO - 📈 进度: 628/3473 (18.1%)
2025-07-12 01:08:23,139 - INFO - ✅ API调用成功: 121.31943, 31.119373 -> 松江区
2025-07-12 01:08:23,145 - INFO - 🔄 正在处理记录 1126: (121.247758, 31.002355)
2025-07-12 01:08:23,146 - INFO - 📈 进度: 629/3473 (18.1%)
2025-07-12 01:08:24,140 - INFO - ✅ API调用成功: 121.527622, 31.301481 -> 杨浦区
2025-07-12 01:08:24,144 - INFO - 🔄 正在处理记录 1127: (121.515188, 31.183458)
2025-07-12 01:08:24,154 - INFO - ✅ 写入 10 条结果到 /Users/songdingan/Downloads/detect_bus/final_station_ranking_with_district.csv
2025-07-12 01:08:24,154 - INFO - 📈 进度: 630/3473 (18.1%)
2025-07-12 01:08:25,349 - INFO - ✅ API调用成功: 121.281617, 31.20482 -> 闵行区
2025-07-12 01:08:25,354 - INFO - 🔄 正在处理记录 1128: (121.25077, 31.093225)
2025-07-12 01:08:25,354 - INFO - 📈 进度: 631/3473 (18.2%)
2025-07-12 01:08:26,191 - INFO - ✅ API调用成功: 121.270505, 31.172099 -> 青浦区
2025-07-12 01:08:26,196 - INFO - 🔄 正在处理记录 1129: (121.51001, 31.18571)
2025-07-12 01:08:26,196 - INFO - 📈 进度: 632/3473 (18.2%)
2025-07-12 01:08:27,149 - INFO - ✅ API调用成功: 121.291087, 31.165593 -> 青浦区
2025-07-12 01:08:27,153 - INFO - 🔄 正在处理记录 1130: (121.271763, 31.220595)
2025-07-12 01:08:27,153 - INFO - 📈 进度: 633/3473 (18.2%)
2025-07-12 01:08:28,331 - INFO - ✅ API调用成功: 121.113047, 31.13995 -> 青浦区
2025-07-12 01:08:28,338 - INFO - 🔄 正在处理记录 1131: (121.164384, 31.140733)
2025-07-12 01:08:28,339 - INFO - 📈 进度: 634/3473 (18.3%)
2025-07-12 01:08:29,180 - INFO - ✅ API调用成功: 121.451133, 31.317638 -> 静安区
2025-07-12 01:08:29,186 - INFO - 🔄 正在处理记录 1132: (121.424967, 30.969987)
2025-07-12 01:08:29,186 - INFO - 📈 进度: 635/3473 (18.3%)
2025-07-12 01:08:30,174 - INFO - ✅ API调用成功: 121.502101, 31.255547 -> 虹口区
2025-07-12 01:08:30,180 - INFO - 🔄 正在处理记录 1133: (121.178335, 31.163127)
2025-07-12 01:08:30,181 - INFO - 📈 进度: 636/3473 (18.3%)
2025-07-12 01:08:31,162 - INFO - ✅ API调用成功: 121.761745, 31.521147 -> 崇明区
2025-07-12 01:08:31,167 - INFO - 🔄 正在处理记录 1134: (121.223297, 30.935125)
2025-07-12 01:08:31,167 - INFO - 📈 进度: 637/3473 (18.3%)
2025-07-12 01:08:32,231 - INFO - ✅ API调用成功: 121.210153, 31.121286 -> 松江区
2025-07-12 01:08:32,248 - INFO - 🔄 正在处理记录 1135: (121.587809, 31.211763)
2025-07-12 01:08:32,248 - INFO - 📈 进度: 638/3473 (18.4%)
2025-07-12 01:08:33,258 - INFO - ✅ API调用成功: 121.31443, 30.948708 -> 松江区
2025-07-12 01:08:33,264 - INFO - 🔄 正在处理记录 1136: (121.62516, 30.891847)
2025-07-12 01:08:33,265 - INFO - 📈 进度: 639/3473 (18.4%)
2025-07-12 01:08:34,183 - INFO - ✅ API调用成功: 121.553893, 31.184893 -> 浦东新区
2025-07-12 01:08:34,188 - INFO - 🔄 正在处理记录 1137: (121.651159, 30.916979)
2025-07-12 01:08:34,205 - INFO - ✅ 写入 10 条结果到 /Users/songdingan/Downloads/detect_bus/final_station_ranking_with_district.csv
2025-07-12 01:08:34,205 - INFO - 📈 进度: 640/3473 (18.4%)
2025-07-12 01:08:35,218 - INFO - ✅ API调用成功: 121.551879, 31.176544 -> 浦东新区
2025-07-12 01:08:35,223 - INFO - 🔄 正在处理记录 1138: (121.621034, 30.902599)
2025-07-12 01:08:35,223 - INFO - 📈 进度: 641/3473 (18.5%)
2025-07-12 01:08:36,221 - INFO - ✅ API调用成功: 121.314775, 31.161533 -> 松江区
2025-07-12 01:08:36,226 - INFO - 🔄 正在处理记录 1139: (121.212293, 30.933344)
2025-07-12 01:08:36,226 - INFO - 📈 进度: 642/3473 (18.5%)
2025-07-12 01:08:37,198 - INFO - ✅ API调用成功: 121.832915, 31.097975 -> 浦东新区
2025-07-12 01:08:37,216 - INFO - 🔄 正在处理记录 1140: (121.477585, 31.23778)
2025-07-12 01:08:37,217 - INFO - 📈 进度: 643/3473 (18.5%)
2025-07-12 01:08:38,206 - INFO - ✅ API调用成功: 121.366227, 31.233799 -> 长宁区
2025-07-12 01:08:38,210 - INFO - 🔄 正在处理记录 1141: (121.313449, 30.960268)
2025-07-12 01:08:38,211 - INFO - 📈 进度: 644/3473 (18.5%)
2025-07-12 01:08:39,225 - INFO - ✅ API调用成功: 121.129589, 31.159208 -> 青浦区
2025-07-12 01:08:39,247 - INFO - 🔄 正在处理记录 1142: (121.450825, 31.220162)
2025-07-12 01:08:39,248 - INFO - 📈 进度: 645/3473 (18.6%)
2025-07-12 01:08:40,307 - INFO - ✅ API调用成功: 121.312875, 30.941062 -> 松江区
2025-07-12 01:08:40,313 - INFO - 🔄 正在处理记录 1143: (121.381949, 31.233444)
2025-07-12 01:08:40,313 - INFO - 📈 进度: 646/3473 (18.6%)
2025-07-12 01:08:41,239 - INFO - ✅ API调用成功: 121.20773, 31.031898 -> 松江区
2025-07-12 01:08:41,252 - INFO - 🔄 正在处理记录 1144: (121.221844, 31.160537)
2025-07-12 01:08:41,252 - INFO - 📈 进度: 647/3473 (18.6%)
2025-07-12 01:08:42,405 - INFO - ✅ API调用成功: 121.614316, 30.902904 -> 奉贤区
2025-07-12 01:08:42,410 - INFO - 🔄 正在处理记录 1145: (121.575071, 31.241148)
2025-07-12 01:08:42,411 - INFO - 📈 进度: 648/3473 (18.7%)
2025-07-12 01:08:43,336 - INFO - ✅ API调用成功: 121.129208, 31.255329 -> 青浦区
2025-07-12 01:08:43,341 - INFO - 🔄 正在处理记录 1146: (121.506916, 31.275494)
2025-07-12 01:08:43,341 - INFO - 📈 进度: 649/3473 (18.7%)
2025-07-12 01:08:44,258 - INFO - ✅ API调用成功: 121.374364, 31.419136 -> 宝山区
2025-07-12 01:08:44,263 - INFO - 🔄 正在处理记录 1147: (121.536376, 31.244876)
2025-07-12 01:08:44,273 - INFO - ✅ 写入 10 条结果到 /Users/songdingan/Downloads/detect_bus/final_station_ranking_with_district.csv
2025-07-12 01:08:44,273 - INFO - 📈 进度: 650/3473 (18.7%)
2025-07-12 01:08:45,259 - INFO - ✅ API调用成功: 121.548875, 30.9804 -> 奉贤区
2025-07-12 01:08:45,266 - INFO - 🔄 正在处理记录 1148: (121.20592, 31.015334)
2025-07-12 01:08:45,266 - INFO - 📈 进度: 651/3473 (18.7%)
2025-07-12 01:08:46,324 - INFO - ✅ API调用成功: 121.321096, 31.303216 -> 嘉定区
2025-07-12 01:08:46,340 - INFO - 🔄 正在处理记录 1149: (121.194272, 31.00412)
2025-07-12 01:08:46,340 - INFO - 📈 进度: 652/3473 (18.8%)
2025-07-12 01:08:47,326 - INFO - ✅ API调用成功: 121.22539, 31.054241 -> 松江区
2025-07-12 01:08:47,334 - INFO - 🔄 正在处理记录 1150: (121.36479, 31.105962)
2025-07-12 01:08:47,334 - INFO - 📈 进度: 653/3473 (18.8%)
2025-07-12 01:08:48,672 - INFO - ✅ API调用成功: 121.206959, 31.274819 -> 嘉定区
2025-07-12 01:08:48,678 - INFO - 🔄 正在处理记录 1151: (121.351187, 31.101031)
2025-07-12 01:08:48,678 - INFO - 📈 进度: 654/3473 (18.8%)
2025-07-12 01:08:50,568 - INFO - ✅ API调用成功: 121.426565, 30.832206 -> 奉贤区
2025-07-12 01:08:50,573 - INFO - 🔄 正在处理记录 1152: (121.572548, 31.28154)
2025-07-12 01:08:50,573 - INFO - 📈 进度: 655/3473 (18.9%)
2025-07-12 01:08:50,900 - INFO - ✅ API调用成功: 121.427887, 31.015999 -> 闵行区
2025-07-12 01:08:50,921 - INFO - 🔄 正在处理记录 1153: (121.392709, 31.211684)
2025-07-12 01:08:50,921 - INFO - 📈 进度: 656/3473 (18.9%)
2025-07-12 01:08:51,732 - INFO - ✅ API调用成功: 121.758144, 31.082036 -> 浦东新区
2025-07-12 01:08:51,734 - INFO - 🔄 正在处理记录 1154: (121.436777, 31.308002)
2025-07-12 01:08:51,734 - INFO - 📈 进度: 657/3473 (18.9%)
2025-07-12 01:08:52,436 - INFO - ✅ API调用成功: 121.297376, 30.838497 -> 金山区
2025-07-12 01:08:52,441 - INFO - 🔄 正在处理记录 1155: (121.409149, 31.009776)
2025-07-12 01:08:52,441 - INFO - 📈 进度: 658/3473 (18.9%)
2025-07-12 01:08:53,350 - INFO - ✅ API调用成功: 121.436709, 31.222047 -> 长宁区
2025-07-12 01:08:53,355 - INFO - 🔄 正在处理记录 1156: (121.446951, 31.215493)
2025-07-12 01:08:53,356 - INFO - 📈 进度: 659/3473 (19.0%)
2025-07-12 01:08:54,372 - INFO - ✅ API调用成功: 121.470089, 31.249366 -> 静安区
2025-07-12 01:08:54,376 - INFO - 🔄 正在处理记录 1157: (121.169689, 31.024437)
2025-07-12 01:08:54,389 - INFO - ✅ 写入 10 条结果到 /Users/songdingan/Downloads/detect_bus/final_station_ranking_with_district.csv
2025-07-12 01:08:54,389 - INFO - 📈 进度: 660/3473 (19.0%)
2025-07-12 01:08:55,307 - INFO - ✅ API调用成功: 121.436051, 31.322297 -> 宝山区
2025-07-12 01:08:55,312 - INFO - 🔄 正在处理记录 1158: (121.692968, 31.029354)
2025-07-12 01:08:55,312 - INFO - 📈 进度: 661/3473 (19.0%)
2025-07-12 01:08:56,624 - INFO - ✅ API调用成功: 121.431992, 31.321927 -> 宝山区
2025-07-12 01:08:56,629 - INFO - 🔄 正在处理记录 1159: (121.534389, 31.189738)
2025-07-12 01:08:56,629 - INFO - 📈 进度: 662/3473 (19.1%)
2025-07-12 01:08:57,362 - INFO - ✅ API调用成功: 121.209755, 31.354162 -> 嘉定区
2025-07-12 01:08:57,371 - INFO - 🔄 正在处理记录 1160: (121.555475, 31.172984)
2025-07-12 01:08:57,372 - INFO - 📈 进度: 663/3473 (19.1%)
2025-07-12 01:08:58,402 - INFO - ✅ API调用成功: 121.474835, 31.309484 -> 虹口区
2025-07-12 01:08:58,415 - INFO - 🔄 正在处理记录 1161: (121.655786, 31.204492)
2025-07-12 01:08:58,415 - INFO - 📈 进度: 664/3473 (19.1%)
2025-07-12 01:08:59,349 - INFO - ✅ API调用成功: 121.438976, 31.312481 -> 静安区
2025-07-12 01:08:59,355 - INFO - 🔄 正在处理记录 1162: (121.265299, 31.380966)
2025-07-12 01:08:59,356 - INFO - 📈 进度: 665/3473 (19.1%)
2025-07-12 01:09:00,369 - INFO - ✅ API调用成功: 121.192743, 31.162162 -> 青浦区
2025-07-12 01:09:00,375 - INFO - 🔄 正在处理记录 1163: (121.264966, 31.416571)
2025-07-12 01:09:00,375 - INFO - 📈 进度: 666/3473 (19.2%)
2025-07-12 01:09:01,382 - INFO - ✅ API调用成功: 121.512564, 31.28218 -> 杨浦区
2025-07-12 01:09:01,388 - INFO - 🔄 正在处理记录 1164: (121.475565, 31.234964)
2025-07-12 01:09:01,388 - INFO - 📈 进度: 667/3473 (19.2%)
2025-07-12 01:09:02,370 - INFO - ✅ API调用成功: 121.058575, 31.122652 -> 青浦区
2025-07-12 01:09:02,374 - INFO - 🔄 正在处理记录 1165: (121.436494, 31.000313)
2025-07-12 01:09:02,374 - INFO - 📈 进度: 668/3473 (19.2%)
2025-07-12 01:09:03,380 - INFO - ✅ API调用成功: 121.247758, 31.002355 -> 松江区
2025-07-12 01:09:03,386 - INFO - 🔄 正在处理记录 1166: (121.231953, 30.827776)
2025-07-12 01:09:03,386 - INFO - 📈 进度: 669/3473 (19.3%)
2025-07-12 01:09:04,379 - INFO - ✅ API调用成功: 121.515188, 31.183458 -> 浦东新区
2025-07-12 01:09:04,384 - INFO - 🔄 正在处理记录 1167: (121.43744, 31.208394)
2025-07-12 01:09:04,396 - INFO - ✅ 写入 10 条结果到 /Users/songdingan/Downloads/detect_bus/final_station_ranking_with_district.csv
2025-07-12 01:09:04,396 - INFO - 📈 进度: 670/3473 (19.3%)
2025-07-12 01:09:05,409 - INFO - ✅ API调用成功: 121.25077, 31.093225 -> 松江区
2025-07-12 01:09:05,414 - INFO - 🔄 正在处理记录 1168: (121.294839, 30.782536)
2025-07-12 01:09:05,414 - INFO - 📈 进度: 671/3473 (19.3%)
2025-07-12 01:09:06,687 - INFO - ✅ API调用成功: 121.51001, 31.18571 -> 浦东新区
2025-07-12 01:09:06,692 - INFO - 🔄 正在处理记录 1169: (121.302818, 30.768248)
2025-07-12 01:09:06,692 - INFO - 📈 进度: 672/3473 (19.3%)
2025-07-12 01:09:07,402 - INFO - ✅ API调用成功: 121.271763, 31.220595 -> 闵行区
2025-07-12 01:09:07,406 - INFO - 🔄 正在处理记录 1170: (121.247153, 30.822089)
2025-07-12 01:09:07,407 - INFO - 📈 进度: 673/3473 (19.4%)
2025-07-12 01:09:08,434 - INFO - ✅ API调用成功: 121.164384, 31.140733 -> 青浦区
2025-07-12 01:09:08,439 - INFO - 🔄 正在处理记录 1171: (121.367238, 31.238288)
2025-07-12 01:09:08,439 - INFO - 📈 进度: 674/3473 (19.4%)
2025-07-12 01:09:09,400 - INFO - ✅ API调用成功: 121.424967, 30.969987 -> 奉贤区
2025-07-12 01:09:09,418 - INFO - 🔄 正在处理记录 1172: (121.522931, 31.091798)
2025-07-12 01:09:09,418 - INFO - 📈 进度: 675/3473 (19.4%)
2025-07-12 01:09:10,425 - INFO - ✅ API调用成功: 121.178335, 31.163127 -> 青浦区
2025-07-12 01:09:10,429 - INFO - 🔄 正在处理记录 1173: (121.189329, 30.799432)
2025-07-12 01:09:10,429 - INFO - 📈 进度: 676/3473 (19.5%)
2025-07-12 01:09:11,419 - INFO - ✅ API调用成功: 121.223297, 30.935125 -> 松江区
2025-07-12 01:09:11,427 - INFO - 🔄 正在处理记录 1174: (121.181084, 30.815594)
2025-07-12 01:09:11,427 - INFO - 📈 进度: 677/3473 (19.5%)
2025-07-12 01:09:12,452 - INFO - ✅ API调用成功: 121.587809, 31.211763 -> 浦东新区
2025-07-12 01:09:12,458 - INFO - 🔄 正在处理记录 1175: (121.729159, 31.141335)
2025-07-12 01:09:12,458 - INFO - 📈 进度: 678/3473 (19.5%)
2025-07-12 01:09:13,434 - INFO - ✅ API调用成功: 121.62516, 30.891847 -> 奉贤区
2025-07-12 01:09:13,441 - INFO - 🔄 正在处理记录 1176: (121.465636, 31.229858)
2025-07-12 01:09:13,441 - INFO - 📈 进度: 679/3473 (19.6%)
2025-07-12 01:09:14,541 - INFO - ✅ API调用成功: 121.651159, 30.916979 -> 奉贤区
2025-07-12 01:09:14,547 - INFO - 🔄 正在处理记录 1177: (121.491979, 31.172172)
2025-07-12 01:09:14,556 - INFO - ✅ 写入 10 条结果到 /Users/songdingan/Downloads/detect_bus/final_station_ranking_with_district.csv
2025-07-12 01:09:14,556 - INFO - 📈 进度: 680/3473 (19.6%)
2025-07-12 01:09:15,443 - INFO - ✅ API调用成功: 121.621034, 30.902599 -> 奉贤区
2025-07-12 01:09:15,448 - INFO - 🔄 正在处理记录 1178: (121.580196, 31.126071)
2025-07-12 01:09:15,448 - INFO - 📈 进度: 681/3473 (19.6%)
2025-07-12 01:09:16,481 - INFO - ✅ API调用成功: 121.212293, 30.933344 -> 松江区
2025-07-12 01:09:16,500 - INFO - 🔄 正在处理记录 1179: (121.483963, 31.214111)
2025-07-12 01:09:16,500 - INFO - 📈 进度: 682/3473 (19.6%)
2025-07-12 01:09:17,510 - INFO - ✅ API调用成功: 121.477585, 31.23778 -> 黄浦区
2025-07-12 01:09:17,517 - INFO - 🔄 正在处理记录 1180: (121.469004, 31.335815)
2025-07-12 01:09:17,517 - INFO - 📈 进度: 683/3473 (19.7%)
2025-07-12 01:09:18,448 - INFO - ✅ API调用成功: 121.313449, 30.960268 -> 松江区
2025-07-12 01:09:18,454 - INFO - 🔄 正在处理记录 1181: (121.721174, 30.936539)
2025-07-12 01:09:18,454 - INFO - 📈 进度: 684/3473 (19.7%)
2025-07-12 01:09:19,477 - INFO - ✅ API调用成功: 121.450825, 31.220162 -> 徐汇区
2025-07-12 01:09:19,483 - INFO - 🔄 正在处理记录 1182: (121.30959, 31.138837)
2025-07-12 01:09:19,483 - INFO - 📈 进度: 685/3473 (19.7%)
2025-07-12 01:09:20,467 - INFO - ✅ API调用成功: 121.381949, 31.233444 -> 普陀区
2025-07-12 01:09:20,474 - INFO - 🔄 正在处理记录 1183: (121.48434, 31.234114)
2025-07-12 01:09:20,475 - INFO - 📈 进度: 686/3473 (19.8%)
2025-07-12 01:09:21,477 - INFO - ✅ API调用成功: 121.221844, 31.160537 -> 青浦区
2025-07-12 01:09:21,490 - INFO - 🔄 正在处理记录 1184: (121.490166, 31.147911)
2025-07-12 01:09:21,490 - INFO - 📈 进度: 687/3473 (19.8%)
2025-07-12 01:09:22,494 - INFO - ✅ API调用成功: 121.575071, 31.241148 -> 浦东新区
2025-07-12 01:09:22,500 - INFO - 🔄 正在处理记录 1185: (121.316801, 31.412006)
2025-07-12 01:09:22,501 - INFO - 📈 进度: 688/3473 (19.8%)
2025-07-12 01:09:23,512 - INFO - ✅ API调用成功: 121.506916, 31.275494 -> 虹口区
2025-07-12 01:09:23,519 - INFO - 🔄 正在处理记录 1186: (121.154935, 31.151637)
2025-07-12 01:09:23,519 - INFO - 📈 进度: 689/3473 (19.8%)
2025-07-12 01:09:24,511 - INFO - ✅ API调用成功: 121.536376, 31.244876 -> 浦东新区
2025-07-12 01:09:24,519 - INFO - 🔄 正在处理记录 1187: (121.296752, 31.174914)
2025-07-12 01:09:24,545 - INFO - ✅ 写入 10 条结果到 /Users/songdingan/Downloads/detect_bus/final_station_ranking_with_district.csv
2025-07-12 01:09:24,545 - INFO - 📈 进度: 690/3473 (19.9%)
2025-07-12 01:09:25,615 - INFO - ✅ API调用成功: 121.20592, 31.015334 -> 松江区
2025-07-12 01:09:25,620 - INFO - 🔄 正在处理记录 1188: (121.4173, 31.35189)
2025-07-12 01:09:25,620 - INFO - 📈 进度: 691/3473 (19.9%)
2025-07-12 01:09:26,510 - INFO - ✅ API调用成功: 121.194272, 31.00412 -> 松江区
2025-07-12 01:09:26,514 - INFO - 🔄 正在处理记录 1189: (121.413292, 31.358373)
2025-07-12 01:09:26,514 - INFO - 📈 进度: 692/3473 (19.9%)
2025-07-12 01:09:27,505 - INFO - ✅ API调用成功: 121.36479, 31.105962 -> 松江区
2025-07-12 01:09:27,511 - INFO - 🔄 正在处理记录 1190: (121.405203, 31.360601)
2025-07-12 01:09:27,511 - INFO - 📈 进度: 693/3473 (20.0%)
2025-07-12 01:09:28,572 - INFO - ✅ API调用成功: 121.351187, 31.101031 -> 松江区
2025-07-12 01:09:28,576 - INFO - 🔄 正在处理记录 1191: (121.32676, 30.882633)
2025-07-12 01:09:28,576 - INFO - 📈 进度: 694/3473 (20.0%)
2025-07-12 01:09:29,513 - INFO - ✅ API调用成功: 121.572548, 31.28154 -> 杨浦区
2025-07-12 01:09:29,519 - INFO - 🔄 正在处理记录 1192: (121.338022, 30.885494)
2025-07-12 01:09:29,519 - INFO - 📈 进度: 695/3473 (20.0%)
2025-07-12 01:09:30,616 - INFO - ✅ API调用成功: 121.392709, 31.211684 -> 长宁区
2025-07-12 01:09:30,622 - INFO - 🔄 正在处理记录 1193: (121.371189, 31.116474)
2025-07-12 01:09:30,622 - INFO - 📈 进度: 696/3473 (20.0%)
2025-07-12 01:09:31,557 - INFO - ✅ API调用成功: 121.436777, 31.308002 -> 静安区
2025-07-12 01:09:31,575 - INFO - 🔄 正在处理记录 1194: (121.553727, 31.176086)
2025-07-12 01:09:31,576 - INFO - 📈 进度: 697/3473 (20.1%)
2025-07-12 01:09:32,530 - INFO - ✅ API调用成功: 121.409149, 31.009776 -> 闵行区
2025-07-12 01:09:32,537 - INFO - 🔄 正在处理记录 1195: (121.33356, 31.173638)
2025-07-12 01:09:32,537 - INFO - 📈 进度: 698/3473 (20.1%)
2025-07-12 01:09:33,570 - INFO - ✅ API调用成功: 121.446951, 31.215493 -> 徐汇区
2025-07-12 01:09:33,575 - INFO - 🔄 正在处理记录 1196: (121.320136, 31.235139)
2025-07-12 01:09:33,575 - INFO - 📈 进度: 699/3473 (20.1%)
2025-07-12 01:09:34,539 - INFO - ✅ API调用成功: 121.169689, 31.024437 -> 松江区
2025-07-12 01:09:34,545 - INFO - 🔄 正在处理记录 1197: (121.395239, 31.215285)
2025-07-12 01:09:34,558 - INFO - ✅ 写入 10 条结果到 /Users/songdingan/Downloads/detect_bus/final_station_ranking_with_district.csv
2025-07-12 01:09:34,558 - INFO - 📈 进度: 700/3473 (20.2%)
2025-07-12 01:09:35,594 - INFO - ✅ API调用成功: 121.692968, 31.029354 -> 浦东新区
2025-07-12 01:09:35,601 - INFO - 🔄 正在处理记录 1198: (121.424456, 31.234388)
2025-07-12 01:09:35,601 - INFO - 📈 进度: 701/3473 (20.2%)
2025-07-12 01:09:36,542 - INFO - ✅ API调用成功: 121.534389, 31.189738 -> 浦东新区
2025-07-12 01:09:36,544 - INFO - 🔄 正在处理记录 1199: (121.395029, 31.160469)
2025-07-12 01:09:36,544 - INFO - 📈 进度: 702/3473 (20.2%)
2025-07-12 01:09:37,584 - INFO - ✅ API调用成功: 121.555475, 31.172984 -> 浦东新区
2025-07-12 01:09:37,589 - INFO - 🔄 正在处理记录 1200: (121.573815, 31.316649)
2025-07-12 01:09:37,589 - INFO - 📈 进度: 703/3473 (20.2%)
2025-07-12 01:09:38,584 - INFO - ✅ API调用成功: 121.655786, 31.204492 -> 浦东新区
2025-07-12 01:09:38,598 - INFO - 🔄 正在处理记录 1201: (121.47072, 31.229743)
2025-07-12 01:09:38,598 - INFO - 📈 进度: 704/3473 (20.3%)
2025-07-12 01:09:39,624 - INFO - ✅ API调用成功: 121.265299, 31.380966 -> 嘉定区
2025-07-12 01:09:39,629 - INFO - 🔄 正在处理记录 1202: (121.154836, 31.153044)
2025-07-12 01:09:39,629 - INFO - 📈 进度: 705/3473 (20.3%)
2025-07-12 01:09:40,629 - INFO - ✅ API调用成功: 121.264966, 31.416571 -> 嘉定区
2025-07-12 01:09:40,634 - INFO - 🔄 正在处理记录 1203: (121.605782, 31.280885)
2025-07-12 01:09:40,634 - INFO - 📈 进度: 706/3473 (20.3%)
2025-07-12 01:09:41,670 - INFO - ✅ API调用成功: 121.475565, 31.234964 -> 黄浦区
2025-07-12 01:09:41,678 - INFO - 🔄 正在处理记录 1204: (121.595874, 31.26234)
2025-07-12 01:09:41,679 - INFO - 📈 进度: 707/3473 (20.4%)
2025-07-12 01:09:42,592 - INFO - ✅ API调用成功: 121.436494, 31.000313 -> 奉贤区
2025-07-12 01:09:42,611 - INFO - 🔄 正在处理记录 1205: (121.07848, 30.988147)
2025-07-12 01:09:42,611 - INFO - 📈 进度: 708/3473 (20.4%)
2025-07-12 01:09:43,642 - INFO - ✅ API调用成功: 121.231953, 30.827776 -> 金山区
2025-07-12 01:09:43,650 - INFO - 🔄 正在处理记录 1206: (121.422206, 31.268283)
2025-07-12 01:09:43,650 - INFO - 📈 进度: 709/3473 (20.4%)
2025-07-12 01:09:44,624 - INFO - ✅ API调用成功: 121.43744, 31.208394 -> 长宁区
2025-07-12 01:09:44,631 - INFO - 🔄 正在处理记录 1207: (121.233808, 31.019177)
2025-07-12 01:09:44,648 - INFO - ✅ 写入 10 条结果到 /Users/songdingan/Downloads/detect_bus/final_station_ranking_with_district.csv
2025-07-12 01:09:44,648 - INFO - 📈 进度: 710/3473 (20.4%)
2025-07-12 01:09:45,619 - INFO - ✅ API调用成功: 121.294839, 30.782536 -> 金山区
2025-07-12 01:09:45,625 - INFO - 🔄 正在处理记录 1208: (121.331564, 31.134226)
2025-07-12 01:09:45,625 - INFO - 📈 进度: 711/3473 (20.5%)
2025-07-12 01:09:46,629 - INFO - ✅ API调用成功: 121.302818, 30.768248 -> 金山区
2025-07-12 01:09:46,647 - INFO - 🔄 正在处理记录 1209: (121.233258, 31.184013)
2025-07-12 01:09:46,647 - INFO - 📈 进度: 712/3473 (20.5%)
2025-07-12 01:09:47,647 - INFO - ✅ API调用成功: 121.247153, 30.822089 -> 金山区
2025-07-12 01:09:47,654 - INFO - 🔄 正在处理记录 1210: (121.312484, 31.144002)
2025-07-12 01:09:47,654 - INFO - 📈 进度: 713/3473 (20.5%)
2025-07-12 01:09:49,045 - INFO - ✅ API调用成功: 121.367238, 31.238288 -> 普陀区
2025-07-12 01:09:49,053 - INFO - 🔄 正在处理记录 1211: (121.424015, 31.113884)
2025-07-12 01:09:49,053 - INFO - 📈 进度: 714/3473 (20.6%)
2025-07-12 01:09:49,667 - INFO - ✅ API调用成功: 121.522931, 31.091798 -> 闵行区
2025-07-12 01:09:49,684 - INFO - 🔄 正在处理记录 1212: (121.575553, 31.350434)
2025-07-12 01:09:49,684 - INFO - 📈 进度: 715/3473 (20.6%)
2025-07-12 01:09:50,722 - INFO - ✅ API调用成功: 121.189329, 30.799432 -> 金山区
2025-07-12 01:09:50,727 - INFO - 🔄 正在处理记录 1213: (121.310149, 31.197633)
2025-07-12 01:09:50,727 - INFO - 📈 进度: 716/3473 (20.6%)
2025-07-12 01:09:51,677 - INFO - ✅ API调用成功: 121.181084, 30.815594 -> 金山区
2025-07-12 01:09:51,684 - INFO - 🔄 正在处理记录 1214: (121.40127, 31.105484)
2025-07-12 01:09:51,684 - INFO - 📈 进度: 717/3473 (20.6%)
2025-07-12 01:09:52,727 - INFO - ✅ API调用成功: 121.729159, 31.141335 -> 浦东新区
2025-07-12 01:09:52,742 - INFO - 🔄 正在处理记录 1215: (121.39815, 31.082074)
2025-07-12 01:09:52,742 - INFO - 📈 进度: 718/3473 (20.7%)
2025-07-12 01:09:53,669 - INFO - ✅ API调用成功: 121.465636, 31.229858 -> 黄浦区
2025-07-12 01:09:53,687 - INFO - 🔄 正在处理记录 1216: (121.486507, 31.056593)
2025-07-12 01:09:53,687 - INFO - 📈 进度: 719/3473 (20.7%)
2025-07-12 01:09:54,823 - INFO - ✅ API调用成功: 121.491979, 31.172172 -> 浦东新区
2025-07-12 01:09:54,828 - INFO - 🔄 正在处理记录 1217: (121.567917, 31.343921)
2025-07-12 01:09:54,842 - INFO - ✅ 写入 10 条结果到 /Users/songdingan/Downloads/detect_bus/final_station_ranking_with_district.csv
2025-07-12 01:09:54,842 - INFO - 📈 进度: 720/3473 (20.7%)
2025-07-12 01:09:55,678 - INFO - ✅ API调用成功: 121.580196, 31.126071 -> 浦东新区
2025-07-12 01:09:55,682 - INFO - 🔄 正在处理记录 1218: (121.574785, 31.107356)
2025-07-12 01:09:55,682 - INFO - 📈 进度: 721/3473 (20.8%)
2025-07-12 01:09:56,718 - INFO - ✅ API调用成功: 121.483963, 31.214111 -> 黄浦区
2025-07-12 01:09:56,722 - INFO - 🔄 正在处理记录 1219: (121.378225, 31.248418)
2025-07-12 01:09:56,722 - INFO - 📈 进度: 722/3473 (20.8%)
2025-07-12 01:09:57,749 - INFO - ✅ API调用成功: 121.469004, 31.335815 -> 宝山区
2025-07-12 01:09:57,753 - INFO - 🔄 正在处理记录 1220: (121.469441, 31.37929)
2025-07-12 01:09:57,753 - INFO - 📈 进度: 723/3473 (20.8%)
2025-07-12 01:09:58,725 - INFO - ✅ API调用成功: 121.721174, 30.936539 -> 奉贤区
2025-07-12 01:09:58,729 - INFO - 🔄 正在处理记录 1221: (121.047503, 31.035059)
2025-07-12 01:09:58,729 - INFO - 📈 进度: 724/3473 (20.8%)
2025-07-12 01:09:59,917 - INFO - ✅ API调用成功: 121.30959, 31.138837 -> 松江区
2025-07-12 01:09:59,926 - INFO - 🔄 正在处理记录 1222: (121.457584, 31.263059)
2025-07-12 01:09:59,926 - INFO - 📈 进度: 725/3473 (20.9%)
2025-07-12 01:10:00,839 - INFO - ✅ API调用成功: 121.48434, 31.234114 -> 黄浦区
2025-07-12 01:10:00,844 - INFO - 🔄 正在处理记录 1223: (121.342277, 31.28893)
2025-07-12 01:10:00,844 - INFO - 📈 进度: 726/3473 (20.9%)
2025-07-12 01:10:01,744 - INFO - ✅ API调用成功: 121.490166, 31.147911 -> 浦东新区
2025-07-12 01:10:01,748 - INFO - 🔄 正在处理记录 1224: (121.151467, 31.143241)
2025-07-12 01:10:01,749 - INFO - 📈 进度: 727/3473 (20.9%)
2025-07-12 01:10:02,729 - INFO - ✅ API调用成功: 121.316801, 31.412006 -> 嘉定区
2025-07-12 01:10:02,744 - INFO - 🔄 正在处理记录 1225: (121.502308, 31.19666)
2025-07-12 01:10:02,744 - INFO - 📈 进度: 728/3473 (21.0%)
2025-07-12 01:10:03,757 - INFO - ✅ API调用成功: 121.154935, 31.151637 -> 青浦区
2025-07-12 01:10:03,763 - INFO - 🔄 正在处理记录 1226: (121.540977, 31.306009)
2025-07-12 01:10:03,763 - INFO - 📈 进度: 729/3473 (21.0%)
2025-07-12 01:10:04,764 - INFO - ✅ API调用成功: 121.296752, 31.174914 -> 青浦区
2025-07-12 01:10:04,769 - INFO - 🔄 正在处理记录 1227: (121.549993, 31.247337)
2025-07-12 01:10:04,777 - INFO - ✅ 写入 10 条结果到 /Users/songdingan/Downloads/detect_bus/final_station_ranking_with_district.csv
2025-07-12 01:10:04,777 - INFO - 📈 进度: 730/3473 (21.0%)
2025-07-12 01:10:05,775 - INFO - ✅ API调用成功: 121.4173, 31.35189 -> 宝山区
2025-07-12 01:10:05,783 - INFO - 🔄 正在处理记录 1228: (121.731086, 31.041554)
2025-07-12 01:10:05,784 - INFO - 📈 进度: 731/3473 (21.0%)
2025-07-12 01:10:06,786 - INFO - ✅ API调用成功: 121.413292, 31.358373 -> 宝山区
2025-07-12 01:10:06,788 - INFO - 🔄 正在处理记录 1229: (121.231852, 31.109345)
2025-07-12 01:10:06,788 - INFO - 📈 进度: 732/3473 (21.1%)
2025-07-12 01:10:07,771 - INFO - ✅ API调用成功: 121.405203, 31.360601 -> 宝山区
2025-07-12 01:10:07,789 - INFO - 🔄 正在处理记录 1230: (121.509063, 31.036498)
2025-07-12 01:10:07,789 - INFO - 📈 进度: 733/3473 (21.1%)
2025-07-12 01:10:08,804 - INFO - ✅ API调用成功: 121.32676, 30.882633 -> 金山区
2025-07-12 01:10:08,808 - INFO - 🔄 正在处理记录 1231: (121.541573, 31.021355)
2025-07-12 01:10:08,808 - INFO - 📈 进度: 734/3473 (21.1%)
2025-07-12 01:10:09,769 - INFO - ✅ API调用成功: 121.338022, 30.885494 -> 金山区
2025-07-12 01:10:09,776 - INFO - 🔄 正在处理记录 1232: (121.598278, 31.268026)
2025-07-12 01:10:09,776 - INFO - 📈 进度: 735/3473 (21.2%)
2025-07-12 01:10:10,791 - INFO - ✅ API调用成功: 121.371189, 31.116474 -> 闵行区
2025-07-12 01:10:10,796 - INFO - 🔄 正在处理记录 1233: (121.253695, 31.403477)
2025-07-12 01:10:10,796 - INFO - 📈 进度: 736/3473 (21.2%)
2025-07-12 01:10:11,760 - INFO - ✅ API调用成功: 121.553727, 31.176086 -> 浦东新区
2025-07-12 01:10:11,778 - INFO - 🔄 正在处理记录 1234: (121.340631, 31.42176)
2025-07-12 01:10:11,778 - INFO - 📈 进度: 737/3473 (21.2%)
2025-07-12 01:10:12,796 - INFO - ✅ API调用成功: 121.33356, 31.173638 -> 闵行区
2025-07-12 01:10:12,807 - INFO - 🔄 正在处理记录 1235: (121.243714, 31.120197)
2025-07-12 01:10:12,807 - INFO - 📈 进度: 738/3473 (21.2%)
2025-07-12 01:10:13,862 - INFO - ✅ API调用成功: 121.320136, 31.235139 -> 嘉定区
2025-07-12 01:10:13,866 - INFO - 🔄 正在处理记录 1236: (121.314265, 30.741715)
2025-07-12 01:10:13,866 - INFO - 📈 进度: 739/3473 (21.3%)
2025-07-12 01:10:14,803 - INFO - ✅ API调用成功: 121.395239, 31.215285 -> 长宁区
2025-07-12 01:10:14,807 - INFO - 🔄 正在处理记录 1237: (121.390034, 31.202303)
2025-07-12 01:10:14,820 - INFO - ✅ 写入 10 条结果到 /Users/songdingan/Downloads/detect_bus/final_station_ranking_with_district.csv
2025-07-12 01:10:14,821 - INFO - 📈 进度: 740/3473 (21.3%)
2025-07-12 01:10:15,842 - INFO - ✅ API调用成功: 121.424456, 31.234388 -> 普陀区
2025-07-12 01:10:15,846 - INFO - 🔄 正在处理记录 1238: (121.320247, 31.102774)
2025-07-12 01:10:15,846 - INFO - 📈 进度: 741/3473 (21.3%)
2025-07-12 01:10:16,844 - INFO - ✅ API调用成功: 121.395029, 31.160469 -> 闵行区
2025-07-12 01:10:16,854 - INFO - 🔄 正在处理记录 1239: (121.534155, 31.324896)
2025-07-12 01:10:16,854 - INFO - 📈 进度: 742/3473 (21.4%)
2025-07-12 01:10:17,843 - INFO - ✅ API调用成功: 121.573815, 31.316649 -> 浦东新区
2025-07-12 01:10:17,847 - INFO - 🔄 正在处理记录 1240: (121.462032, 31.050184)
2025-07-12 01:10:17,847 - INFO - 📈 进度: 743/3473 (21.4%)
2025-07-12 01:10:18,854 - INFO - ✅ API调用成功: 121.47072, 31.229743 -> 黄浦区
2025-07-12 01:10:18,858 - INFO - 🔄 正在处理记录 1241: (121.347546, 31.183206)
2025-07-12 01:10:18,859 - INFO - 📈 进度: 744/3473 (21.4%)
2025-07-12 01:10:19,869 - INFO - ✅ API调用成功: 121.154836, 31.153044 -> 青浦区
2025-07-12 01:10:19,875 - INFO - 🔄 正在处理记录 1242: (121.328201, 31.29011)
2025-07-12 01:10:19,875 - INFO - 📈 进度: 745/3473 (21.5%)
2025-07-12 01:10:20,850 - INFO - ✅ API调用成功: 121.605782, 31.280885 -> 浦东新区
2025-07-12 01:10:20,855 - INFO - 🔄 正在处理记录 1243: (121.61293, 31.292679)
2025-07-12 01:10:20,855 - INFO - 📈 进度: 746/3473 (21.5%)
2025-07-12 01:10:21,846 - INFO - ✅ API调用成功: 121.595874, 31.26234 -> 浦东新区
2025-07-12 01:10:21,849 - INFO - 🔄 正在处理记录 1244: (121.425369, 30.996604)
2025-07-12 01:10:21,849 - INFO - 📈 进度: 747/3473 (21.5%)
2025-07-12 01:10:22,870 - INFO - ✅ API调用成功: 121.07848, 30.988147 -> 青浦区
2025-07-12 01:10:22,874 - INFO - 🔄 正在处理记录 1245: (121.58576, 31.341449)
2025-07-12 01:10:22,875 - INFO - 📈 进度: 748/3473 (21.5%)
2025-07-12 01:10:23,887 - INFO - ✅ API调用成功: 121.422206, 31.268283 -> 普陀区
2025-07-12 01:10:23,895 - INFO - 🔄 正在处理记录 1246: (121.475537, 31.215505)
2025-07-12 01:10:23,895 - INFO - 📈 进度: 749/3473 (21.6%)
2025-07-12 01:10:24,867 - INFO - ✅ API调用成功: 121.233808, 31.019177 -> 松江区
2025-07-12 01:10:24,871 - INFO - 🔄 正在处理记录 1247: (121.433031, 31.248139)
2025-07-12 01:10:24,884 - INFO - ✅ 写入 10 条结果到 /Users/songdingan/Downloads/detect_bus/final_station_ranking_with_district.csv
2025-07-12 01:10:24,884 - INFO - 📈 进度: 750/3473 (21.6%)
2025-07-12 01:10:25,875 - INFO - ✅ API调用成功: 121.331564, 31.134226 -> 松江区
2025-07-12 01:10:25,879 - INFO - 🔄 正在处理记录 1248: (121.512065, 31.211784)
2025-07-12 01:10:25,879 - INFO - 📈 进度: 751/3473 (21.6%)
2025-07-12 01:10:26,904 - INFO - ✅ API调用成功: 121.233258, 31.184013 -> 青浦区
2025-07-12 01:10:26,906 - INFO - 🔄 正在处理记录 1249: (121.278464, 31.119097)
2025-07-12 01:10:26,906 - INFO - 📈 进度: 752/3473 (21.7%)
2025-07-12 01:10:27,873 - INFO - ✅ API调用成功: 121.312484, 31.144002 -> 松江区
2025-07-12 01:10:27,887 - INFO - 🔄 正在处理记录 1250: (121.518949, 31.585765)
2025-07-12 01:10:27,887 - INFO - 📈 进度: 753/3473 (21.7%)
2025-07-12 01:10:28,964 - INFO - ✅ API调用成功: 121.424015, 31.113884 -> 闵行区
2025-07-12 01:10:28,971 - INFO - 🔄 正在处理记录 1251: (121.409876, 30.905139)
2025-07-12 01:10:28,971 - INFO - 📈 进度: 754/3473 (21.7%)
2025-07-12 01:10:29,885 - INFO - ✅ API调用成功: 121.575553, 31.350434 -> 浦东新区
2025-07-12 01:10:29,906 - INFO - 🔄 正在处理记录 1252: (121.778819, 31.030499)
2025-07-12 01:10:29,906 - INFO - 📈 进度: 755/3473 (21.7%)
2025-07-12 01:10:30,887 - INFO - ✅ API调用成功: 121.310149, 31.197633 -> 青浦区
2025-07-12 01:10:30,898 - INFO - 🔄 正在处理记录 1253: (121.798172, 31.039277)
2025-07-12 01:10:30,898 - INFO - 📈 进度: 756/3473 (21.8%)
2025-07-12 01:10:32,286 - INFO - ✅ API调用成功: 121.40127, 31.105484 -> 闵行区
2025-07-12 01:10:32,290 - INFO - 🔄 正在处理记录 1254: (121.831862, 31.002237)
2025-07-12 01:10:32,290 - INFO - 📈 进度: 757/3473 (21.8%)
2025-07-12 01:10:32,925 - INFO - ✅ API调用成功: 121.39815, 31.082074 -> 闵行区
2025-07-12 01:10:32,929 - INFO - 🔄 正在处理记录 1255: (121.796638, 31.03236)
2025-07-12 01:10:32,929 - INFO - 📈 进度: 758/3473 (21.8%)
2025-07-12 01:10:33,920 - INFO - ✅ API调用成功: 121.486507, 31.056593 -> 闵行区
2025-07-12 01:10:33,926 - INFO - 🔄 正在处理记录 1256: (121.302459, 30.727674)
2025-07-12 01:10:33,926 - INFO - 📈 进度: 759/3473 (21.9%)
2025-07-12 01:10:34,927 - INFO - ✅ API调用成功: 121.567917, 31.343921 -> 浦东新区
2025-07-12 01:10:34,941 - INFO - 🔄 正在处理记录 1257: (121.232771, 31.189484)
2025-07-12 01:10:34,950 - INFO - ✅ 写入 10 条结果到 /Users/songdingan/Downloads/detect_bus/final_station_ranking_with_district.csv
2025-07-12 01:10:34,950 - INFO - 📈 进度: 760/3473 (21.9%)
2025-07-12 01:10:36,001 - INFO - ✅ API调用成功: 121.574785, 31.107356 -> 浦东新区
2025-07-12 01:10:36,006 - INFO - 🔄 正在处理记录 1258: (121.374231, 30.738067)
2025-07-12 01:10:36,006 - INFO - 📈 进度: 761/3473 (21.9%)
2025-07-12 01:10:36,930 - INFO - ✅ API调用成功: 121.378225, 31.248418 -> 普陀区
2025-07-12 01:10:36,932 - INFO - 🔄 正在处理记录 1259: (121.468085, 30.831692)
2025-07-12 01:10:36,932 - INFO - 📈 进度: 762/3473 (21.9%)
2025-07-12 01:10:37,946 - INFO - ✅ API调用成功: 121.469441, 31.37929 -> 宝山区
2025-07-12 01:10:37,950 - INFO - 🔄 正在处理记录 1260: (121.772565, 31.027874)
2025-07-12 01:10:37,950 - INFO - 📈 进度: 763/3473 (22.0%)
2025-07-12 01:10:39,006 - INFO - ✅ API调用成功: 121.047503, 31.035059 -> 青浦区
2025-07-12 01:10:39,010 - INFO - 🔄 正在处理记录 1261: (121.380967, 30.826633)
2025-07-12 01:10:39,010 - INFO - 📈 进度: 764/3473 (22.0%)
2025-07-12 01:10:40,022 - INFO - ✅ API调用成功: 121.457584, 31.263059 -> 静安区
2025-07-12 01:10:40,026 - INFO - 🔄 正在处理记录 1262: (121.729159, 31.141335)
2025-07-12 01:10:40,026 - INFO - 📈 进度: 765/3473 (22.0%)
2025-07-12 01:10:40,946 - INFO - ✅ API调用成功: 121.342277, 31.28893 -> 普陀区
2025-07-12 01:10:40,951 - INFO - 🔄 正在处理记录 1263: (121.671753, 31.113669)
2025-07-12 01:10:40,951 - INFO - 📈 进度: 766/3473 (22.1%)
2025-07-12 01:10:41,971 - INFO - ✅ API调用成功: 121.151467, 31.143241 -> 青浦区
2025-07-12 01:10:41,976 - INFO - 🔄 正在处理记录 1264: (121.510943, 31.223578)
2025-07-12 01:10:41,976 - INFO - 📈 进度: 767/3473 (22.1%)
2025-07-12 01:10:43,043 - INFO - ✅ API调用成功: 121.502308, 31.19666 -> 浦东新区
2025-07-12 01:10:43,047 - INFO - 🔄 正在处理记录 1265: (121.8364, 31.03745)
2025-07-12 01:10:43,047 - INFO - 📈 进度: 768/3473 (22.1%)
2025-07-12 01:10:44,004 - INFO - ✅ API调用成功: 121.540977, 31.306009 -> 杨浦区
2025-07-12 01:10:44,009 - INFO - 🔄 正在处理记录 1266: (121.835353, 31.041676)
2025-07-12 01:10:44,009 - INFO - 📈 进度: 769/3473 (22.1%)
2025-07-12 01:10:45,054 - INFO - ✅ API调用成功: 121.549993, 31.247337 -> 浦东新区
2025-07-12 01:10:45,059 - INFO - 🔄 正在处理记录 1267: (121.823463, 31.024043)
2025-07-12 01:10:45,072 - INFO - ✅ 写入 10 条结果到 /Users/songdingan/Downloads/detect_bus/final_station_ranking_with_district.csv
2025-07-12 01:10:45,072 - INFO - 📈 进度: 770/3473 (22.2%)
2025-07-12 01:10:45,996 - INFO - ✅ API调用成功: 121.731086, 31.041554 -> 浦东新区
2025-07-12 01:10:46,012 - INFO - 🔄 正在处理记录 1268: (121.522928, 31.226374)
2025-07-12 01:10:46,012 - INFO - 📈 进度: 771/3473 (22.2%)
2025-07-12 01:10:46,998 - INFO - ✅ API调用成功: 121.231852, 31.109345 -> 松江区
2025-07-12 01:10:47,010 - INFO - 🔄 正在处理记录 1269: (121.616693, 31.132851)
2025-07-12 01:10:47,010 - INFO - 📈 进度: 772/3473 (22.2%)
2025-07-12 01:10:48,113 - INFO - ✅ API调用成功: 121.509063, 31.036498 -> 闵行区
2025-07-12 01:10:48,121 - INFO - 🔄 正在处理记录 1270: (121.400308, 31.176991)
2025-07-12 01:10:48,121 - INFO - 📈 进度: 773/3473 (22.3%)
2025-07-12 01:10:49,016 - INFO - ✅ API调用成功: 121.541573, 31.021355 -> 闵行区
2025-07-12 01:10:49,021 - INFO - 🔄 正在处理记录 1271: (121.402454, 31.181189)
2025-07-12 01:10:49,021 - INFO - 📈 进度: 774/3473 (22.3%)
2025-07-12 01:10:50,019 - INFO - ✅ API调用成功: 121.598278, 31.268026 -> 浦东新区
2025-07-12 01:10:50,034 - INFO - 🔄 正在处理记录 1272: (121.260505, 31.001465)
2025-07-12 01:10:50,034 - INFO - 📈 进度: 775/3473 (22.3%)
2025-07-12 01:10:51,268 - INFO - ✅ API调用成功: 121.253695, 31.403477 -> 嘉定区
2025-07-12 01:10:51,274 - INFO - 🔄 正在处理记录 1273: (121.549586, 31.279156)
2025-07-12 01:10:51,274 - INFO - 📈 进度: 776/3473 (22.3%)
2025-07-12 01:10:52,140 - INFO - ✅ API调用成功: 121.340631, 31.42176 -> 宝山区
2025-07-12 01:10:52,148 - INFO - 🔄 正在处理记录 1274: (121.716238, 31.238264)
2025-07-12 01:10:52,148 - INFO - 📈 进度: 777/3473 (22.4%)
2025-07-12 01:10:53,065 - INFO - ✅ API调用成功: 121.243714, 31.120197 -> 松江区
2025-07-12 01:10:53,069 - INFO - 🔄 正在处理记录 1275: (121.74783, 30.997132)
2025-07-12 01:10:53,069 - INFO - 📈 进度: 778/3473 (22.4%)
2025-07-12 01:10:54,050 - INFO - ✅ API调用成功: 121.314265, 30.741715 -> 金山区
2025-07-12 01:10:54,060 - INFO - 🔄 正在处理记录 1276: (121.577762, 31.259282)
2025-07-12 01:10:54,060 - INFO - 📈 进度: 779/3473 (22.4%)
2025-07-12 01:10:55,042 - INFO - ✅ API调用成功: 121.390034, 31.202303 -> 长宁区
2025-07-12 01:10:55,046 - INFO - 🔄 正在处理记录 1277: (121.732527, 31.065241)
2025-07-12 01:10:55,062 - INFO - ✅ 写入 10 条结果到 /Users/songdingan/Downloads/detect_bus/final_station_ranking_with_district.csv
2025-07-12 01:10:55,062 - INFO - 📈 进度: 780/3473 (22.5%)
2025-07-12 01:10:56,041 - INFO - ✅ API调用成功: 121.320247, 31.102774 -> 松江区
2025-07-12 01:10:56,049 - INFO - 🔄 正在处理记录 1278: (121.751073, 31.049723)
2025-07-12 01:10:56,049 - INFO - 📈 进度: 781/3473 (22.5%)
2025-07-12 01:10:57,288 - INFO - ✅ API调用成功: 121.534155, 31.324896 -> 杨浦区
2025-07-12 01:10:57,293 - INFO - 🔄 正在处理记录 1279: (121.462987, 31.259113)
2025-07-12 01:10:57,293 - INFO - 📈 进度: 782/3473 (22.5%)
2025-07-12 01:10:58,071 - INFO - ✅ API调用成功: 121.462032, 31.050184 -> 闵行区
2025-07-12 01:10:58,075 - INFO - 🔄 正在处理记录 1280: (121.57198, 31.275207)
2025-07-12 01:10:58,076 - INFO - 📈 进度: 783/3473 (22.5%)
2025-07-12 01:10:59,086 - INFO - ✅ API调用成功: 121.347546, 31.183206 -> 闵行区
2025-07-12 01:10:59,091 - INFO - 🔄 正在处理记录 1281: (121.550758, 31.256532)
2025-07-12 01:10:59,091 - INFO - 📈 进度: 784/3473 (22.6%)
2025-07-12 01:11:00,143 - INFO - ✅ API调用成功: 121.328201, 31.29011 -> 嘉定区
2025-07-12 01:11:00,148 - INFO - 🔄 正在处理记录 1282: (121.1748, 31.297168)
2025-07-12 01:11:00,148 - INFO - 📈 进度: 785/3473 (22.6%)
2025-07-12 01:11:01,099 - INFO - ✅ API调用成功: 121.61293, 31.292679 -> 浦东新区
2025-07-12 01:11:01,127 - INFO - 🔄 正在处理记录 1283: (121.587291, 31.279015)
2025-07-12 01:11:01,127 - INFO - 📈 进度: 786/3473 (22.6%)
2025-07-12 01:11:02,103 - INFO - ✅ API调用成功: 121.425369, 30.996604 -> 奉贤区
2025-07-12 01:11:02,110 - INFO - 🔄 正在处理记录 1284: (121.52507, 31.21871)
2025-07-12 01:11:02,111 - INFO - 📈 进度: 787/3473 (22.7%)
2025-07-12 01:11:03,090 - INFO - ✅ API调用成功: 121.58576, 31.341449 -> 浦东新区
2025-07-12 01:11:03,093 - INFO - 🔄 正在处理记录 1285: (121.140348, 31.270094)
2025-07-12 01:11:03,093 - INFO - 📈 进度: 788/3473 (22.7%)
2025-07-12 01:11:04,124 - INFO - ✅ API调用成功: 121.475537, 31.215505 -> 黄浦区
2025-07-12 01:11:04,131 - INFO - 🔄 正在处理记录 1286: (121.15788, 31.290768)
2025-07-12 01:11:04,131 - INFO - 📈 进度: 789/3473 (22.7%)
2025-07-12 01:11:05,079 - INFO - ✅ API调用成功: 121.433031, 31.248139 -> 普陀区
2025-07-12 01:11:05,084 - INFO - 🔄 正在处理记录 1287: (121.501063, 31.266058)
2025-07-12 01:11:05,094 - INFO - ✅ 写入 10 条结果到 /Users/songdingan/Downloads/detect_bus/final_station_ranking_with_district.csv
2025-07-12 01:11:05,094 - INFO - 📈 进度: 790/3473 (22.7%)
2025-07-12 01:11:06,109 - INFO - ✅ API调用成功: 121.512065, 31.211784 -> 黄浦区
2025-07-12 01:11:06,115 - INFO - 🔄 正在处理记录 1288: (121.650903, 31.273933)
2025-07-12 01:11:06,115 - INFO - 📈 进度: 791/3473 (22.8%)
2025-07-12 01:11:07,093 - INFO - ✅ API调用成功: 121.278464, 31.119097 -> 松江区
2025-07-12 01:11:07,108 - INFO - 🔄 正在处理记录 1289: (121.520437, 31.254615)
2025-07-12 01:11:07,108 - INFO - 📈 进度: 792/3473 (22.8%)
2025-07-12 01:11:08,211 - INFO - ✅ API调用成功: 121.518949, 31.585765 -> 崇明区
2025-07-12 01:11:08,218 - INFO - 🔄 正在处理记录 1290: (121.140689, 31.092301)
2025-07-12 01:11:08,218 - INFO - 📈 进度: 793/3473 (22.8%)
2025-07-12 01:11:09,130 - INFO - ✅ API调用成功: 121.409876, 30.905139 -> 奉贤区
2025-07-12 01:11:09,135 - INFO - 🔄 正在处理记录 1291: (121.373951, 31.033181)
2025-07-12 01:11:09,135 - INFO - 📈 进度: 794/3473 (22.9%)
2025-07-12 01:11:10,123 - INFO - ✅ API调用成功: 121.778819, 31.030499 -> 浦东新区
2025-07-12 01:11:10,128 - INFO - 🔄 正在处理记录 1292: (121.678882, 31.238929)
2025-07-12 01:11:10,128 - INFO - 📈 进度: 795/3473 (22.9%)
2025-07-12 01:11:11,133 - INFO - ✅ API调用成功: 121.798172, 31.039277 -> 浦东新区
2025-07-12 01:11:11,139 - INFO - 🔄 正在处理记录 1293: (121.527825, 31.169145)
2025-07-12 01:11:11,139 - INFO - 📈 进度: 796/3473 (22.9%)
2025-07-12 01:11:12,206 - INFO - ✅ API调用成功: 121.831862, 31.002237 -> 浦东新区
2025-07-12 01:11:12,212 - INFO - 🔄 正在处理记录 1294: (121.317793, 31.123195)
2025-07-12 01:11:12,212 - INFO - 📈 进度: 797/3473 (22.9%)
2025-07-12 01:11:13,175 - INFO - ✅ API调用成功: 121.796638, 31.03236 -> 浦东新区
2025-07-12 01:11:13,189 - INFO - 🔄 正在处理记录 1295: (121.32765, 31.133449)
2025-07-12 01:11:13,189 - INFO - 📈 进度: 798/3473 (23.0%)
2025-07-12 01:11:14,132 - INFO - ✅ API调用成功: 121.302459, 30.727674 -> 金山区
2025-07-12 01:11:14,139 - INFO - 🔄 正在处理记录 1296: (121.522072, 31.28402)
2025-07-12 01:11:14,139 - INFO - 📈 进度: 799/3473 (23.0%)
2025-07-12 01:11:15,174 - INFO - ✅ API调用成功: 121.232771, 31.189484 -> 青浦区
2025-07-12 01:11:15,180 - INFO - 🔄 正在处理记录 1297: (121.46614, 31.244081)
2025-07-12 01:11:15,207 - INFO - ✅ 写入 10 条结果到 /Users/songdingan/Downloads/detect_bus/final_station_ranking_with_district.csv
2025-07-12 01:11:15,208 - INFO - 📈 进度: 800/3473 (23.0%)
2025-07-12 01:11:16,189 - INFO - ✅ API调用成功: 121.374231, 30.738067 -> 金山区
2025-07-12 01:11:16,196 - INFO - 🔄 正在处理记录 1298: (121.326374, 31.831945)
2025-07-12 01:11:16,196 - INFO - 📈 进度: 801/3473 (23.1%)
2025-07-12 01:11:17,217 - INFO - ✅ API调用成功: 121.468085, 30.831692 -> 奉贤区
2025-07-12 01:11:17,232 - INFO - 🔄 正在处理记录 1299: (121.328583, 31.811846)
2025-07-12 01:11:17,232 - INFO - 📈 进度: 802/3473 (23.1%)
2025-07-12 01:11:18,181 - INFO - ✅ API调用成功: 121.772565, 31.027874 -> 浦东新区
2025-07-12 01:11:18,191 - INFO - 🔄 正在处理记录 1300: (121.423469, 31.717927)
2025-07-12 01:11:18,192 - INFO - 📈 进度: 803/3473 (23.1%)
2025-07-12 01:11:19,160 - INFO - ✅ API调用成功: 121.380967, 30.826633 -> 金山区
2025-07-12 01:11:19,167 - INFO - 🔄 正在处理记录 1301: (121.360272, 31.364196)
2025-07-12 01:11:19,167 - INFO - 📈 进度: 804/3473 (23.2%)
2025-07-12 01:11:20,177 - INFO - ✅ API调用成功: 121.729159, 31.141335 -> 浦东新区
2025-07-12 01:11:20,182 - INFO - 🔄 正在处理记录 1302: (121.441708, 31.120268)
2025-07-12 01:11:20,182 - INFO - 📈 进度: 805/3473 (23.2%)
2025-07-12 01:11:21,217 - INFO - ✅ API调用成功: 121.671753, 31.113669 -> 浦东新区
2025-07-12 01:11:21,227 - INFO - 🔄 正在处理记录 1303: (121.264674, 31.333083)
2025-07-12 01:11:21,227 - INFO - 📈 进度: 806/3473 (23.2%)
2025-07-12 01:11:22,194 - INFO - ✅ API调用成功: 121.510943, 31.223578 -> 黄浦区
2025-07-12 01:11:22,199 - INFO - 🔄 正在处理记录 1304: (121.650773, 31.179255)
2025-07-12 01:11:22,199 - INFO - 📈 进度: 807/3473 (23.2%)
2025-07-12 01:11:23,200 - INFO - ✅ API调用成功: 121.8364, 31.03745 -> 浦东新区
2025-07-12 01:11:23,205 - INFO - 🔄 正在处理记录 1305: (121.232269, 30.979758)
2025-07-12 01:11:23,205 - INFO - 📈 进度: 808/3473 (23.3%)
2025-07-12 01:11:24,226 - INFO - ✅ API调用成功: 121.835353, 31.041676 -> 浦东新区
2025-07-12 01:11:24,232 - INFO - 🔄 正在处理记录 1306: (121.665394, 31.111941)
2025-07-12 01:11:24,232 - INFO - 📈 进度: 809/3473 (23.3%)
2025-07-12 01:11:25,387 - INFO - ✅ API调用成功: 121.823463, 31.024043 -> 浦东新区
2025-07-12 01:11:25,393 - INFO - 🔄 正在处理记录 1307: (121.649813, 31.109748)
2025-07-12 01:11:25,403 - INFO - ✅ 写入 10 条结果到 /Users/songdingan/Downloads/detect_bus/final_station_ranking_with_district.csv
2025-07-12 01:11:25,403 - INFO - 📈 进度: 810/3473 (23.3%)
2025-07-12 01:11:26,223 - INFO - ✅ API调用成功: 121.522928, 31.226374 -> 浦东新区
2025-07-12 01:11:26,228 - INFO - 🔄 正在处理记录 1308: (121.365495, 31.114534)
2025-07-12 01:11:26,228 - INFO - 📈 进度: 811/3473 (23.4%)
2025-07-12 01:11:27,263 - INFO - ✅ API调用成功: 121.616693, 31.132851 -> 浦东新区
2025-07-12 01:11:27,270 - INFO - 🔄 正在处理记录 1309: (121.516118, 31.578909)
2025-07-12 01:11:27,271 - INFO - 📈 进度: 812/3473 (23.4%)
2025-07-12 01:11:28,344 - INFO - ✅ API调用成功: 121.400308, 31.176991 -> 徐汇区
2025-07-12 01:11:28,351 - INFO - 🔄 正在处理记录 1310: (121.10855, 31.142862)
2025-07-12 01:11:28,351 - INFO - 📈 进度: 813/3473 (23.4%)
2025-07-12 01:11:29,226 - INFO - ✅ API调用成功: 121.402454, 31.181189 -> 徐汇区
2025-07-12 01:11:29,230 - INFO - 🔄 正在处理记录 1311: (121.5881, 31.189986)
2025-07-12 01:11:29,230 - INFO - 📈 进度: 814/3473 (23.4%)
2025-07-12 01:11:30,229 - INFO - ✅ API调用成功: 121.260505, 31.001465 -> 松江区
2025-07-12 01:11:30,234 - INFO - 🔄 正在处理记录 1312: (121.628604, 31.317519)
2025-07-12 01:11:30,235 - INFO - 📈 进度: 815/3473 (23.5%)
2025-07-12 01:11:31,249 - INFO - ✅ API调用成功: 121.549586, 31.279156 -> 杨浦区
2025-07-12 01:11:31,263 - INFO - 🔄 正在处理记录 1313: (121.382149, 31.110175)
2025-07-12 01:11:31,263 - INFO - 📈 进度: 816/3473 (23.5%)
2025-07-12 01:11:32,235 - INFO - ✅ API调用成功: 121.716238, 31.238264 -> 浦东新区
2025-07-12 01:11:32,242 - INFO - 🔄 正在处理记录 1314: (121.36458, 31.361621)
2025-07-12 01:11:32,242 - INFO - 📈 进度: 817/3473 (23.5%)
2025-07-12 01:11:33,254 - INFO - ✅ API调用成功: 121.74783, 30.997132 -> 浦东新区
2025-07-12 01:11:33,260 - INFO - 🔄 正在处理记录 1315: (121.395185, 31.206051)
2025-07-12 01:11:33,260 - INFO - 📈 进度: 818/3473 (23.6%)
2025-07-12 01:11:34,290 - INFO - ✅ API调用成功: 121.577762, 31.259282 -> 浦东新区
2025-07-12 01:11:34,296 - INFO - 🔄 正在处理记录 1316: (121.582127, 31.121952)
2025-07-12 01:11:34,296 - INFO - 📈 进度: 819/3473 (23.6%)
2025-07-12 01:11:35,279 - INFO - ✅ API调用成功: 121.732527, 31.065241 -> 浦东新区
2025-07-12 01:11:35,284 - INFO - 🔄 正在处理记录 1317: (121.647724, 31.20381)
2025-07-12 01:11:35,295 - INFO - ✅ 写入 10 条结果到 /Users/songdingan/Downloads/detect_bus/final_station_ranking_with_district.csv
2025-07-12 01:11:35,295 - INFO - 📈 进度: 820/3473 (23.6%)
2025-07-12 01:11:36,260 - INFO - ✅ API调用成功: 121.751073, 31.049723 -> 浦东新区
2025-07-12 01:11:36,266 - INFO - 🔄 正在处理记录 1318: (121.33386, 30.752533)
2025-07-12 01:11:36,266 - INFO - 📈 进度: 821/3473 (23.6%)
2025-07-12 01:11:37,278 - INFO - ✅ API调用成功: 121.462987, 31.259113 -> 静安区
2025-07-12 01:11:37,293 - INFO - 🔄 正在处理记录 1319: (121.145846, 31.157851)
2025-07-12 01:11:37,293 - INFO - 📈 进度: 822/3473 (23.7%)
2025-07-12 01:11:38,291 - INFO - ✅ API调用成功: 121.57198, 31.275207 -> 浦东新区
2025-07-12 01:11:38,295 - INFO - 🔄 正在处理记录 1320: (121.116397, 31.153911)
2025-07-12 01:11:38,295 - INFO - 📈 进度: 823/3473 (23.7%)
2025-07-12 01:11:39,284 - INFO - ✅ API调用成功: 121.550758, 31.256532 -> 浦东新区
2025-07-12 01:11:39,288 - INFO - 🔄 正在处理记录 1321: (121.577489, 31.253752)
2025-07-12 01:11:39,288 - INFO - 📈 进度: 824/3473 (23.7%)
2025-07-12 01:11:40,297 - INFO - ✅ API调用成功: 121.1748, 31.297168 -> 嘉定区
2025-07-12 01:11:40,301 - INFO - 🔄 正在处理记录 1322: (121.476987, 31.220455)
2025-07-12 01:11:40,302 - INFO - 📈 进度: 825/3473 (23.8%)
2025-07-12 01:11:41,267 - INFO - ✅ API调用成功: 121.587291, 31.279015 -> 浦东新区
2025-07-12 01:11:41,271 - INFO - 🔄 正在处理记录 1323: (121.63273, 31.243842)
2025-07-12 01:11:41,271 - INFO - 📈 进度: 826/3473 (23.8%)
2025-07-12 01:11:42,298 - INFO - ✅ API调用成功: 121.52507, 31.21871 -> 浦东新区
2025-07-12 01:11:42,305 - INFO - 🔄 正在处理记录 1324: (121.235479, 31.369757)
2025-07-12 01:11:42,305 - INFO - 📈 进度: 827/3473 (23.8%)
2025-07-12 01:11:43,295 - INFO - ✅ API调用成功: 121.140348, 31.270094 -> 青浦区
2025-07-12 01:11:43,301 - INFO - 🔄 正在处理记录 1325: (121.436044, 31.312355)
2025-07-12 01:11:43,301 - INFO - 📈 进度: 828/3473 (23.8%)
2025-07-12 01:11:44,336 - INFO - ✅ API调用成功: 121.15788, 31.290768 -> 昆山市
2025-07-12 01:11:44,343 - INFO - 🔄 正在处理记录 1326: (121.310006, 31.345232)
2025-07-12 01:11:44,343 - INFO - 📈 进度: 829/3473 (23.9%)
2025-07-12 01:11:45,324 - INFO - ✅ API调用成功: 121.501063, 31.266058 -> 虹口区
2025-07-12 01:11:45,336 - INFO - 🔄 正在处理记录 1327: (121.497573, 31.182452)
2025-07-12 01:11:45,348 - INFO - ✅ 写入 10 条结果到 /Users/songdingan/Downloads/detect_bus/final_station_ranking_with_district.csv
2025-07-12 01:11:45,348 - INFO - 📈 进度: 830/3473 (23.9%)
2025-07-12 01:11:46,403 - INFO - ✅ API调用成功: 121.650903, 31.273933 -> 浦东新区
2025-07-12 01:11:46,409 - INFO - 🔄 正在处理记录 1328: (121.580079, 31.124508)
2025-07-12 01:11:46,409 - INFO - 📈 进度: 831/3473 (23.9%)
2025-07-12 01:11:47,388 - INFO - ✅ API调用成功: 121.520437, 31.254615 -> 虹口区
2025-07-12 01:11:47,403 - INFO - 🔄 正在处理记录 1329: (121.465235, 31.32163)
2025-07-12 01:11:47,403 - INFO - 📈 进度: 832/3473 (24.0%)
2025-07-12 01:11:48,339 - INFO - ✅ API调用成功: 121.140689, 31.092301 -> 松江区
2025-07-12 01:11:48,345 - INFO - 🔄 正在处理记录 1330: (121.582895, 31.116336)
2025-07-12 01:11:48,345 - INFO - 📈 进度: 833/3473 (24.0%)
2025-07-12 01:11:49,344 - INFO - ✅ API调用成功: 121.373951, 31.033181 -> 闵行区
2025-07-12 01:11:49,350 - INFO - 🔄 正在处理记录 1331: (121.568878, 31.155605)
2025-07-12 01:11:49,351 - INFO - 📈 进度: 834/3473 (24.0%)
2025-07-12 01:11:50,335 - INFO - ✅ API调用成功: 121.678882, 31.238929 -> 浦东新区
2025-07-12 01:11:50,339 - INFO - 🔄 正在处理记录 1332: (121.5094, 31.028622)
2025-07-12 01:11:50,339 - INFO - 📈 进度: 835/3473 (24.0%)
2025-07-12 01:11:51,509 - INFO - ✅ API调用成功: 121.527825, 31.169145 -> 浦东新区
2025-07-12 01:11:51,516 - INFO - 🔄 正在处理记录 1333: (121.194974, 31.418552)
2025-07-12 01:11:51,516 - INFO - 📈 进度: 836/3473 (24.1%)
2025-07-12 01:11:52,371 - INFO - ✅ API调用成功: 121.317793, 31.123195 -> 松江区
2025-07-12 01:11:52,377 - INFO - 🔄 正在处理记录 1334: (121.506764, 31.256046)
2025-07-12 01:11:52,377 - INFO - 📈 进度: 837/3473 (24.1%)
2025-07-12 01:11:53,384 - INFO - ✅ API调用成功: 121.32765, 31.133449 -> 松江区
2025-07-12 01:11:53,405 - INFO - 🔄 正在处理记录 1335: (121.801243, 31.094506)
2025-07-12 01:11:53,405 - INFO - 📈 进度: 838/3473 (24.1%)
2025-07-12 01:11:54,391 - INFO - ✅ API调用成功: 121.522072, 31.28402 -> 杨浦区
2025-07-12 01:11:54,395 - INFO - 🔄 正在处理记录 1336: (121.462871, 31.39147)
2025-07-12 01:11:54,395 - INFO - 📈 进度: 839/3473 (24.2%)
2025-07-12 01:11:55,385 - INFO - ✅ API调用成功: 121.46614, 31.244081 -> 静安区
2025-07-12 01:11:55,389 - INFO - 🔄 正在处理记录 1337: (121.812718, 31.097109)
2025-07-12 01:11:55,398 - INFO - ✅ 写入 10 条结果到 /Users/songdingan/Downloads/detect_bus/final_station_ranking_with_district.csv
2025-07-12 01:11:55,398 - INFO - 📈 进度: 840/3473 (24.2%)
2025-07-12 01:11:56,667 - INFO - ✅ API调用成功: 121.326374, 31.831945 -> 崇明区
2025-07-12 01:11:56,671 - INFO - 🔄 正在处理记录 1338: (121.056107, 31.110427)
2025-07-12 01:11:56,671 - INFO - 📈 进度: 841/3473 (24.2%)
2025-07-12 01:11:57,378 - INFO - ✅ API调用成功: 121.328583, 31.811846 -> 崇明区
2025-07-12 01:11:57,397 - INFO - 🔄 正在处理记录 1339: (121.3015, 31.301419)
2025-07-12 01:11:57,397 - INFO - 📈 进度: 842/3473 (24.2%)
2025-07-12 01:11:58,379 - INFO - ✅ API调用成功: 121.423469, 31.717927 -> 崇明区
2025-07-12 01:11:58,385 - INFO - 🔄 正在处理记录 1340: (121.345818, 31.099085)
2025-07-12 01:11:58,386 - INFO - 📈 进度: 843/3473 (24.3%)
2025-07-12 01:11:59,486 - INFO - ✅ API调用成功: 121.360272, 31.364196 -> 宝山区
2025-07-12 01:11:59,491 - INFO - 🔄 正在处理记录 1341: (121.77029, 31.055058)
2025-07-12 01:11:59,491 - INFO - 📈 进度: 844/3473 (24.3%)
2025-07-12 01:12:00,424 - INFO - ✅ API调用成功: 121.441708, 31.120268 -> 闵行区
2025-07-12 01:12:00,428 - INFO - 🔄 正在处理记录 1342: (121.073423, 31.136791)
2025-07-12 01:12:00,428 - INFO - 📈 进度: 845/3473 (24.3%)
2025-07-12 01:12:01,424 - INFO - ✅ API调用成功: 121.264674, 31.333083 -> 嘉定区
2025-07-12 01:12:01,428 - INFO - 🔄 正在处理记录 1343: (121.630665, 31.252462)
2025-07-12 01:12:01,428 - INFO - 📈 进度: 846/3473 (24.4%)
2025-07-12 01:12:02,541 - INFO - ✅ API调用成功: 121.650773, 31.179255 -> 浦东新区
2025-07-12 01:12:02,547 - INFO - 🔄 正在处理记录 1344: (121.483319, 31.156631)
2025-07-12 01:12:02,547 - INFO - 📈 进度: 847/3473 (24.4%)
2025-07-12 01:12:03,410 - INFO - ✅ API调用成功: 121.232269, 30.979758 -> 松江区
2025-07-12 01:12:03,415 - INFO - 🔄 正在处理记录 1345: (121.267148, 31.274511)
2025-07-12 01:12:03,415 - INFO - 📈 进度: 848/3473 (24.4%)
2025-07-12 01:12:04,437 - INFO - ✅ API调用成功: 121.665394, 31.111941 -> 浦东新区
2025-07-12 01:12:04,441 - INFO - 🔄 正在处理记录 1346: (121.474309, 31.238651)
2025-07-12 01:12:04,442 - INFO - 📈 进度: 849/3473 (24.4%)
2025-07-12 01:12:05,446 - INFO - ✅ API调用成功: 121.649813, 31.109748 -> 浦东新区
2025-07-12 01:12:05,453 - INFO - 🔄 正在处理记录 1347: (121.420054, 31.395425)
2025-07-12 01:12:05,464 - INFO - ✅ 写入 10 条结果到 /Users/songdingan/Downloads/detect_bus/final_station_ranking_with_district.csv
2025-07-12 01:12:05,464 - INFO - 📈 进度: 850/3473 (24.5%)
2025-07-12 01:12:06,442 - INFO - ✅ API调用成功: 121.365495, 31.114534 -> 闵行区
2025-07-12 01:12:06,456 - INFO - 🔄 正在处理记录 1348: (121.365298, 31.032045)
2025-07-12 01:12:06,456 - INFO - 📈 进度: 851/3473 (24.5%)
2025-07-12 01:12:07,442 - INFO - ✅ API调用成功: 121.516118, 31.578909 -> 崇明区
2025-07-12 01:12:07,449 - INFO - 🔄 正在处理记录 1349: (121.813261, 30.973217)
2025-07-12 01:12:07,450 - INFO - 📈 进度: 852/3473 (24.5%)
2025-07-12 01:12:08,468 - INFO - ✅ API调用成功: 121.10855, 31.142862 -> 青浦区
2025-07-12 01:12:08,473 - INFO - 🔄 正在处理记录 1350: (121.297949, 30.799243)
2025-07-12 01:12:08,473 - INFO - 📈 进度: 853/3473 (24.6%)
2025-07-12 01:12:09,504 - INFO - ✅ API调用成功: 121.5881, 31.189986 -> 浦东新区
2025-07-12 01:12:09,509 - INFO - 🔄 正在处理记录 1351: (121.57593, 30.926084)
2025-07-12 01:12:09,509 - INFO - 📈 进度: 854/3473 (24.6%)
2025-07-12 01:12:10,486 - INFO - ✅ API调用成功: 121.628604, 31.317519 -> 浦东新区
2025-07-12 01:12:10,491 - INFO - 🔄 正在处理记录 1352: (121.175076, 31.107983)
2025-07-12 01:12:10,491 - INFO - 📈 进度: 855/3473 (24.6%)
2025-07-12 01:12:11,496 - INFO - ✅ API调用成功: 121.382149, 31.110175 -> 闵行区
2025-07-12 01:12:11,512 - INFO - 🔄 正在处理记录 1353: (121.28673, 31.211406)
2025-07-12 01:12:11,512 - INFO - 📈 进度: 856/3473 (24.6%)
2025-07-12 01:12:12,474 - INFO - ✅ API调用成功: 121.36458, 31.361621 -> 宝山区
2025-07-12 01:12:12,480 - INFO - 🔄 正在处理记录 1354: (121.047813, 31.099467)
2025-07-12 01:12:12,480 - INFO - 📈 进度: 857/3473 (24.7%)
2025-07-12 01:12:13,498 - INFO - ✅ API调用成功: 121.395185, 31.206051 -> 长宁区
2025-07-12 01:12:13,505 - INFO - 🔄 正在处理记录 1355: (121.159568, 31.36854)
2025-07-12 01:12:13,505 - INFO - 📈 进度: 858/3473 (24.7%)
2025-07-12 01:12:14,512 - INFO - ✅ API调用成功: 121.582127, 31.121952 -> 浦东新区
2025-07-12 01:12:14,520 - INFO - 🔄 正在处理记录 1356: (121.17662, 31.347778)
2025-07-12 01:12:14,520 - INFO - 📈 进度: 859/3473 (24.7%)
2025-07-12 01:12:15,491 - INFO - ✅ API调用成功: 121.647724, 31.20381 -> 浦东新区
2025-07-12 01:12:15,497 - INFO - 🔄 正在处理记录 1357: (121.75936, 31.134481)
2025-07-12 01:12:15,507 - INFO - ✅ 写入 10 条结果到 /Users/songdingan/Downloads/detect_bus/final_station_ranking_with_district.csv
2025-07-12 01:12:15,507 - INFO - 📈 进度: 860/3473 (24.8%)
2025-07-12 01:12:16,520 - INFO - ✅ API调用成功: 121.33386, 30.752533 -> 金山区
2025-07-12 01:12:16,526 - INFO - 🔄 正在处理记录 1358: (121.501559, 31.304009)
2025-07-12 01:12:16,526 - INFO - 📈 进度: 861/3473 (24.8%)
2025-07-12 01:12:17,517 - INFO - ✅ API调用成功: 121.145846, 31.157851 -> 青浦区
2025-07-12 01:12:17,532 - INFO - 🔄 正在处理记录 1359: (121.633732, 31.22061)
2025-07-12 01:12:17,533 - INFO - 📈 进度: 862/3473 (24.8%)
2025-07-12 01:12:18,531 - INFO - ✅ API调用成功: 121.116397, 31.153911 -> 青浦区
2025-07-12 01:12:18,537 - INFO - 🔄 正在处理记录 1360: (121.36708, 31.312657)
2025-07-12 01:12:18,538 - INFO - 📈 进度: 863/3473 (24.8%)
2025-07-12 01:12:19,549 - INFO - ✅ API调用成功: 121.577489, 31.253752 -> 浦东新区
2025-07-12 01:12:19,555 - INFO - 🔄 正在处理记录 1361: (121.631875, 31.185987)
2025-07-12 01:12:19,555 - INFO - 📈 进度: 864/3473 (24.9%)
2025-07-12 01:12:20,551 - INFO - ✅ API调用成功: 121.476987, 31.220455 -> 黄浦区
2025-07-12 01:12:20,557 - INFO - 🔄 正在处理记录 1362: (121.172336, 31.240599)
2025-07-12 01:12:20,557 - INFO - 📈 进度: 865/3473 (24.9%)
2025-07-12 01:12:21,638 - INFO - ✅ API调用成功: 121.63273, 31.243842 -> 浦东新区
2025-07-12 01:12:21,643 - INFO - 🔄 正在处理记录 1363: (121.35917, 31.681582)
2025-07-12 01:12:21,643 - INFO - 📈 进度: 866/3473 (24.9%)
2025-07-12 01:12:22,553 - INFO - ✅ API调用成功: 121.235479, 31.369757 -> 嘉定区
2025-07-12 01:12:22,558 - INFO - 🔄 正在处理记录 1364: (121.05949, 31.142737)
2025-07-12 01:12:22,558 - INFO - 📈 进度: 867/3473 (25.0%)
2025-07-12 01:12:23,571 - INFO - ✅ API调用成功: 121.436044, 31.312355 -> 宝山区
2025-07-12 01:12:23,578 - INFO - 🔄 正在处理记录 1365: (121.616393, 31.337509)
2025-07-12 01:12:23,578 - INFO - 📈 进度: 868/3473 (25.0%)
2025-07-12 01:12:24,566 - INFO - ✅ API调用成功: 121.310006, 31.345232 -> 嘉定区
2025-07-12 01:12:24,570 - INFO - 🔄 正在处理记录 1366: (121.494831, 31.145938)
2025-07-12 01:12:24,570 - INFO - 📈 进度: 869/3473 (25.0%)
2025-07-12 01:12:25,625 - INFO - ✅ API调用成功: 121.497573, 31.182452 -> 浦东新区
2025-07-12 01:12:25,630 - INFO - 🔄 正在处理记录 1367: (121.212485, 31.320734)
2025-07-12 01:12:25,644 - INFO - ✅ 写入 10 条结果到 /Users/songdingan/Downloads/detect_bus/final_station_ranking_with_district.csv
2025-07-12 01:12:25,644 - INFO - 📈 进度: 870/3473 (25.1%)
2025-07-12 01:12:26,551 - INFO - ✅ API调用成功: 121.580079, 31.124508 -> 浦东新区
2025-07-12 01:12:26,556 - INFO - 🔄 正在处理记录 1368: (121.513656, 31.196427)
2025-07-12 01:12:26,556 - INFO - 📈 进度: 871/3473 (25.1%)
2025-07-12 01:12:27,596 - INFO - ✅ API调用成功: 121.465235, 31.32163 -> 静安区
2025-07-12 01:12:27,601 - INFO - 🔄 正在处理记录 1369: (121.474368, 31.284687)
2025-07-12 01:12:27,601 - INFO - 📈 进度: 872/3473 (25.1%)
2025-07-12 01:12:28,704 - INFO - ✅ API调用成功: 121.582895, 31.116336 -> 浦东新区
2025-07-12 01:12:28,725 - INFO - 🔄 正在处理记录 1370: (121.41835, 31.240841)
2025-07-12 01:12:28,725 - INFO - 📈 进度: 873/3473 (25.1%)
2025-07-12 01:12:29,604 - INFO - ✅ API调用成功: 121.568878, 31.155605 -> 浦东新区
2025-07-12 01:12:29,614 - INFO - 🔄 正在处理记录 1371: (121.503741, 31.178541)
2025-07-12 01:12:29,614 - INFO - 📈 进度: 874/3473 (25.2%)
2025-07-12 01:12:30,609 - INFO - ✅ API调用成功: 121.5094, 31.028622 -> 闵行区
2025-07-12 01:12:30,613 - INFO - 🔄 正在处理记录 1372: (121.488922, 30.913118)
2025-07-12 01:12:30,613 - INFO - 📈 进度: 875/3473 (25.2%)
2025-07-12 01:12:31,608 - INFO - ✅ API调用成功: 121.194974, 31.418552 -> 嘉定区
2025-07-12 01:12:31,612 - INFO - 🔄 正在处理记录 1373: (121.496975, 31.241663)
2025-07-12 01:12:31,612 - INFO - 📈 进度: 876/3473 (25.2%)
2025-07-12 01:12:32,623 - INFO - ✅ API调用成功: 121.506764, 31.256046 -> 虹口区
2025-07-12 01:12:32,627 - INFO - 🔄 正在处理记录 1374: (121.208303, 30.935329)
2025-07-12 01:12:32,627 - INFO - 📈 进度: 877/3473 (25.3%)
2025-07-12 01:12:33,629 - INFO - ✅ API调用成功: 121.801243, 31.094506 -> 浦东新区
2025-07-12 01:12:33,637 - INFO - 🔄 正在处理记录 1375: (121.601704, 31.225159)
2025-07-12 01:12:33,638 - INFO - 📈 进度: 878/3473 (25.3%)
2025-07-12 01:12:34,617 - INFO - ✅ API调用成功: 121.462871, 31.39147 -> 宝山区
2025-07-12 01:12:34,624 - INFO - 🔄 正在处理记录 1376: (121.211244, 30.934914)
2025-07-12 01:12:34,624 - INFO - 📈 进度: 879/3473 (25.3%)
2025-07-12 01:12:35,635 - INFO - ✅ API调用成功: 121.812718, 31.097109 -> 浦东新区
2025-07-12 01:12:35,642 - INFO - 🔄 正在处理记录 1377: (121.20606, 30.934806)
2025-07-12 01:12:35,655 - INFO - ✅ 写入 10 条结果到 /Users/songdingan/Downloads/detect_bus/final_station_ranking_with_district.csv
2025-07-12 01:12:35,655 - INFO - 📈 进度: 880/3473 (25.3%)
2025-07-12 01:12:36,641 - INFO - ✅ API调用成功: 121.056107, 31.110427 -> 青浦区
2025-07-12 01:12:36,645 - INFO - 🔄 正在处理记录 1378: (121.541798, 31.045974)
2025-07-12 01:12:36,645 - INFO - 📈 进度: 881/3473 (25.4%)
2025-07-12 01:12:37,633 - INFO - ✅ API调用成功: 121.3015, 31.301419 -> 嘉定区
2025-07-12 01:12:37,637 - INFO - 🔄 正在处理记录 1379: (121.534019, 31.046652)
2025-07-12 01:12:37,637 - INFO - 📈 进度: 882/3473 (25.4%)
2025-07-12 01:12:38,662 - INFO - ✅ API调用成功: 121.345818, 31.099085 -> 松江区
2025-07-12 01:12:38,666 - INFO - 🔄 正在处理记录 1380: (121.20773, 31.031898)
2025-07-12 01:12:38,666 - INFO - 📈 进度: 883/3473 (25.4%)
2025-07-12 01:12:39,636 - INFO - ✅ API调用成功: 121.77029, 31.055058 -> 浦东新区
2025-07-12 01:12:39,639 - INFO - 🔄 正在处理记录 1381: (121.220154, 31.008725)
2025-07-12 01:12:39,639 - INFO - 📈 进度: 884/3473 (25.5%)
2025-07-12 01:12:40,638 - INFO - ✅ API调用成功: 121.073423, 31.136791 -> 青浦区
2025-07-12 01:12:40,642 - INFO - 🔄 正在处理记录 1382: (121.23083, 31.046301)
2025-07-12 01:12:40,642 - INFO - 📈 进度: 885/3473 (25.5%)
2025-07-12 01:12:41,681 - INFO - ✅ API调用成功: 121.630665, 31.252462 -> 浦东新区
2025-07-12 01:12:41,686 - INFO - 🔄 正在处理记录 1383: (121.400437, 31.239073)
2025-07-12 01:12:41,686 - INFO - 📈 进度: 886/3473 (25.5%)
2025-07-12 01:12:42,653 - INFO - ✅ API调用成功: 121.483319, 31.156631 -> 浦东新区
2025-07-12 01:12:42,657 - INFO - 🔄 正在处理记录 1384: (121.451446, 31.09848)
2025-07-12 01:12:42,658 - INFO - 📈 进度: 887/3473 (25.5%)
2025-07-12 01:12:43,706 - INFO - ✅ API调用成功: 121.267148, 31.274511 -> 嘉定区
2025-07-12 01:12:43,711 - INFO - 🔄 正在处理记录 1385: (121.684147, 31.185779)
2025-07-12 01:12:43,711 - INFO - 📈 进度: 888/3473 (25.6%)
2025-07-12 01:12:44,684 - INFO - ✅ API调用成功: 121.474309, 31.238651 -> 黄浦区
2025-07-12 01:12:44,689 - INFO - 🔄 正在处理记录 1386: (121.206959, 31.274819)
2025-07-12 01:12:44,689 - INFO - 📈 进度: 889/3473 (25.6%)
2025-07-12 01:12:45,691 - INFO - ✅ API调用成功: 121.420054, 31.395425 -> 宝山区
2025-07-12 01:12:45,698 - INFO - 🔄 正在处理记录 1387: (121.431909, 31.237076)
2025-07-12 01:12:45,715 - INFO - ✅ 写入 10 条结果到 /Users/songdingan/Downloads/detect_bus/final_station_ranking_with_district.csv
2025-07-12 01:12:45,715 - INFO - 📈 进度: 890/3473 (25.6%)
2025-07-12 01:12:46,694 - INFO - ✅ API调用成功: 121.365298, 31.032045 -> 闵行区
2025-07-12 01:12:46,699 - INFO - 🔄 正在处理记录 1388: (121.500756, 31.255689)
2025-07-12 01:12:46,699 - INFO - 📈 进度: 891/3473 (25.7%)
2025-07-12 01:12:47,749 - INFO - ✅ API调用成功: 121.813261, 30.973217 -> 浦东新区
2025-07-12 01:12:47,773 - INFO - 🔄 正在处理记录 1389: (121.551321, 31.288706)
2025-07-12 01:12:47,773 - INFO - 📈 进度: 892/3473 (25.7%)
2025-07-12 01:12:48,723 - INFO - ✅ API调用成功: 121.297949, 30.799243 -> 金山区
2025-07-12 01:12:48,731 - INFO - 🔄 正在处理记录 1390: (121.607958, 31.212106)
2025-07-12 01:12:48,731 - INFO - 📈 进度: 893/3473 (25.7%)
2025-07-12 01:12:49,763 - INFO - ✅ API调用成功: 121.57593, 30.926084 -> 奉贤区
2025-07-12 01:12:49,770 - INFO - 🔄 正在处理记录 1391: (121.443643, 31.296304)
2025-07-12 01:12:49,770 - INFO - 📈 进度: 894/3473 (25.7%)
2025-07-12 01:12:50,736 - INFO - ✅ API调用成功: 121.175076, 31.107983 -> 松江区
2025-07-12 01:12:50,742 - INFO - 🔄 正在处理记录 1392: (121.556888, 31.250336)
2025-07-12 01:12:50,742 - INFO - 📈 进度: 895/3473 (25.8%)
2025-07-12 01:12:51,808 - INFO - ✅ API调用成功: 121.28673, 31.211406 -> 闵行区
2025-07-12 01:12:51,826 - INFO - 🔄 正在处理记录 1393: (121.563189, 31.137267)
2025-07-12 01:12:51,826 - INFO - 📈 进度: 896/3473 (25.8%)
2025-07-12 01:12:52,760 - INFO - ✅ API调用成功: 121.047813, 31.099467 -> 青浦区
2025-07-12 01:12:52,772 - INFO - 🔄 正在处理记录 1394: (121.31211, 31.834919)
2025-07-12 01:12:52,772 - INFO - 📈 进度: 897/3473 (25.8%)
2025-07-12 01:12:53,743 - INFO - ✅ API调用成功: 121.159568, 31.36854 -> 嘉定区
2025-07-12 01:12:53,750 - INFO - 🔄 正在处理记录 1395: (121.565615, 31.249154)
2025-07-12 01:12:53,751 - INFO - 📈 进度: 898/3473 (25.9%)
2025-07-12 01:12:54,738 - INFO - ✅ API调用成功: 121.17662, 31.347778 -> 嘉定区
2025-07-12 01:12:54,749 - INFO - 🔄 正在处理记录 1396: (121.263271, 31.021262)
2025-07-12 01:12:54,749 - INFO - 📈 进度: 899/3473 (25.9%)
2025-07-12 01:12:55,748 - INFO - ✅ API调用成功: 121.75936, 31.134481 -> 浦东新区
2025-07-12 01:12:55,753 - INFO - 🔄 正在处理记录 1397: (121.425443, 31.267495)
2025-07-12 01:12:55,768 - INFO - ✅ 写入 10 条结果到 /Users/songdingan/Downloads/detect_bus/final_station_ranking_with_district.csv
2025-07-12 01:12:55,768 - INFO - 📈 进度: 900/3473 (25.9%)
2025-07-12 01:12:56,782 - INFO - ✅ API调用成功: 121.501559, 31.304009 -> 杨浦区
2025-07-12 01:12:56,788 - INFO - 🔄 正在处理记录 1398: (121.466389, 31.229573)
2025-07-12 01:12:56,788 - INFO - 📈 进度: 901/3473 (25.9%)
2025-07-12 01:12:57,775 - INFO - ✅ API调用成功: 121.633732, 31.22061 -> 浦东新区
2025-07-12 01:12:57,780 - INFO - 🔄 正在处理记录 1399: (121.233808, 31.019177)
2025-07-12 01:12:57,780 - INFO - 📈 进度: 902/3473 (26.0%)
2025-07-12 01:12:58,772 - INFO - ✅ API调用成功: 121.36708, 31.312657 -> 宝山区
2025-07-12 01:12:58,785 - INFO - 🔄 正在处理记录 1400: (121.478126, 31.266731)
2025-07-12 01:12:58,786 - INFO - 📈 进度: 903/3473 (26.0%)
2025-07-12 01:12:59,765 - INFO - ✅ API调用成功: 121.631875, 31.185987 -> 浦东新区
2025-07-12 01:12:59,770 - INFO - 🔄 正在处理记录 1401: (121.438525, 31.185365)
2025-07-12 01:12:59,770 - INFO - 📈 进度: 904/3473 (26.0%)
2025-07-12 01:13:00,772 - INFO - ✅ API调用成功: 121.172336, 31.240599 -> 青浦区
2025-07-12 01:13:00,780 - INFO - 🔄 正在处理记录 1402: (121.576963, 31.122851)
2025-07-12 01:13:00,781 - INFO - 📈 进度: 905/3473 (26.1%)
2025-07-12 01:13:01,781 - INFO - ✅ API调用成功: 121.35917, 31.681582 -> 崇明区
2025-07-12 01:13:01,788 - INFO - 🔄 正在处理记录 1403: (121.303387, 31.211691)
2025-07-12 01:13:01,788 - INFO - 📈 进度: 906/3473 (26.1%)
2025-07-12 01:13:02,792 - INFO - ✅ API调用成功: 121.05949, 31.142737 -> 青浦区
2025-07-12 01:13:02,806 - INFO - 🔄 正在处理记录 1404: (121.875285, 30.941741)
2025-07-12 01:13:02,807 - INFO - 📈 进度: 907/3473 (26.1%)
2025-07-12 01:13:03,798 - INFO - ✅ API调用成功: 121.616393, 31.337509 -> 浦东新区
2025-07-12 01:13:03,803 - INFO - 🔄 正在处理记录 1405: (121.216528, 31.008626)
2025-07-12 01:13:03,803 - INFO - 📈 进度: 908/3473 (26.1%)
2025-07-12 01:13:04,969 - INFO - ✅ API调用成功: 121.494831, 31.145938 -> 浦东新区
2025-07-12 01:13:04,976 - INFO - 🔄 正在处理记录 1406: (121.560805, 31.155655)
2025-07-12 01:13:04,976 - INFO - 📈 进度: 909/3473 (26.2%)
2025-07-12 01:13:05,808 - INFO - ✅ API调用成功: 121.212485, 31.320734 -> 嘉定区
2025-07-12 01:13:05,831 - INFO - 🔄 正在处理记录 1407: (121.143909, 31.163124)
2025-07-12 01:13:05,842 - INFO - ✅ 写入 10 条结果到 /Users/songdingan/Downloads/detect_bus/final_station_ranking_with_district.csv
2025-07-12 01:13:05,842 - INFO - 📈 进度: 910/3473 (26.2%)
2025-07-12 01:13:06,847 - INFO - ✅ API调用成功: 121.513656, 31.196427 -> 浦东新区
2025-07-12 01:13:06,852 - INFO - 🔄 正在处理记录 1408: (121.056411, 31.078689)
2025-07-12 01:13:06,852 - INFO - 📈 进度: 911/3473 (26.2%)
2025-07-12 01:13:07,834 - INFO - ✅ API调用成功: 121.474368, 31.284687 -> 虹口区
2025-07-12 01:13:07,841 - INFO - 🔄 正在处理记录 1409: (121.47072, 31.229743)
2025-07-12 01:13:07,842 - INFO - 📈 进度: 912/3473 (26.3%)
2025-07-12 01:13:08,864 - INFO - ✅ API调用成功: 121.41835, 31.240841 -> 普陀区
2025-07-12 01:13:08,871 - INFO - 🔄 正在处理记录 1410: (121.046578, 31.101903)
2025-07-12 01:13:08,871 - INFO - 📈 进度: 913/3473 (26.3%)
2025-07-12 01:13:09,845 - INFO - ✅ API调用成功: 121.503741, 31.178541 -> 浦东新区
2025-07-12 01:13:09,852 - INFO - 🔄 正在处理记录 1411: (121.463179, 31.237112)
2025-07-12 01:13:09,852 - INFO - 📈 进度: 914/3473 (26.3%)
2025-07-12 01:13:10,869 - INFO - ✅ API调用成功: 121.488922, 30.913118 -> 奉贤区
2025-07-12 01:13:10,876 - INFO - 🔄 正在处理记录 1412: (121.446942, 31.251532)
2025-07-12 01:13:10,876 - INFO - 📈 进度: 915/3473 (26.3%)
2025-07-12 01:13:11,886 - INFO - ✅ API调用成功: 121.496975, 31.241663 -> 黄浦区
2025-07-12 01:13:11,894 - INFO - 🔄 正在处理记录 1413: (121.444663, 31.343792)
2025-07-12 01:13:11,894 - INFO - 📈 进度: 916/3473 (26.4%)
2025-07-12 01:13:12,872 - INFO - ✅ API调用成功: 121.208303, 30.935329 -> 松江区
2025-07-12 01:13:12,879 - INFO - 🔄 正在处理记录 1414: (121.40362, 31.249376)
2025-07-12 01:13:12,879 - INFO - 📈 进度: 917/3473 (26.4%)
2025-07-12 01:13:13,883 - INFO - ✅ API调用成功: 121.601704, 31.225159 -> 浦东新区
2025-07-12 01:13:13,888 - INFO - 🔄 正在处理记录 1415: (121.268618, 30.808792)
2025-07-12 01:13:13,888 - INFO - 📈 进度: 918/3473 (26.4%)
2025-07-12 01:13:14,861 - INFO - ✅ API调用成功: 121.211244, 30.934914 -> 松江区
2025-07-12 01:13:14,880 - INFO - 🔄 正在处理记录 1416: (121.291511, 30.78774)
2025-07-12 01:13:14,880 - INFO - 📈 进度: 919/3473 (26.5%)
2025-07-12 01:13:15,863 - INFO - ✅ API调用成功: 121.20606, 30.934806 -> 松江区
2025-07-12 01:13:15,870 - INFO - 🔄 正在处理记录 1417: (121.299405, 30.77475)
2025-07-12 01:13:15,886 - INFO - ✅ 写入 10 条结果到 /Users/songdingan/Downloads/detect_bus/final_station_ranking_with_district.csv
2025-07-12 01:13:15,886 - INFO - 📈 进度: 920/3473 (26.5%)
2025-07-12 01:13:16,903 - INFO - ✅ API调用成功: 121.541798, 31.045974 -> 闵行区
2025-07-12 01:13:16,911 - INFO - 🔄 正在处理记录 1418: (121.649813, 31.109748)
2025-07-12 01:13:16,911 - INFO - 📈 进度: 921/3473 (26.5%)
2025-07-12 01:13:17,882 - INFO - ✅ API调用成功: 121.534019, 31.046652 -> 闵行区
2025-07-12 01:13:17,889 - INFO - 🔄 正在处理记录 1419: (121.187104, 30.790211)
2025-07-12 01:13:17,889 - INFO - 📈 进度: 922/3473 (26.5%)
2025-07-12 01:13:18,887 - INFO - ✅ API调用成功: 121.20773, 31.031898 -> 松江区
2025-07-12 01:13:18,894 - INFO - 🔄 正在处理记录 1420: (121.671753, 31.113669)
2025-07-12 01:13:18,894 - INFO - 📈 进度: 923/3473 (26.6%)
2025-07-12 01:13:19,925 - INFO - ✅ API调用成功: 121.220154, 31.008725 -> 松江区
2025-07-12 01:13:19,931 - INFO - 🔄 正在处理记录 1421: (121.525906, 30.889253)
2025-07-12 01:13:19,931 - INFO - 📈 进度: 924/3473 (26.6%)
2025-07-12 01:13:20,911 - INFO - ✅ API调用成功: 121.23083, 31.046301 -> 松江区
2025-07-12 01:13:20,925 - INFO - 🔄 正在处理记录 1422: (121.397447, 31.29275)
2025-07-12 01:13:20,925 - INFO - 📈 进度: 925/3473 (26.6%)
2025-07-12 01:13:21,943 - INFO - ✅ API调用成功: 121.400437, 31.239073 -> 普陀区
2025-07-12 01:13:21,949 - INFO - 🔄 正在处理记录 1423: (121.554704, 31.255494)
2025-07-12 01:13:21,949 - INFO - 📈 进度: 926/3473 (26.7%)
2025-07-12 01:13:22,925 - INFO - ✅ API调用成功: 121.451446, 31.09848 -> 闵行区
2025-07-12 01:13:22,932 - INFO - 🔄 正在处理记录 1424: (121.401758, 31.014006)
2025-07-12 01:13:22,932 - INFO - 📈 进度: 927/3473 (26.7%)
2025-07-12 01:13:23,949 - INFO - ✅ API调用成功: 121.684147, 31.185779 -> 浦东新区
2025-07-12 01:13:23,957 - INFO - 🔄 正在处理记录 1425: (121.520103, 31.14461)
2025-07-12 01:13:23,957 - INFO - 📈 进度: 928/3473 (26.7%)
2025-07-12 01:13:24,940 - INFO - ✅ API调用成功: 121.206959, 31.274819 -> 嘉定区
2025-07-12 01:13:24,944 - INFO - 🔄 正在处理记录 1426: (121.484221, 31.261333)
2025-07-12 01:13:24,944 - INFO - 📈 进度: 929/3473 (26.7%)
2025-07-12 01:13:25,958 - INFO - ✅ API调用成功: 121.431909, 31.237076 -> 普陀区
2025-07-12 01:13:25,963 - INFO - 🔄 正在处理记录 1427: (121.566905, 31.256567)
2025-07-12 01:13:25,977 - INFO - ✅ 写入 10 条结果到 /Users/songdingan/Downloads/detect_bus/final_station_ranking_with_district.csv
2025-07-12 01:13:25,977 - INFO - 📈 进度: 930/3473 (26.8%)
2025-07-12 01:13:26,922 - INFO - ✅ API调用成功: 121.500756, 31.255689 -> 虹口区
2025-07-12 01:13:26,925 - INFO - 🔄 正在处理记录 1428: (121.551292, 31.282613)
2025-07-12 01:13:26,926 - INFO - 📈 进度: 931/3473 (26.8%)
2025-07-12 01:13:27,938 - INFO - ✅ API调用成功: 121.551321, 31.288706 -> 杨浦区
2025-07-12 01:13:27,943 - INFO - 🔄 正在处理记录 1429: (121.485663, 31.315118)
2025-07-12 01:13:27,943 - INFO - 📈 进度: 932/3473 (26.8%)
2025-07-12 01:13:28,986 - INFO - ✅ API调用成功: 121.607958, 31.212106 -> 浦东新区
2025-07-12 01:13:28,992 - INFO - 🔄 正在处理记录 1430: (121.641312, 30.979517)
2025-07-12 01:13:28,992 - INFO - 📈 进度: 933/3473 (26.9%)
2025-07-12 01:13:29,949 - INFO - ✅ API调用成功: 121.443643, 31.296304 -> 静安区
2025-07-12 01:13:29,955 - INFO - 🔄 正在处理记录 1431: (121.449695, 31.24769)
2025-07-12 01:13:29,955 - INFO - 📈 进度: 934/3473 (26.9%)
2025-07-12 01:13:30,965 - INFO - ✅ API调用成功: 121.556888, 31.250336 -> 浦东新区
2025-07-12 01:13:30,982 - INFO - 🔄 正在处理记录 1432: (121.589663, 31.337949)
2025-07-12 01:13:30,982 - INFO - 📈 进度: 935/3473 (26.9%)
2025-07-12 01:13:31,965 - INFO - ✅ API调用成功: 121.563189, 31.137267 -> 浦东新区
2025-07-12 01:13:31,972 - INFO - 🔄 正在处理记录 1433: (121.756139, 31.103405)
2025-07-12 01:13:31,972 - INFO - 📈 进度: 936/3473 (27.0%)
2025-07-12 01:13:33,003 - INFO - ✅ API调用成功: 121.31211, 31.834919 -> 崇明区
2025-07-12 01:13:33,011 - INFO - 🔄 正在处理记录 1434: (121.393566, 31.418282)
2025-07-12 01:13:33,011 - INFO - 📈 进度: 937/3473 (27.0%)
2025-07-12 01:13:34,006 - INFO - ✅ API调用成功: 121.565615, 31.249154 -> 浦东新区
2025-07-12 01:13:34,012 - INFO - 🔄 正在处理记录 1435: (121.403449, 31.199243)
2025-07-12 01:13:34,012 - INFO - 📈 进度: 938/3473 (27.0%)
2025-07-12 01:13:35,009 - INFO - ✅ API调用成功: 121.263271, 31.021262 -> 松江区
2025-07-12 01:13:35,015 - INFO - 🔄 正在处理记录 1436: (121.457555, 31.207414)
2025-07-12 01:13:35,015 - INFO - 📈 进度: 939/3473 (27.0%)
2025-07-12 01:13:35,998 - INFO - ✅ API调用成功: 121.425443, 31.267495 -> 普陀区
2025-07-12 01:13:36,004 - INFO - 🔄 正在处理记录 1437: (121.445383, 31.121207)
2025-07-12 01:13:36,015 - INFO - ✅ 写入 10 条结果到 /Users/songdingan/Downloads/detect_bus/final_station_ranking_with_district.csv
2025-07-12 01:13:36,015 - INFO - 📈 进度: 940/3473 (27.1%)
2025-07-12 01:13:36,996 - INFO - ✅ API调用成功: 121.466389, 31.229573 -> 黄浦区
2025-07-12 01:13:37,007 - INFO - 🔄 正在处理记录 1438: (121.474977, 31.220232)
2025-07-12 01:13:37,007 - INFO - 📈 进度: 941/3473 (27.1%)
2025-07-12 01:13:38,014 - INFO - ✅ API调用成功: 121.233808, 31.019177 -> 松江区
2025-07-12 01:13:38,018 - INFO - 🔄 正在处理记录 1439: (121.504232, 31.264711)
2025-07-12 01:13:38,018 - INFO - 📈 进度: 942/3473 (27.1%)
2025-07-12 01:13:39,015 - INFO - ✅ API调用成功: 121.478126, 31.266731 -> 静安区
2025-07-12 01:13:39,020 - INFO - 🔄 正在处理记录 1440: (121.419295, 31.350159)
2025-07-12 01:13:39,021 - INFO - 📈 进度: 943/3473 (27.2%)
2025-07-12 01:13:40,010 - INFO - ✅ API调用成功: 121.438525, 31.185365 -> 徐汇区
2025-07-12 01:13:40,015 - INFO - 🔄 正在处理记录 1441: (121.446951, 31.215493)
2025-07-12 01:13:40,015 - INFO - 📈 进度: 944/3473 (27.2%)
2025-07-12 01:13:41,031 - INFO - ✅ API调用成功: 121.576963, 31.122851 -> 浦东新区
2025-07-12 01:13:41,035 - INFO - 🔄 正在处理记录 1442: (121.285851, 31.174105)
2025-07-12 01:13:41,035 - INFO - 📈 进度: 945/3473 (27.2%)
2025-07-12 01:13:42,050 - INFO - ✅ API调用成功: 121.303387, 31.211691 -> 闵行区
2025-07-12 01:13:42,052 - INFO - 🔄 正在处理记录 1443: (121.31409, 31.242941)
2025-07-12 01:13:42,052 - INFO - 📈 进度: 946/3473 (27.2%)
2025-07-12 01:13:43,049 - INFO - ✅ API调用成功: 121.875285, 30.941741 -> 浦东新区
2025-07-12 01:13:43,055 - INFO - 🔄 正在处理记录 1444: (121.320297, 31.23399)
2025-07-12 01:13:43,056 - INFO - 📈 进度: 947/3473 (27.3%)
2025-07-12 01:13:44,065 - INFO - ✅ API调用成功: 121.216528, 31.008626 -> 松江区
2025-07-12 01:13:44,072 - INFO - 🔄 正在处理记录 1445: (121.323098, 31.131553)
2025-07-12 01:13:44,072 - INFO - 📈 进度: 948/3473 (27.3%)
2025-07-12 01:13:45,057 - INFO - ✅ API调用成功: 121.560805, 31.155655 -> 浦东新区
2025-07-12 01:13:45,070 - INFO - 🔄 正在处理记录 1446: (121.517424, 31.01441)
2025-07-12 01:13:45,070 - INFO - 📈 进度: 949/3473 (27.3%)
2025-07-12 01:13:46,075 - INFO - ✅ API调用成功: 121.143909, 31.163124 -> 青浦区
2025-07-12 01:13:46,092 - INFO - 🔄 正在处理记录 1447: (121.37938, 31.460225)
2025-07-12 01:13:46,105 - INFO - ✅ 写入 10 条结果到 /Users/songdingan/Downloads/detect_bus/final_station_ranking_with_district.csv
2025-07-12 01:13:46,105 - INFO - 📈 进度: 950/3473 (27.4%)
2025-07-12 01:13:47,090 - INFO - ✅ API调用成功: 121.056411, 31.078689 -> 青浦区
2025-07-12 01:13:47,093 - INFO - 🔄 正在处理记录 1448: (121.42055, 31.196656)
2025-07-12 01:13:47,093 - INFO - 📈 进度: 951/3473 (27.4%)
2025-07-12 01:13:48,096 - INFO - ✅ API调用成功: 121.47072, 31.229743 -> 黄浦区
2025-07-12 01:13:48,102 - INFO - 🔄 正在处理记录 1449: (121.321631, 31.212908)
2025-07-12 01:13:48,102 - INFO - 📈 进度: 952/3473 (27.4%)
2025-07-12 01:13:49,067 - INFO - ✅ API调用成功: 121.046578, 31.101903 -> 青浦区
2025-07-12 01:13:49,073 - INFO - 🔄 正在处理记录 1450: (121.605245, 31.270057)
2025-07-12 01:13:49,074 - INFO - 📈 进度: 953/3473 (27.4%)
2025-07-12 01:13:50,123 - INFO - ✅ API调用成功: 121.463179, 31.237112 -> 静安区
2025-07-12 01:13:50,128 - INFO - 🔄 正在处理记录 1451: (121.320285, 30.763628)
2025-07-12 01:13:50,128 - INFO - 📈 进度: 954/3473 (27.5%)
2025-07-12 01:13:51,108 - INFO - ✅ API调用成功: 121.446942, 31.251532 -> 普陀区
2025-07-12 01:13:51,115 - INFO - 🔄 正在处理记录 1452: (121.385513, 31.106923)
2025-07-12 01:13:51,115 - INFO - 📈 进度: 955/3473 (27.5%)
2025-07-12 01:13:52,103 - INFO - ✅ API调用成功: 121.444663, 31.343792 -> 宝山区
2025-07-12 01:13:52,109 - INFO - 🔄 正在处理记录 1453: (121.366765, 31.114158)
2025-07-12 01:13:52,109 - INFO - 📈 进度: 956/3473 (27.5%)
2025-07-12 01:13:53,102 - INFO - ✅ API调用成功: 121.40362, 31.249376 -> 普陀区
2025-07-12 01:13:53,108 - INFO - 🔄 正在处理记录 1454: (121.24971, 31.012686)
2025-07-12 01:13:53,108 - INFO - 📈 进度: 957/3473 (27.6%)
2025-07-12 01:13:54,134 - INFO - ✅ API调用成功: 121.268618, 30.808792 -> 金山区
2025-07-12 01:13:54,140 - INFO - 🔄 正在处理记录 1455: (121.367483, 31.135661)
2025-07-12 01:13:54,140 - INFO - 📈 进度: 958/3473 (27.6%)
2025-07-12 01:13:55,096 - INFO - ✅ API调用成功: 121.291511, 30.78774 -> 金山区
2025-07-12 01:13:55,103 - INFO - 🔄 正在处理记录 1456: (121.389076, 31.142794)
2025-07-12 01:13:55,103 - INFO - 📈 进度: 959/3473 (27.6%)
2025-07-12 01:13:56,108 - INFO - ✅ API调用成功: 121.299405, 30.77475 -> 金山区
2025-07-12 01:13:56,116 - INFO - 🔄 正在处理记录 1457: (121.441993, 31.096192)
2025-07-12 01:13:56,130 - INFO - ✅ 写入 10 条结果到 /Users/songdingan/Downloads/detect_bus/final_station_ranking_with_district.csv
2025-07-12 01:13:56,130 - INFO - 📈 进度: 960/3473 (27.6%)
2025-07-12 01:13:57,140 - INFO - ✅ API调用成功: 121.649813, 31.109748 -> 浦东新区
2025-07-12 01:13:57,150 - INFO - 🔄 正在处理记录 1458: (121.364921, 31.274726)
2025-07-12 01:13:57,150 - INFO - 📈 进度: 961/3473 (27.7%)
2025-07-12 01:13:58,121 - INFO - ✅ API调用成功: 121.187104, 30.790211 -> 金山区
2025-07-12 01:13:58,128 - INFO - 🔄 正在处理记录 1459: (121.442445, 31.255952)
2025-07-12 01:13:58,128 - INFO - 📈 进度: 962/3473 (27.7%)
2025-07-12 01:13:59,129 - INFO - ✅ API调用成功: 121.671753, 31.113669 -> 浦东新区
2025-07-12 01:13:59,133 - INFO - 🔄 正在处理记录 1460: (121.662178, 31.210536)
2025-07-12 01:13:59,133 - INFO - 📈 进度: 963/3473 (27.7%)
2025-07-12 01:14:00,118 - INFO - ✅ API调用成功: 121.525906, 30.889253 -> 奉贤区
2025-07-12 01:14:00,122 - INFO - 🔄 正在处理记录 1461: (121.711454, 31.036327)
2025-07-12 01:14:00,122 - INFO - 📈 进度: 964/3473 (27.8%)
2025-07-12 01:14:01,128 - INFO - ✅ API调用成功: 121.397447, 31.29275 -> 普陀区
2025-07-12 01:14:01,132 - INFO - 🔄 正在处理记录 1462: (121.55187, 31.079903)
2025-07-12 01:14:01,132 - INFO - 📈 进度: 965/3473 (27.8%)
2025-07-12 01:14:02,161 - INFO - ✅ API调用成功: 121.554704, 31.255494 -> 浦东新区
2025-07-12 01:14:02,165 - INFO - 🔄 正在处理记录 1463: (121.575553, 31.350434)
2025-07-12 01:14:02,165 - INFO - 📈 进度: 966/3473 (27.8%)
2025-07-12 01:14:03,154 - INFO - ✅ API调用成功: 121.401758, 31.014006 -> 闵行区
2025-07-12 01:14:03,158 - INFO - 🔄 正在处理记录 1464: (121.743541, 31.048686)
2025-07-12 01:14:03,158 - INFO - 📈 进度: 967/3473 (27.8%)
2025-07-12 01:14:04,160 - INFO - ✅ API调用成功: 121.520103, 31.14461 -> 浦东新区
2025-07-12 01:14:04,165 - INFO - 🔄 正在处理记录 1465: (121.751064, 31.048263)
2025-07-12 01:14:04,165 - INFO - 📈 进度: 968/3473 (27.9%)
2025-07-12 01:14:05,224 - INFO - ✅ API调用成功: 121.484221, 31.261333 -> 静安区
2025-07-12 01:14:05,229 - INFO - 🔄 正在处理记录 1466: (121.52638, 31.27758)
2025-07-12 01:14:05,229 - INFO - 📈 进度: 969/3473 (27.9%)
2025-07-12 01:14:06,181 - INFO - ✅ API调用成功: 121.566905, 31.256567 -> 浦东新区
2025-07-12 01:14:06,186 - INFO - 🔄 正在处理记录 1467: (121.24684, 31.113646)
2025-07-12 01:14:06,194 - INFO - ✅ 写入 10 条结果到 /Users/songdingan/Downloads/detect_bus/final_station_ranking_with_district.csv
2025-07-12 01:14:06,194 - INFO - 📈 进度: 970/3473 (27.9%)
2025-07-12 01:14:07,187 - INFO - ✅ API调用成功: 121.551292, 31.282613 -> 杨浦区
2025-07-12 01:14:07,191 - INFO - 🔄 正在处理记录 1468: (121.284875, 31.413127)
2025-07-12 01:14:07,191 - INFO - 📈 进度: 971/3473 (28.0%)
2025-07-12 01:14:08,207 - INFO - ✅ API调用成功: 121.485663, 31.315118 -> 虹口区
2025-07-12 01:14:08,212 - INFO - 🔄 正在处理记录 1469: (121.469212, 31.308559)
2025-07-12 01:14:08,212 - INFO - 📈 进度: 972/3473 (28.0%)
2025-07-12 01:14:09,190 - INFO - ✅ API调用成功: 121.641312, 30.979517 -> 奉贤区
2025-07-12 01:14:09,195 - INFO - 🔄 正在处理记录 1470: (121.462678, 30.910164)
2025-07-12 01:14:09,195 - INFO - 📈 进度: 973/3473 (28.0%)
2025-07-12 01:14:10,205 - INFO - ✅ API调用成功: 121.449695, 31.24769 -> 普陀区
2025-07-12 01:14:10,221 - INFO - 🔄 正在处理记录 1471: (121.524855, 31.05727)
2025-07-12 01:14:10,221 - INFO - 📈 进度: 974/3473 (28.0%)
2025-07-12 01:14:11,225 - INFO - ✅ API调用成功: 121.589663, 31.337949 -> 浦东新区
2025-07-12 01:14:11,232 - INFO - 🔄 正在处理记录 1472: (121.326602, 30.898469)
2025-07-12 01:14:11,232 - INFO - 📈 进度: 975/3473 (28.1%)
2025-07-12 01:14:12,209 - INFO - ✅ API调用成功: 121.756139, 31.103405 -> 浦东新区
2025-07-12 01:14:12,212 - INFO - 🔄 正在处理记录 1473: (121.371381, 31.701232)
2025-07-12 01:14:12,212 - INFO - 📈 进度: 976/3473 (28.1%)
2025-07-12 01:14:13,227 - INFO - ✅ API调用成功: 121.393566, 31.418282 -> 宝山区
2025-07-12 01:14:13,234 - INFO - 🔄 正在处理记录 1474: (121.335265, 31.174781)
2025-07-12 01:14:13,234 - INFO - 📈 进度: 977/3473 (28.1%)
2025-07-12 01:14:14,252 - INFO - ✅ API调用成功: 121.403449, 31.199243 -> 长宁区
2025-07-12 01:14:14,254 - INFO - 🔄 正在处理记录 1475: (121.617848, 31.294859)
2025-07-12 01:14:14,254 - INFO - 📈 进度: 978/3473 (28.2%)
2025-07-12 01:14:15,271 - INFO - ✅ API调用成功: 121.457555, 31.207414 -> 徐汇区
2025-07-12 01:14:15,297 - INFO - 🔄 正在处理记录 1476: (121.316962, 30.884853)
2025-07-12 01:14:15,297 - INFO - 📈 进度: 979/3473 (28.2%)
2025-07-12 01:14:16,231 - INFO - ✅ API调用成功: 121.445383, 31.121207 -> 徐汇区
2025-07-12 01:14:16,236 - INFO - 🔄 正在处理记录 1477: (121.606589, 31.282249)
2025-07-12 01:14:16,249 - INFO - ✅ 写入 10 条结果到 /Users/songdingan/Downloads/detect_bus/final_station_ranking_with_district.csv
2025-07-12 01:14:16,249 - INFO - 📈 进度: 980/3473 (28.2%)
2025-07-12 01:14:17,263 - INFO - ✅ API调用成功: 121.474977, 31.220232 -> 黄浦区
2025-07-12 01:14:17,269 - INFO - 🔄 正在处理记录 1478: (121.422052, 31.136385)
2025-07-12 01:14:17,269 - INFO - 📈 进度: 981/3473 (28.2%)
2025-07-12 01:14:18,275 - INFO - ✅ API调用成功: 121.504232, 31.264711 -> 虹口区
2025-07-12 01:14:18,277 - INFO - 🔄 正在处理记录 1479: (121.611403, 31.281978)
2025-07-12 01:14:18,277 - INFO - 📈 进度: 982/3473 (28.3%)
2025-07-12 01:14:19,277 - INFO - ✅ API调用成功: 121.419295, 31.350159 -> 宝山区
2025-07-12 01:14:19,282 - INFO - 🔄 正在处理记录 1480: (121.483537, 31.250206)
2025-07-12 01:14:19,282 - INFO - 📈 进度: 983/3473 (28.3%)
2025-07-12 01:14:20,281 - INFO - ✅ API调用成功: 121.446951, 31.215493 -> 徐汇区
2025-07-12 01:14:20,291 - INFO - 🔄 正在处理记录 1481: (121.53006, 31.160616)
2025-07-12 01:14:20,291 - INFO - 📈 进度: 984/3473 (28.3%)
2025-07-12 01:14:21,326 - INFO - ✅ API调用成功: 121.285851, 31.174105 -> 青浦区
2025-07-12 01:14:21,330 - INFO - 🔄 正在处理记录 1482: (121.210846, 31.269255)
2025-07-12 01:14:21,330 - INFO - 📈 进度: 985/3473 (28.4%)
2025-07-12 01:14:22,297 - INFO - ✅ API调用成功: 121.31409, 31.242941 -> 嘉定区
2025-07-12 01:14:22,301 - INFO - 🔄 正在处理记录 1483: (121.20033, 31.262044)
2025-07-12 01:14:22,301 - INFO - 📈 进度: 986/3473 (28.4%)
2025-07-12 01:14:23,295 - INFO - ✅ API调用成功: 121.320297, 31.23399 -> 嘉定区
2025-07-12 01:14:23,301 - INFO - 🔄 正在处理记录 1484: (121.360898, 31.132936)
2025-07-12 01:14:23,301 - INFO - 📈 进度: 987/3473 (28.4%)
2025-07-12 01:14:24,310 - INFO - ✅ API调用成功: 121.323098, 31.131553 -> 松江区
2025-07-12 01:14:24,315 - INFO - 🔄 正在处理记录 1485: (121.32294, 31.221532)
2025-07-12 01:14:24,315 - INFO - 📈 进度: 988/3473 (28.4%)
2025-07-12 01:14:25,490 - INFO - ✅ API调用成功: 121.517424, 31.01441 -> 闵行区
2025-07-12 01:14:25,503 - INFO - 🔄 正在处理记录 1486: (121.306194, 31.248229)
2025-07-12 01:14:25,503 - INFO - 📈 进度: 989/3473 (28.5%)
2025-07-12 01:14:26,322 - INFO - ✅ API调用成功: 121.37938, 31.460225 -> 宝山区
2025-07-12 01:14:26,333 - INFO - 🔄 正在处理记录 1487: (121.290189, 31.119111)
2025-07-12 01:14:26,350 - INFO - ✅ 写入 10 条结果到 /Users/songdingan/Downloads/detect_bus/final_station_ranking_with_district.csv
2025-07-12 01:14:26,350 - INFO - 📈 进度: 990/3473 (28.5%)
2025-07-12 01:14:27,360 - INFO - ✅ API调用成功: 121.42055, 31.196656 -> 徐汇区
2025-07-12 01:14:27,377 - INFO - 🔄 正在处理记录 1488: (121.788781, 31.029511)
2025-07-12 01:14:27,377 - INFO - 📈 进度: 991/3473 (28.5%)
2025-07-12 01:14:28,441 - INFO - ✅ API调用成功: 121.321631, 31.212908 -> 闵行区
2025-07-12 01:14:28,446 - INFO - 🔄 正在处理记录 1489: (121.245837, 30.779779)
2025-07-12 01:14:28,446 - INFO - 📈 进度: 992/3473 (28.6%)
2025-07-12 01:14:29,361 - INFO - ✅ API调用成功: 121.605245, 31.270057 -> 浦东新区
2025-07-12 01:14:29,367 - INFO - 🔄 正在处理记录 1490: (121.523686, 31.584476)
2025-07-12 01:14:29,367 - INFO - 📈 进度: 993/3473 (28.6%)
2025-07-12 01:14:30,353 - INFO - ✅ API调用成功: 121.320285, 30.763628 -> 金山区
2025-07-12 01:14:30,358 - INFO - 🔄 正在处理记录 1491: (121.462308, 30.90774)
2025-07-12 01:14:30,358 - INFO - 📈 进度: 994/3473 (28.6%)
2025-07-12 01:14:31,365 - INFO - ✅ API调用成功: 121.385513, 31.106923 -> 闵行区
2025-07-12 01:14:31,371 - INFO - 🔄 正在处理记录 1492: (121.671141, 30.925026)
2025-07-12 01:14:31,371 - INFO - 📈 进度: 995/3473 (28.6%)
2025-07-12 01:14:32,379 - INFO - ✅ API调用成功: 121.366765, 31.114158 -> 闵行区
2025-07-12 01:14:32,385 - INFO - 🔄 正在处理记录 1493: (121.522006, 31.122726)
2025-07-12 01:14:32,385 - INFO - 📈 进度: 996/3473 (28.7%)
2025-07-12 01:14:33,388 - INFO - ✅ API调用成功: 121.24971, 31.012686 -> 松江区
2025-07-12 01:14:33,394 - INFO - 🔄 正在处理记录 1494: (121.46345, 30.847585)
2025-07-12 01:14:33,394 - INFO - 📈 进度: 997/3473 (28.7%)
2025-07-12 01:14:34,401 - INFO - ✅ API调用成功: 121.367483, 31.135661 -> 闵行区
2025-07-12 01:14:34,421 - INFO - 🔄 正在处理记录 1495: (121.231192, 30.894171)
2025-07-12 01:14:34,421 - INFO - 📈 进度: 998/3473 (28.7%)
2025-07-12 01:14:35,483 - INFO - ✅ API调用成功: 121.389076, 31.142794 -> 闵行区
2025-07-12 01:14:35,489 - INFO - 🔄 正在处理记录 1496: (121.53981, 31.086362)
2025-07-12 01:14:35,489 - INFO - 📈 进度: 999/3473 (28.8%)
2025-07-12 01:14:36,424 - INFO - ✅ API调用成功: 121.441993, 31.096192 -> 闵行区
2025-07-12 01:14:36,432 - INFO - 🔄 正在处理记录 1497: (121.38325, 31.027195)
2025-07-12 01:14:36,441 - INFO - ✅ 写入 10 条结果到 /Users/songdingan/Downloads/detect_bus/final_station_ranking_with_district.csv
2025-07-12 01:14:36,441 - INFO - 📈 进度: 1000/3473 (28.8%)
2025-07-12 01:14:37,463 - INFO - ✅ API调用成功: 121.364921, 31.274726 -> 嘉定区
2025-07-12 01:14:37,466 - INFO - 🔄 正在处理记录 1498: (121.384496, 30.82005)
2025-07-12 01:14:37,466 - INFO - 📈 进度: 1001/3473 (28.8%)
2025-07-12 01:14:38,381 - INFO - ✅ API调用成功: 121.442445, 31.255952 -> 普陀区
2025-07-12 01:14:38,385 - INFO - 🔄 正在处理记录 1499: (121.753023, 31.117258)
2025-07-12 01:14:38,386 - INFO - 📈 进度: 1002/3473 (28.9%)
2025-07-12 01:14:39,377 - INFO - ✅ API调用成功: 121.662178, 31.210536 -> 浦东新区
2025-07-12 01:14:39,382 - INFO - 🔄 正在处理记录 1500: (121.651998, 31.269043)
2025-07-12 01:14:39,382 - INFO - 📈 进度: 1003/3473 (28.9%)
2025-07-12 01:14:40,452 - INFO - ✅ API调用成功: 121.711454, 31.036327 -> 浦东新区
2025-07-12 01:14:40,457 - INFO - 🔄 正在处理记录 1501: (121.58867, 31.247665)
2025-07-12 01:14:40,457 - INFO - 📈 进度: 1004/3473 (28.9%)
2025-07-12 01:14:41,425 - INFO - ✅ API调用成功: 121.55187, 31.079903 -> 闵行区
2025-07-12 01:14:41,430 - INFO - 🔄 正在处理记录 1502: (121.490455, 31.138544)
2025-07-12 01:14:41,431 - INFO - 📈 进度: 1005/3473 (28.9%)
2025-07-12 01:14:42,451 - INFO - ✅ API调用成功: 121.575553, 31.350434 -> 浦东新区
2025-07-12 01:14:42,460 - INFO - 🔄 正在处理记录 1503: (121.414383, 30.796705)
2025-07-12 01:14:42,461 - INFO - 📈 进度: 1006/3473 (29.0%)
2025-07-12 01:14:43,437 - INFO - ✅ API调用成功: 121.743541, 31.048686 -> 浦东新区
2025-07-12 01:14:43,444 - INFO - 🔄 正在处理记录 1504: (121.641017, 31.228282)
2025-07-12 01:14:43,444 - INFO - 📈 进度: 1007/3473 (29.0%)
2025-07-12 01:14:44,458 - INFO - ✅ API调用成功: 121.751064, 31.048263 -> 浦东新区
2025-07-12 01:14:44,464 - INFO - 🔄 正在处理记录 1505: (121.248672, 30.987667)
2025-07-12 01:14:44,464 - INFO - 📈 进度: 1008/3473 (29.0%)
2025-07-12 01:14:45,475 - INFO - ✅ API调用成功: 121.52638, 31.27758 -> 杨浦区
2025-07-12 01:14:45,482 - INFO - 🔄 正在处理记录 1506: (121.692201, 31.238425)
2025-07-12 01:14:45,482 - INFO - 📈 进度: 1009/3473 (29.1%)
2025-07-12 01:14:46,484 - INFO - ✅ API调用成功: 121.24684, 31.113646 -> 松江区
2025-07-12 01:14:46,495 - INFO - 🔄 正在处理记录 1507: (121.553481, 31.280527)
2025-07-12 01:14:46,518 - INFO - ✅ 写入 10 条结果到 /Users/songdingan/Downloads/detect_bus/final_station_ranking_with_district.csv
2025-07-12 01:14:46,518 - INFO - 📈 进度: 1010/3473 (29.1%)
2025-07-12 01:14:47,485 - INFO - ✅ API调用成功: 121.284875, 31.413127 -> 嘉定区
2025-07-12 01:14:47,503 - INFO - 🔄 正在处理记录 1508: (121.522884, 31.014234)
2025-07-12 01:14:47,503 - INFO - 📈 进度: 1011/3473 (29.1%)
2025-07-12 01:14:48,460 - INFO - ✅ API调用成功: 121.469212, 31.308559 -> 静安区
2025-07-12 01:14:48,466 - INFO - 🔄 正在处理记录 1509: (121.335963, 31.011382)
2025-07-12 01:14:48,466 - INFO - 📈 进度: 1012/3473 (29.1%)
2025-07-12 01:14:49,503 - INFO - ✅ API调用成功: 121.462678, 30.910164 -> 奉贤区
2025-07-12 01:14:49,509 - INFO - 🔄 正在处理记录 1510: (121.577489, 31.253752)
2025-07-12 01:14:49,509 - INFO - 📈 进度: 1013/3473 (29.2%)
2025-07-12 01:14:50,490 - INFO - ✅ API调用成功: 121.524855, 31.05727 -> 闵行区
2025-07-12 01:14:50,497 - INFO - 🔄 正在处理记录 1511: (121.401255, 30.905454)
2025-07-12 01:14:50,497 - INFO - 📈 进度: 1014/3473 (29.2%)
2025-07-12 01:14:51,500 - INFO - ✅ API调用成功: 121.326602, 30.898469 -> 金山区
2025-07-12 01:14:51,504 - INFO - 🔄 正在处理记录 1512: (121.476042, 31.314086)
2025-07-12 01:14:51,504 - INFO - 📈 进度: 1015/3473 (29.2%)
2025-07-12 01:14:52,511 - INFO - ✅ API调用成功: 121.371381, 31.701232 -> 崇明区
2025-07-12 01:14:52,516 - INFO - 🔄 正在处理记录 1513: (121.102719, 31.215218)
2025-07-12 01:14:52,516 - INFO - 📈 进度: 1016/3473 (29.3%)
2025-07-12 01:14:53,519 - INFO - ✅ API调用成功: 121.335265, 31.174781 -> 闵行区
2025-07-12 01:14:53,530 - INFO - 🔄 正在处理记录 1514: (121.734299, 31.056697)
2025-07-12 01:14:53,530 - INFO - 📈 进度: 1017/3473 (29.3%)
2025-07-12 01:14:54,518 - INFO - ✅ API调用成功: 121.617848, 31.294859 -> 浦东新区
2025-07-12 01:14:54,524 - INFO - 🔄 正在处理记录 1515: (121.479176, 31.256333)
2025-07-12 01:14:54,524 - INFO - 📈 进度: 1018/3473 (29.3%)
2025-07-12 01:14:55,529 - INFO - ✅ API调用成功: 121.316962, 30.884853 -> 金山区
2025-07-12 01:14:55,536 - INFO - 🔄 正在处理记录 1516: (121.376355, 31.18652)
2025-07-12 01:14:55,536 - INFO - 📈 进度: 1019/3473 (29.3%)
2025-07-12 01:14:56,526 - INFO - ✅ API调用成功: 121.606589, 31.282249 -> 浦东新区
2025-07-12 01:14:56,530 - INFO - 🔄 正在处理记录 1517: (121.38076, 31.179725)
2025-07-12 01:14:56,540 - INFO - ✅ 写入 10 条结果到 /Users/songdingan/Downloads/detect_bus/final_station_ranking_with_district.csv
2025-07-12 01:14:56,540 - INFO - 📈 进度: 1020/3473 (29.4%)
2025-07-12 01:14:57,561 - INFO - ✅ API调用成功: 121.422052, 31.136385 -> 闵行区
2025-07-12 01:14:57,567 - INFO - 🔄 正在处理记录 1518: (121.336414, 30.74715)
2025-07-12 01:14:57,567 - INFO - 📈 进度: 1021/3473 (29.4%)
2025-07-12 01:14:58,555 - INFO - ✅ API调用成功: 121.611403, 31.281978 -> 浦东新区
2025-07-12 01:14:58,560 - INFO - 🔄 正在处理记录 1519: (121.592404, 31.214574)
2025-07-12 01:14:58,560 - INFO - 📈 进度: 1022/3473 (29.4%)
2025-07-12 01:14:59,571 - INFO - ✅ API调用成功: 121.483537, 31.250206 -> 静安区
2025-07-12 01:14:59,578 - INFO - 🔄 正在处理记录 1520: (121.594161, 31.194243)
2025-07-12 01:14:59,578 - INFO - 📈 进度: 1023/3473 (29.5%)
2025-07-12 01:15:00,554 - INFO - ✅ API调用成功: 121.53006, 31.160616 -> 浦东新区
2025-07-12 01:15:00,562 - INFO - 🔄 正在处理记录 1521: (121.351869, 31.229429)
2025-07-12 01:15:00,562 - INFO - 📈 进度: 1024/3473 (29.5%)
2025-07-12 01:15:01,570 - INFO - ✅ API调用成功: 121.210846, 31.269255 -> 嘉定区
2025-07-12 01:15:01,574 - INFO - 🔄 正在处理记录 1522: (121.509954, 31.254173)
2025-07-12 01:15:01,575 - INFO - 📈 进度: 1025/3473 (29.5%)
2025-07-12 01:15:02,573 - INFO - ✅ API调用成功: 121.20033, 31.262044 -> 嘉定区
2025-07-12 01:15:02,591 - INFO - 🔄 正在处理记录 1523: (121.251605, 31.103587)
2025-07-12 01:15:02,591 - INFO - 📈 进度: 1026/3473 (29.5%)
2025-07-12 01:15:03,570 - INFO - ✅ API调用成功: 121.360898, 31.132936 -> 闵行区
2025-07-12 01:15:03,577 - INFO - 🔄 正在处理记录 1524: (121.266513, 31.083701)
2025-07-12 01:15:03,578 - INFO - 📈 进度: 1027/3473 (29.6%)
2025-07-12 01:15:04,552 - INFO - ✅ API调用成功: 121.32294, 31.221532 -> 闵行区
2025-07-12 01:15:04,559 - INFO - 🔄 正在处理记录 1525: (121.862813, 30.930599)
2025-07-12 01:15:04,559 - INFO - 📈 进度: 1028/3473 (29.6%)
2025-07-12 01:15:05,580 - INFO - ✅ API调用成功: 121.306194, 31.248229 -> 嘉定区
2025-07-12 01:15:05,586 - INFO - 🔄 正在处理记录 1526: (121.512134, 31.233255)
2025-07-12 01:15:05,587 - INFO - 📈 进度: 1029/3473 (29.6%)
2025-07-12 01:15:06,611 - INFO - ✅ API调用成功: 121.290189, 31.119111 -> 松江区
2025-07-12 01:15:06,617 - INFO - 🔄 正在处理记录 1527: (121.510773, 31.181218)
2025-07-12 01:15:06,632 - INFO - ✅ 写入 10 条结果到 /Users/songdingan/Downloads/detect_bus/final_station_ranking_with_district.csv
2025-07-12 01:15:06,632 - INFO - 📈 进度: 1030/3473 (29.7%)
2025-07-12 01:15:07,680 - INFO - ✅ API调用成功: 121.788781, 31.029511 -> 浦东新区
2025-07-12 01:15:07,684 - INFO - 🔄 正在处理记录 1528: (121.615412, 31.195241)
2025-07-12 01:15:07,684 - INFO - 📈 进度: 1031/3473 (29.7%)
2025-07-12 01:15:08,569 - INFO - ✅ API调用成功: 121.245837, 30.779779 -> 金山区
2025-07-12 01:15:08,583 - INFO - 🔄 正在处理记录 1529: (121.334331, 30.994992)
2025-07-12 01:15:08,583 - INFO - 📈 进度: 1032/3473 (29.7%)
2025-07-12 01:15:09,594 - INFO - ✅ API调用成功: 121.523686, 31.584476 -> 崇明区
2025-07-12 01:15:09,600 - INFO - 🔄 正在处理记录 1530: (121.505018, 31.205258)
2025-07-12 01:15:09,600 - INFO - 📈 进度: 1033/3473 (29.7%)
2025-07-12 01:15:10,727 - INFO - ✅ API调用成功: 121.462308, 30.90774 -> 奉贤区
2025-07-12 01:15:10,735 - INFO - 🔄 正在处理记录 1531: (121.268597, 31.045533)
2025-07-12 01:15:10,735 - INFO - 📈 进度: 1034/3473 (29.8%)
2025-07-12 01:15:11,598 - INFO - ✅ API调用成功: 121.671141, 30.925026 -> 奉贤区
2025-07-12 01:15:11,610 - INFO - 🔄 正在处理记录 1532: (121.423119, 31.289839)
2025-07-12 01:15:11,610 - INFO - 📈 进度: 1035/3473 (29.8%)
2025-07-12 01:15:12,630 - INFO - ✅ API调用成功: 121.522006, 31.122726 -> 浦东新区
2025-07-12 01:15:12,636 - INFO - 🔄 正在处理记录 1533: (121.506469, 31.191691)
2025-07-12 01:15:12,636 - INFO - 📈 进度: 1036/3473 (29.8%)
2025-07-12 01:15:13,590 - INFO - ✅ API调用成功: 121.46345, 30.847585 -> 奉贤区
2025-07-12 01:15:13,602 - INFO - 🔄 正在处理记录 1534: (121.506469, 31.191691)
2025-07-12 01:15:13,602 - INFO - 📈 进度: 1037/3473 (29.9%)
2025-07-12 01:15:14,621 - INFO - ✅ API调用成功: 121.231192, 30.894171 -> 金山区
2025-07-12 01:15:14,623 - INFO - 🔄 正在处理记录 1535: (121.534751, 31.168119)
2025-07-12 01:15:14,623 - INFO - 📈 进度: 1038/3473 (29.9%)
2025-07-12 01:15:15,641 - INFO - ✅ API调用成功: 121.53981, 31.086362 -> 闵行区
2025-07-12 01:15:15,648 - INFO - 🔄 正在处理记录 1536: (121.527825, 31.169145)
2025-07-12 01:15:15,648 - INFO - 📈 进度: 1039/3473 (29.9%)
2025-07-12 01:15:16,643 - INFO - ✅ API调用成功: 121.38325, 31.027195 -> 闵行区
2025-07-12 01:15:16,648 - INFO - 🔄 正在处理记录 1537: (121.472386, 31.294617)
2025-07-12 01:15:16,657 - INFO - ✅ 写入 10 条结果到 /Users/songdingan/Downloads/detect_bus/final_station_ranking_with_district.csv
2025-07-12 01:15:16,658 - INFO - 📈 进度: 1040/3473 (29.9%)
2025-07-12 01:15:17,638 - INFO - ✅ API调用成功: 121.384496, 30.82005 -> 金山区
2025-07-12 01:15:17,655 - INFO - 🔄 正在处理记录 1538: (121.474084, 31.23735)
2025-07-12 01:15:17,655 - INFO - 📈 进度: 1041/3473 (30.0%)
2025-07-12 01:15:18,650 - INFO - ✅ API调用成功: 121.753023, 31.117258 -> 浦东新区
2025-07-12 01:15:18,656 - INFO - 🔄 正在处理记录 1539: (121.340863, 31.155057)
2025-07-12 01:15:18,656 - INFO - 📈 进度: 1042/3473 (30.0%)
2025-07-12 01:15:19,665 - INFO - ✅ API调用成功: 121.651998, 31.269043 -> 浦东新区
2025-07-12 01:15:19,672 - INFO - 🔄 正在处理记录 1540: (121.515525, 31.16088)
2025-07-12 01:15:19,672 - INFO - 📈 进度: 1043/3473 (30.0%)
2025-07-12 01:15:20,832 - INFO - ✅ API调用成功: 121.58867, 31.247665 -> 浦东新区
2025-07-12 01:15:20,836 - INFO - 🔄 正在处理记录 1541: (121.314091, 30.735032)
2025-07-12 01:15:20,837 - INFO - 📈 进度: 1044/3473 (30.1%)
2025-07-12 01:15:21,682 - INFO - ✅ API调用成功: 121.490455, 31.138544 -> 浦东新区
2025-07-12 01:15:21,687 - INFO - 🔄 正在处理记录 1542: (121.12218, 31.162307)
2025-07-12 01:15:21,687 - INFO - 📈 进度: 1045/3473 (30.1%)
2025-07-12 01:15:22,736 - INFO - ✅ API调用成功: 121.414383, 30.796705 -> 金山区
2025-07-12 01:15:22,741 - INFO - 🔄 正在处理记录 1543: (121.320557, 31.116734)
2025-07-12 01:15:22,741 - INFO - 📈 进度: 1046/3473 (30.1%)
2025-07-12 01:15:23,688 - INFO - ✅ API调用成功: 121.641017, 31.228282 -> 浦东新区
2025-07-12 01:15:23,695 - INFO - 🔄 正在处理记录 1544: (121.492289, 31.156021)
2025-07-12 01:15:23,695 - INFO - 📈 进度: 1047/3473 (30.1%)
2025-07-12 01:15:24,710 - INFO - ✅ API调用成功: 121.248672, 30.987667 -> 松江区
2025-07-12 01:15:24,716 - INFO - 🔄 正在处理记录 1545: (121.530596, 31.290524)
2025-07-12 01:15:24,716 - INFO - 📈 进度: 1048/3473 (30.2%)
2025-07-12 01:15:25,725 - INFO - ✅ API调用成功: 121.692201, 31.238425 -> 浦东新区
2025-07-12 01:15:25,740 - INFO - 🔄 正在处理记录 1546: (121.778973, 31.050096)
2025-07-12 01:15:25,740 - INFO - 📈 进度: 1049/3473 (30.2%)
2025-07-12 01:15:26,712 - INFO - ✅ API调用成功: 121.553481, 31.280527 -> 杨浦区
2025-07-12 01:15:26,716 - INFO - 🔄 正在处理记录 1547: (121.274442, 31.817948)
2025-07-12 01:15:26,726 - INFO - ✅ 写入 10 条结果到 /Users/songdingan/Downloads/detect_bus/final_station_ranking_with_district.csv
2025-07-12 01:15:26,726 - INFO - 📈 进度: 1050/3473 (30.2%)
2025-07-12 01:15:27,751 - INFO - ✅ API调用成功: 121.522884, 31.014234 -> 闵行区
2025-07-12 01:15:27,757 - INFO - 🔄 正在处理记录 1548: (121.086394, 31.218029)
2025-07-12 01:15:27,757 - INFO - 📈 进度: 1051/3473 (30.3%)
2025-07-12 01:15:28,822 - INFO - ✅ API调用成功: 121.335963, 31.011382 -> 松江区
2025-07-12 01:15:28,829 - INFO - 🔄 正在处理记录 1549: (121.081119, 31.162524)
2025-07-12 01:15:28,829 - INFO - 📈 进度: 1052/3473 (30.3%)
2025-07-12 01:15:29,723 - INFO - ✅ API调用成功: 121.577489, 31.253752 -> 浦东新区
2025-07-12 01:15:29,729 - INFO - 🔄 正在处理记录 1550: (121.427778, 31.062814)
2025-07-12 01:15:29,730 - INFO - 📈 进度: 1053/3473 (30.3%)
2025-07-12 01:15:30,750 - INFO - ✅ API调用成功: 121.401255, 30.905454 -> 奉贤区
2025-07-12 01:15:30,755 - INFO - 🔄 正在处理记录 1551: (121.253676, 31.331292)
2025-07-12 01:15:30,755 - INFO - 📈 进度: 1054/3473 (30.3%)
2025-07-12 01:15:31,738 - INFO - ✅ API调用成功: 121.476042, 31.314086 -> 虹口区
2025-07-12 01:15:31,755 - INFO - 🔄 正在处理记录 1552: (121.633438, 31.16742)
2025-07-12 01:15:31,755 - INFO - 📈 进度: 1055/3473 (30.4%)
2025-07-12 01:15:32,780 - INFO - ✅ API调用成功: 121.102719, 31.215218 -> 青浦区
2025-07-12 01:15:32,786 - INFO - 🔄 正在处理记录 1553: (121.527594, 31.330554)
2025-07-12 01:15:32,786 - INFO - 📈 进度: 1056/3473 (30.4%)
2025-07-12 01:15:33,757 - INFO - ✅ API调用成功: 121.734299, 31.056697 -> 浦东新区
2025-07-12 01:15:33,766 - INFO - 🔄 正在处理记录 1554: (121.553451, 31.19569)
2025-07-12 01:15:33,766 - INFO - 📈 进度: 1057/3473 (30.4%)
2025-07-12 01:15:34,744 - INFO - ✅ API调用成功: 121.479176, 31.256333 -> 静安区
2025-07-12 01:15:34,749 - INFO - 🔄 正在处理记录 1555: (121.770972, 31.014498)
2025-07-12 01:15:34,749 - INFO - 📈 进度: 1058/3473 (30.5%)
2025-07-12 01:15:35,751 - INFO - ✅ API调用成功: 121.376355, 31.18652 -> 闵行区
2025-07-12 01:15:35,755 - INFO - 🔄 正在处理记录 1556: (121.55304, 31.201068)
2025-07-12 01:15:35,755 - INFO - 📈 进度: 1059/3473 (30.5%)
2025-07-12 01:15:36,751 - INFO - ✅ API调用成功: 121.38076, 31.179725 -> 闵行区
2025-07-12 01:15:36,756 - INFO - 🔄 正在处理记录 1557: (121.284331, 31.107866)
2025-07-12 01:15:36,773 - INFO - ✅ 写入 10 条结果到 /Users/songdingan/Downloads/detect_bus/final_station_ranking_with_district.csv
2025-07-12 01:15:36,773 - INFO - 📈 进度: 1060/3473 (30.5%)
2025-07-12 01:15:37,768 - INFO - ✅ API调用成功: 121.336414, 30.74715 -> 金山区
2025-07-12 01:15:37,772 - INFO - 🔄 正在处理记录 1558: (121.063727, 30.993525)
2025-07-12 01:15:37,772 - INFO - 📈 进度: 1061/3473 (30.5%)
2025-07-12 01:15:38,770 - INFO - ✅ API调用成功: 121.592404, 31.214574 -> 浦东新区
2025-07-12 01:15:38,775 - INFO - 🔄 正在处理记录 1559: (121.364076, 31.074438)
2025-07-12 01:15:38,775 - INFO - 📈 进度: 1062/3473 (30.6%)
2025-07-12 01:15:39,796 - INFO - ✅ API调用成功: 121.594161, 31.194243 -> 浦东新区
2025-07-12 01:15:39,800 - INFO - 🔄 正在处理记录 1560: (121.356184, 31.06667)
2025-07-12 01:15:39,800 - INFO - 📈 进度: 1063/3473 (30.6%)
2025-07-12 01:15:40,784 - INFO - ✅ API调用成功: 121.351869, 31.229429 -> 长宁区
2025-07-12 01:15:40,789 - INFO - 🔄 正在处理记录 1561: (121.498285, 31.001274)
2025-07-12 01:15:40,789 - INFO - 📈 进度: 1064/3473 (30.6%)
2025-07-12 01:15:41,784 - INFO - ✅ API调用成功: 121.509954, 31.254173 -> 虹口区
2025-07-12 01:15:41,789 - INFO - 🔄 正在处理记录 1562: (121.511157, 31.25396)
2025-07-12 01:15:41,789 - INFO - 📈 进度: 1065/3473 (30.7%)
2025-07-12 01:15:42,822 - INFO - ✅ API调用成功: 121.251605, 31.103587 -> 松江区
2025-07-12 01:15:42,828 - INFO - 🔄 正在处理记录 1563: (121.445946, 31.231999)
2025-07-12 01:15:42,828 - INFO - 📈 进度: 1066/3473 (30.7%)
2025-07-12 01:15:43,824 - INFO - ✅ API调用成功: 121.266513, 31.083701 -> 松江区
2025-07-12 01:15:43,831 - INFO - 🔄 正在处理记录 1564: (121.486082, 31.291502)
2025-07-12 01:15:43,831 - INFO - 📈 进度: 1067/3473 (30.7%)
2025-07-12 01:15:44,802 - INFO - ✅ API调用成功: 121.862813, 30.930599 -> 浦东新区
2025-07-12 01:15:44,808 - INFO - 🔄 正在处理记录 1565: (121.207205, 31.379992)
2025-07-12 01:15:44,808 - INFO - 📈 进度: 1068/3473 (30.8%)
2025-07-12 01:15:45,846 - INFO - ✅ API调用成功: 121.512134, 31.233255 -> 浦东新区
2025-07-12 01:15:45,857 - INFO - 🔄 正在处理记录 1566: (121.545947, 31.195102)
2025-07-12 01:15:45,857 - INFO - 📈 进度: 1069/3473 (30.8%)
2025-07-12 01:15:46,834 - INFO - ✅ API调用成功: 121.510773, 31.181218 -> 浦东新区
2025-07-12 01:15:46,839 - INFO - 🔄 正在处理记录 1567: (121.667553, 31.194152)
2025-07-12 01:15:46,851 - INFO - ✅ 写入 10 条结果到 /Users/songdingan/Downloads/detect_bus/final_station_ranking_with_district.csv
2025-07-12 01:15:46,851 - INFO - 📈 进度: 1070/3473 (30.8%)
2025-07-12 01:15:47,839 - INFO - ✅ API调用成功: 121.615412, 31.195241 -> 浦东新区
2025-07-12 01:15:47,844 - INFO - 🔄 正在处理记录 1568: (121.582895, 31.116336)
2025-07-12 01:15:47,844 - INFO - 📈 进度: 1071/3473 (30.8%)
2025-07-12 01:15:48,862 - INFO - ✅ API调用成功: 121.334331, 30.994992 -> 闵行区
2025-07-12 01:15:48,866 - INFO - 🔄 正在处理记录 1569: (121.230932, 31.378984)
2025-07-12 01:15:48,866 - INFO - 📈 进度: 1072/3473 (30.9%)
2025-07-12 01:15:49,870 - INFO - ✅ API调用成功: 121.505018, 31.205258 -> 黄浦区
2025-07-12 01:15:49,874 - INFO - 🔄 正在处理记录 1570: (121.679631, 31.292892)
2025-07-12 01:15:49,874 - INFO - 📈 进度: 1073/3473 (30.9%)
2025-07-12 01:15:50,865 - INFO - ✅ API调用成功: 121.268597, 31.045533 -> 松江区
2025-07-12 01:15:50,872 - INFO - 🔄 正在处理记录 1571: (121.495226, 31.27799)
2025-07-12 01:15:50,872 - INFO - 📈 进度: 1074/3473 (30.9%)
2025-07-12 01:15:52,058 - INFO - ✅ API调用成功: 121.423119, 31.289839 -> 宝山区
2025-07-12 01:15:52,062 - INFO - 🔄 正在处理记录 1572: (121.405628, 31.64429)
2025-07-12 01:15:52,062 - INFO - 📈 进度: 1075/3473 (31.0%)
2025-07-12 01:15:52,918 - INFO - ✅ API调用成功: 121.506469, 31.191691 -> 浦东新区
2025-07-12 01:15:52,924 - INFO - 🔄 正在处理记录 1573: (121.578697, 30.932635)
2025-07-12 01:15:52,924 - INFO - 📈 进度: 1076/3473 (31.0%)
2025-07-12 01:15:53,862 - INFO - ✅ API调用成功: 121.506469, 31.191691 -> 浦东新区
2025-07-12 01:15:53,874 - INFO - 🔄 正在处理记录 1574: (121.579848, 31.081577)
2025-07-12 01:15:53,874 - INFO - 📈 进度: 1077/3473 (31.0%)
2025-07-12 01:15:54,900 - INFO - ✅ API调用成功: 121.534751, 31.168119 -> 浦东新区
2025-07-12 01:15:54,905 - INFO - 🔄 正在处理记录 1575: (121.541965, 31.278447)
2025-07-12 01:15:54,905 - INFO - 📈 进度: 1078/3473 (31.0%)
2025-07-12 01:15:55,934 - INFO - ✅ API调用成功: 121.527825, 31.169145 -> 浦东新区
2025-07-12 01:15:55,938 - INFO - 🔄 正在处理记录 1576: (121.437027, 31.284579)
2025-07-12 01:15:55,938 - INFO - 📈 进度: 1079/3473 (31.1%)
2025-07-12 01:15:56,893 - INFO - ✅ API调用成功: 121.472386, 31.294617 -> 虹口区
2025-07-12 01:15:56,897 - INFO - 🔄 正在处理记录 1577: (121.564919, 31.110223)
2025-07-12 01:15:56,904 - INFO - ✅ 写入 10 条结果到 /Users/songdingan/Downloads/detect_bus/final_station_ranking_with_district.csv
2025-07-12 01:15:56,904 - INFO - 📈 进度: 1080/3473 (31.1%)
2025-07-12 01:15:57,878 - INFO - ✅ API调用成功: 121.474084, 31.23735 -> 黄浦区
2025-07-12 01:15:57,886 - INFO - 🔄 正在处理记录 1578: (121.555142, 31.055284)
2025-07-12 01:15:57,886 - INFO - 📈 进度: 1081/3473 (31.1%)
2025-07-12 01:15:58,925 - INFO - ✅ API调用成功: 121.340863, 31.155057 -> 闵行区
2025-07-12 01:15:58,931 - INFO - 🔄 正在处理记录 1579: (121.319221, 30.95111)
2025-07-12 01:15:58,931 - INFO - 📈 进度: 1082/3473 (31.2%)
2025-07-12 01:15:59,917 - INFO - ✅ API调用成功: 121.515525, 31.16088 -> 浦东新区
2025-07-12 01:15:59,925 - INFO - 🔄 正在处理记录 1580: (121.492912, 31.380659)
2025-07-12 01:15:59,925 - INFO - 📈 进度: 1083/3473 (31.2%)
2025-07-12 01:16:00,914 - INFO - ✅ API调用成功: 121.314091, 30.735032 -> 金山区
2025-07-12 01:16:00,920 - INFO - 🔄 正在处理记录 1581: (121.603849, 31.261032)
2025-07-12 01:16:00,920 - INFO - 📈 进度: 1084/3473 (31.2%)
2025-07-12 01:16:01,912 - INFO - ✅ API调用成功: 121.12218, 31.162307 -> 青浦区
2025-07-12 01:16:01,917 - INFO - 🔄 正在处理记录 1582: (121.605522, 30.915711)
2025-07-12 01:16:01,917 - INFO - 📈 进度: 1085/3473 (31.2%)
2025-07-12 01:16:02,927 - INFO - ✅ API调用成功: 121.320557, 31.116734 -> 松江区
2025-07-12 01:16:02,947 - INFO - 🔄 正在处理记录 1583: (121.515188, 31.183458)
2025-07-12 01:16:02,947 - INFO - 📈 进度: 1086/3473 (31.3%)
2025-07-12 01:16:03,970 - INFO - ✅ API调用成功: 121.492289, 31.156021 -> 浦东新区
2025-07-12 01:16:03,977 - INFO - 🔄 正在处理记录 1584: (121.53614, 31.223253)
2025-07-12 01:16:03,977 - INFO - 📈 进度: 1087/3473 (31.3%)
2025-07-12 01:16:04,935 - INFO - ✅ API调用成功: 121.530596, 31.290524 -> 杨浦区
2025-07-12 01:16:04,942 - INFO - 🔄 正在处理记录 1585: (121.502847, 31.12932)
2025-07-12 01:16:04,942 - INFO - 📈 进度: 1088/3473 (31.3%)
2025-07-12 01:16:05,975 - INFO - ✅ API调用成功: 121.778973, 31.050096 -> 浦东新区
2025-07-12 01:16:05,981 - INFO - 🔄 正在处理记录 1586: (121.336304, 30.855041)
2025-07-12 01:16:05,981 - INFO - 📈 进度: 1089/3473 (31.4%)
2025-07-12 01:16:06,917 - INFO - ✅ API调用成功: 121.274442, 31.817948 -> 崇明区
2025-07-12 01:16:06,923 - INFO - 🔄 正在处理记录 1587: (121.855199, 30.934954)
2025-07-12 01:16:06,933 - INFO - ✅ 写入 10 条结果到 /Users/songdingan/Downloads/detect_bus/final_station_ranking_with_district.csv
2025-07-12 01:16:06,933 - INFO - 📈 进度: 1090/3473 (31.4%)
2025-07-12 01:16:07,942 - INFO - ✅ API调用成功: 121.086394, 31.218029 -> 青浦区
2025-07-12 01:16:07,959 - INFO - 🔄 正在处理记录 1588: (121.86201, 30.934318)
2025-07-12 01:16:07,959 - INFO - 📈 进度: 1091/3473 (31.4%)
2025-07-12 01:16:08,959 - INFO - ✅ API调用成功: 121.081119, 31.162524 -> 青浦区
2025-07-12 01:16:08,965 - INFO - 🔄 正在处理记录 1589: (121.393566, 31.418282)
2025-07-12 01:16:08,966 - INFO - 📈 进度: 1092/3473 (31.4%)
2025-07-12 01:16:09,971 - INFO - ✅ API调用成功: 121.427778, 31.062814 -> 闵行区
2025-07-12 01:16:09,975 - INFO - 🔄 正在处理记录 1590: (121.084915, 31.146029)
2025-07-12 01:16:09,975 - INFO - 📈 进度: 1093/3473 (31.5%)
2025-07-12 01:16:10,941 - INFO - ✅ API调用成功: 121.253676, 31.331292 -> 嘉定区
2025-07-12 01:16:10,945 - INFO - 🔄 正在处理记录 1591: (121.18082, 31.029373)
2025-07-12 01:16:10,945 - INFO - 📈 进度: 1094/3473 (31.5%)
2025-07-12 01:16:11,947 - INFO - ✅ API调用成功: 121.633438, 31.16742 -> 浦东新区
2025-07-12 01:16:11,953 - INFO - 🔄 正在处理记录 1592: (121.466917, 31.234746)
2025-07-12 01:16:11,953 - INFO - 📈 进度: 1095/3473 (31.5%)
2025-07-12 01:16:13,102 - INFO - ✅ API调用成功: 121.527594, 31.330554 -> 杨浦区
2025-07-12 01:16:13,106 - INFO - 🔄 正在处理记录 1593: (121.466342, 31.261538)
2025-07-12 01:16:13,106 - INFO - 📈 进度: 1096/3473 (31.6%)
2025-07-12 01:16:14,004 - INFO - ✅ API调用成功: 121.553451, 31.19569 -> 浦东新区
2025-07-12 01:16:14,010 - INFO - 🔄 正在处理记录 1594: (121.550352, 31.156759)
2025-07-12 01:16:14,010 - INFO - 📈 进度: 1097/3473 (31.6%)
2025-07-12 01:16:14,981 - INFO - ✅ API调用成功: 121.770972, 31.014498 -> 浦东新区
2025-07-12 01:16:14,985 - INFO - 🔄 正在处理记录 1595: (121.054188, 31.150322)
2025-07-12 01:16:14,985 - INFO - 📈 进度: 1098/3473 (31.6%)
2025-07-12 01:16:16,015 - INFO - ✅ API调用成功: 121.55304, 31.201068 -> 浦东新区
2025-07-12 01:16:16,020 - INFO - 🔄 正在处理记录 1596: (121.216791, 31.255529)
2025-07-12 01:16:16,020 - INFO - 📈 进度: 1099/3473 (31.6%)
2025-07-12 01:16:17,018 - INFO - ✅ API调用成功: 121.284331, 31.107866 -> 松江区
2025-07-12 01:16:17,032 - INFO - 🔄 正在处理记录 1597: (121.624972, 31.266583)
2025-07-12 01:16:17,049 - INFO - ✅ 写入 10 条结果到 /Users/songdingan/Downloads/detect_bus/final_station_ranking_with_district.csv
2025-07-12 01:16:17,049 - INFO - 📈 进度: 1100/3473 (31.7%)
2025-07-12 01:16:18,023 - INFO - ✅ API调用成功: 121.063727, 30.993525 -> 青浦区
2025-07-12 01:16:18,030 - INFO - 🔄 正在处理记录 1598: (121.628093, 31.332083)
2025-07-12 01:16:18,030 - INFO - 📈 进度: 1101/3473 (31.7%)
2025-07-12 01:16:19,025 - INFO - ✅ API调用成功: 121.364076, 31.074438 -> 松江区
2025-07-12 01:16:19,031 - INFO - 🔄 正在处理记录 1599: (121.52507, 31.21871)
2025-07-12 01:16:19,031 - INFO - 📈 进度: 1102/3473 (31.7%)
2025-07-12 01:16:20,070 - INFO - ✅ API调用成功: 121.356184, 31.06667 -> 闵行区
2025-07-12 01:16:20,074 - INFO - 🔄 正在处理记录 1600: (121.396635, 31.294291)
2025-07-12 01:16:20,074 - INFO - 📈 进度: 1103/3473 (31.8%)
2025-07-12 01:16:21,010 - INFO - ✅ API调用成功: 121.498285, 31.001274 -> 奉贤区
2025-07-12 01:16:21,013 - INFO - 🔄 正在处理记录 1601: (121.509958, 31.193613)
2025-07-12 01:16:21,014 - INFO - 📈 进度: 1104/3473 (31.8%)
2025-07-12 01:16:22,055 - INFO - ✅ API调用成功: 121.511157, 31.25396 -> 虹口区
2025-07-12 01:16:22,060 - INFO - 🔄 正在处理记录 1602: (121.510451, 31.232965)
2025-07-12 01:16:22,060 - INFO - 📈 进度: 1105/3473 (31.8%)
2025-07-12 01:16:23,050 - INFO - ✅ API调用成功: 121.445946, 31.231999 -> 静安区
2025-07-12 01:16:23,059 - INFO - 🔄 正在处理记录 1603: (121.519399, 31.210173)
2025-07-12 01:16:23,059 - INFO - 📈 进度: 1106/3473 (31.8%)
2025-07-12 01:16:24,049 - INFO - ✅ API调用成功: 121.486082, 31.291502 -> 虹口区
2025-07-12 01:16:24,057 - INFO - 🔄 正在处理记录 1604: (121.429725, 31.268254)
2025-07-12 01:16:24,057 - INFO - 📈 进度: 1107/3473 (31.9%)
2025-07-12 01:16:25,062 - INFO - ✅ API调用成功: 121.207205, 31.379992 -> 嘉定区
2025-07-12 01:16:25,067 - INFO - 🔄 正在处理记录 1605: (121.820476, 30.900277)
2025-07-12 01:16:25,067 - INFO - 📈 进度: 1108/3473 (31.9%)
2025-07-12 01:16:26,086 - INFO - ✅ API调用成功: 121.545947, 31.195102 -> 浦东新区
2025-07-12 01:16:26,100 - INFO - 🔄 正在处理记录 1606: (121.191911, 31.155298)
2025-07-12 01:16:26,100 - INFO - 📈 进度: 1109/3473 (31.9%)
2025-07-12 01:16:27,055 - INFO - ✅ API调用成功: 121.667553, 31.194152 -> 浦东新区
2025-07-12 01:16:27,071 - INFO - 🔄 正在处理记录 1607: (121.498709, 31.281351)
2025-07-12 01:16:27,084 - INFO - ✅ 写入 10 条结果到 /Users/songdingan/Downloads/detect_bus/final_station_ranking_with_district.csv
2025-07-12 01:16:27,084 - INFO - 📈 进度: 1110/3473 (32.0%)
2025-07-12 01:16:28,080 - INFO - ✅ API调用成功: 121.582895, 31.116336 -> 浦东新区
2025-07-12 01:16:28,085 - INFO - 🔄 正在处理记录 1608: (121.491011, 30.913607)
2025-07-12 01:16:28,085 - INFO - 📈 进度: 1111/3473 (32.0%)
2025-07-12 01:16:29,097 - INFO - ✅ API调用成功: 121.230932, 31.378984 -> 嘉定区
2025-07-12 01:16:29,103 - INFO - 🔄 正在处理记录 1609: (121.482482, 30.911777)
2025-07-12 01:16:29,103 - INFO - 📈 进度: 1112/3473 (32.0%)
2025-07-12 01:16:30,102 - INFO - ✅ API调用成功: 121.679631, 31.292892 -> 浦东新区
2025-07-12 01:16:30,108 - INFO - 🔄 正在处理记录 1610: (121.701014, 31.395311)
2025-07-12 01:16:30,109 - INFO - 📈 进度: 1113/3473 (32.0%)
2025-07-12 01:16:31,119 - INFO - ✅ API调用成功: 121.495226, 31.27799 -> 虹口区
2025-07-12 01:16:31,124 - INFO - 🔄 正在处理记录 1611: (121.428389, 30.990047)
2025-07-12 01:16:31,125 - INFO - 📈 进度: 1114/3473 (32.1%)
2025-07-12 01:16:32,108 - INFO - ✅ API调用成功: 121.405628, 31.64429 -> 崇明区
2025-07-12 01:16:32,124 - INFO - 🔄 正在处理记录 1612: (121.585215, 31.211188)
2025-07-12 01:16:32,124 - INFO - 📈 进度: 1115/3473 (32.1%)
2025-07-12 01:16:33,122 - INFO - ✅ API调用成功: 121.578697, 30.932635 -> 奉贤区
2025-07-12 01:16:33,128 - INFO - 🔄 正在处理记录 1613: (121.65678, 30.918776)
2025-07-12 01:16:33,128 - INFO - 📈 进度: 1116/3473 (32.1%)
2025-07-12 01:16:34,123 - INFO - ✅ API调用成功: 121.579848, 31.081577 -> 浦东新区
2025-07-12 01:16:34,129 - INFO - 🔄 正在处理记录 1614: (121.618986, 30.902927)
2025-07-12 01:16:34,129 - INFO - 📈 进度: 1117/3473 (32.2%)
2025-07-12 01:16:35,141 - INFO - ✅ API调用成功: 121.541965, 31.278447 -> 杨浦区
2025-07-12 01:16:35,147 - INFO - 🔄 正在处理记录 1615: (121.30232, 31.490802)
2025-07-12 01:16:35,147 - INFO - 📈 进度: 1118/3473 (32.2%)
2025-07-12 01:16:36,144 - INFO - ✅ API调用成功: 121.437027, 31.284579 -> 静安区
2025-07-12 01:16:36,149 - INFO - 🔄 正在处理记录 1616: (121.276347, 31.401898)
2025-07-12 01:16:36,149 - INFO - 📈 进度: 1119/3473 (32.2%)
2025-07-12 01:16:37,118 - INFO - ✅ API调用成功: 121.564919, 31.110223 -> 闵行区
2025-07-12 01:16:37,141 - INFO - 🔄 正在处理记录 1617: (121.202262, 31.333131)
2025-07-12 01:16:37,154 - INFO - ✅ 写入 10 条结果到 /Users/songdingan/Downloads/detect_bus/final_station_ranking_with_district.csv
2025-07-12 01:16:37,154 - INFO - 📈 进度: 1120/3473 (32.2%)
2025-07-12 01:16:38,137 - INFO - ✅ API调用成功: 121.555142, 31.055284 -> 浦东新区
2025-07-12 01:16:38,141 - INFO - 🔄 正在处理记录 1618: (121.534019, 31.046652)
2025-07-12 01:16:38,142 - INFO - 📈 进度: 1121/3473 (32.3%)
2025-07-12 01:16:39,130 - INFO - ✅ API调用成功: 121.319221, 30.95111 -> 松江区
2025-07-12 01:16:39,134 - INFO - 🔄 正在处理记录 1619: (121.4181, 31.220746)
2025-07-12 01:16:39,134 - INFO - 📈 进度: 1122/3473 (32.3%)
2025-07-12 01:16:40,142 - INFO - ✅ API调用成功: 121.492912, 31.380659 -> 宝山区
2025-07-12 01:16:40,146 - INFO - 🔄 正在处理记录 1620: (121.421736, 31.220714)
2025-07-12 01:16:40,146 - INFO - 📈 进度: 1123/3473 (32.3%)
2025-07-12 01:16:41,126 - INFO - ✅ API调用成功: 121.603849, 31.261032 -> 浦东新区
2025-07-12 01:16:41,131 - INFO - 🔄 正在处理记录 1621: (121.537285, 31.261909)
2025-07-12 01:16:41,131 - INFO - 📈 进度: 1124/3473 (32.4%)
2025-07-12 01:16:42,124 - INFO - ✅ API调用成功: 121.605522, 30.915711 -> 奉贤区
2025-07-12 01:16:42,130 - INFO - 🔄 正在处理记录 1622: (121.231853, 31.0144)
2025-07-12 01:16:42,130 - INFO - 📈 进度: 1125/3473 (32.4%)
2025-07-12 01:16:43,152 - INFO - ✅ API调用成功: 121.515188, 31.183458 -> 浦东新区
2025-07-12 01:16:43,157 - INFO - 🔄 正在处理记录 1623: (121.321056, 31.724551)
2025-07-12 01:16:43,157 - INFO - 📈 进度: 1126/3473 (32.4%)
2025-07-12 01:16:44,147 - INFO - ✅ API调用成功: 121.53614, 31.223253 -> 浦东新区
2025-07-12 01:16:44,151 - INFO - 🔄 正在处理记录 1624: (121.342755, 31.694258)
2025-07-12 01:16:44,151 - INFO - 📈 进度: 1127/3473 (32.5%)
2025-07-12 01:16:45,165 - INFO - ✅ API调用成功: 121.502847, 31.12932 -> 浦东新区
2025-07-12 01:16:45,172 - INFO - 🔄 正在处理记录 1625: (121.287654, 31.800873)
2025-07-12 01:16:45,172 - INFO - 📈 进度: 1128/3473 (32.5%)
2025-07-12 01:16:46,157 - INFO - ✅ API调用成功: 121.336304, 30.855041 -> 金山区
2025-07-12 01:16:46,162 - INFO - 🔄 正在处理记录 1626: (121.283368, 31.742427)
2025-07-12 01:16:46,162 - INFO - 📈 进度: 1129/3473 (32.5%)
2025-07-12 01:16:47,170 - INFO - ✅ API调用成功: 121.855199, 30.934954 -> 浦东新区
2025-07-12 01:16:47,189 - INFO - 🔄 正在处理记录 1627: (121.35917, 31.681582)
2025-07-12 01:16:47,199 - INFO - ✅ 写入 10 条结果到 /Users/songdingan/Downloads/detect_bus/final_station_ranking_with_district.csv
2025-07-12 01:16:47,199 - INFO - 📈 进度: 1130/3473 (32.5%)
2025-07-12 01:16:48,181 - INFO - ✅ API调用成功: 121.86201, 30.934318 -> 浦东新区
2025-07-12 01:16:48,185 - INFO - 🔄 正在处理记录 1628: (121.546833, 31.27819)
2025-07-12 01:16:48,185 - INFO - 📈 进度: 1131/3473 (32.6%)
2025-07-12 01:16:49,210 - INFO - ✅ API调用成功: 121.393566, 31.418282 -> 宝山区
2025-07-12 01:16:49,218 - INFO - 🔄 正在处理记录 1629: (121.5617, 31.15051)
2025-07-12 01:16:49,218 - INFO - 📈 进度: 1132/3473 (32.6%)
2025-07-12 01:16:50,205 - INFO - ✅ API调用成功: 121.084915, 31.146029 -> 青浦区
2025-07-12 01:16:50,209 - INFO - 🔄 正在处理记录 1630: (121.648439, 31.160873)
2025-07-12 01:16:50,209 - INFO - 📈 进度: 1133/3473 (32.6%)
2025-07-12 01:16:51,191 - INFO - ✅ API调用成功: 121.18082, 31.029373 -> 松江区
2025-07-12 01:16:51,198 - INFO - 🔄 正在处理记录 1631: (121.606026, 31.217391)
2025-07-12 01:16:51,198 - INFO - 📈 进度: 1134/3473 (32.7%)
2025-07-12 01:16:52,376 - INFO - ✅ API调用成功: 121.466917, 31.234746 -> 静安区
2025-07-12 01:16:52,379 - INFO - 🔄 正在处理记录 1632: (121.316579, 31.069368)
2025-07-12 01:16:52,379 - INFO - 📈 进度: 1135/3473 (32.7%)
2025-07-12 01:16:53,218 - INFO - ✅ API调用成功: 121.466342, 31.261538 -> 静安区
2025-07-12 01:16:53,244 - INFO - 🔄 正在处理记录 1633: (121.57254, 31.249625)
2025-07-12 01:16:53,245 - INFO - 📈 进度: 1136/3473 (32.7%)
2025-07-12 01:16:54,221 - INFO - ✅ API调用成功: 121.550352, 31.156759 -> 浦东新区
2025-07-12 01:16:54,226 - INFO - 🔄 正在处理记录 1634: (121.569171, 31.353763)
2025-07-12 01:16:54,226 - INFO - 📈 进度: 1137/3473 (32.7%)
2025-07-12 01:16:55,283 - INFO - ✅ API调用成功: 121.054188, 31.150322 -> 青浦区
2025-07-12 01:16:55,291 - INFO - 🔄 正在处理记录 1635: (121.377836, 31.255233)
2025-07-12 01:16:55,291 - INFO - 📈 进度: 1138/3473 (32.8%)
2025-07-12 01:16:56,218 - INFO - ✅ API调用成功: 121.216791, 31.255529 -> 青浦区
2025-07-12 01:16:56,222 - INFO - 🔄 正在处理记录 1636: (121.572213, 31.108519)
2025-07-12 01:16:56,223 - INFO - 📈 进度: 1139/3473 (32.8%)
2025-07-12 01:16:57,209 - INFO - ✅ API调用成功: 121.624972, 31.266583 -> 浦东新区
2025-07-12 01:16:57,217 - INFO - 🔄 正在处理记录 1637: (121.453338, 31.218229)
2025-07-12 01:16:57,235 - INFO - ✅ 写入 10 条结果到 /Users/songdingan/Downloads/detect_bus/final_station_ranking_with_district.csv
2025-07-12 01:16:57,235 - INFO - 📈 进度: 1140/3473 (32.8%)
2025-07-12 01:16:58,202 - INFO - ✅ API调用成功: 121.628093, 31.332083 -> 浦东新区
2025-07-12 01:16:58,215 - INFO - 🔄 正在处理记录 1638: (121.390579, 31.628524)
2025-07-12 01:16:58,215 - INFO - 📈 进度: 1141/3473 (32.9%)
2025-07-12 01:16:59,234 - INFO - ✅ API调用成功: 121.52507, 31.21871 -> 浦东新区
2025-07-12 01:16:59,242 - INFO - 🔄 正在处理记录 1639: (121.42304, 31.626872)
2025-07-12 01:16:59,242 - INFO - 📈 进度: 1142/3473 (32.9%)
2025-07-12 01:17:00,248 - INFO - ✅ API调用成功: 121.396635, 31.294291 -> 普陀区
2025-07-12 01:17:00,253 - INFO - 🔄 正在处理记录 1640: (121.429077, 31.633275)
2025-07-12 01:17:00,253 - INFO - 📈 进度: 1143/3473 (32.9%)
2025-07-12 01:17:01,249 - INFO - ✅ API调用成功: 121.509958, 31.193613 -> 浦东新区
2025-07-12 01:17:01,255 - INFO - 🔄 正在处理记录 1641: (121.405037, 31.00416)
2025-07-12 01:17:01,255 - INFO - 📈 进度: 1144/3473 (32.9%)
2025-07-12 01:17:02,253 - INFO - ✅ API调用成功: 121.510451, 31.232965 -> 浦东新区
2025-07-12 01:17:02,257 - INFO - 🔄 正在处理记录 1642: (121.352627, 31.1727)
2025-07-12 01:17:02,257 - INFO - 📈 进度: 1145/3473 (33.0%)
2025-07-12 01:17:03,256 - INFO - ✅ API调用成功: 121.519399, 31.210173 -> 浦东新区
2025-07-12 01:17:03,278 - INFO - 🔄 正在处理记录 1643: (121.549307, 31.181176)
2025-07-12 01:17:03,278 - INFO - 📈 进度: 1146/3473 (33.0%)
2025-07-12 01:17:04,264 - INFO - ✅ API调用成功: 121.429725, 31.268254 -> 普陀区
2025-07-12 01:17:04,268 - INFO - 🔄 正在处理记录 1644: (121.610984, 31.216844)
2025-07-12 01:17:04,268 - INFO - 📈 进度: 1147/3473 (33.0%)
2025-07-12 01:17:05,260 - INFO - ✅ API调用成功: 121.820476, 30.900277 -> 浦东新区
2025-07-12 01:17:05,266 - INFO - 🔄 正在处理记录 1645: (121.221117, 31.388531)
2025-07-12 01:17:05,266 - INFO - 📈 进度: 1148/3473 (33.1%)
2025-07-12 01:17:06,280 - INFO - ✅ API调用成功: 121.191911, 31.155298 -> 青浦区
2025-07-12 01:17:06,286 - INFO - 🔄 正在处理记录 1646: (121.505026, 31.197781)
2025-07-12 01:17:06,287 - INFO - 📈 进度: 1149/3473 (33.1%)
2025-07-12 01:17:07,291 - INFO - ✅ API调用成功: 121.498709, 31.281351 -> 虹口区
2025-07-12 01:17:07,295 - INFO - 🔄 正在处理记录 1647: (121.473324, 31.211589)
2025-07-12 01:17:07,309 - INFO - ✅ 写入 10 条结果到 /Users/songdingan/Downloads/detect_bus/final_station_ranking_with_district.csv
2025-07-12 01:17:07,309 - INFO - 📈 进度: 1150/3473 (33.1%)
2025-07-12 01:17:08,268 - INFO - ✅ API调用成功: 121.491011, 30.913607 -> 奉贤区
2025-07-12 01:17:08,279 - INFO - 🔄 正在处理记录 1648: (121.04528, 31.104526)
2025-07-12 01:17:08,280 - INFO - 📈 进度: 1151/3473 (33.1%)
2025-07-12 01:17:09,269 - INFO - ✅ API调用成功: 121.482482, 30.911777 -> 奉贤区
2025-07-12 01:17:09,276 - INFO - 🔄 正在处理记录 1649: (121.300832, 31.433128)
2025-07-12 01:17:09,276 - INFO - 📈 进度: 1152/3473 (33.2%)
2025-07-12 01:17:10,310 - INFO - ✅ API调用成功: 121.701014, 31.395311 -> 崇明区
2025-07-12 01:17:10,314 - INFO - 🔄 正在处理记录 1650: (121.451578, 31.339363)
2025-07-12 01:17:10,314 - INFO - 📈 进度: 1153/3473 (33.2%)
2025-07-12 01:17:11,320 - INFO - ✅ API调用成功: 121.428389, 30.990047 -> 奉贤区
2025-07-12 01:17:11,327 - INFO - 🔄 正在处理记录 1651: (121.431226, 31.195252)
2025-07-12 01:17:11,327 - INFO - 📈 进度: 1154/3473 (33.2%)
2025-07-12 01:17:12,329 - INFO - ✅ API调用成功: 121.585215, 31.211188 -> 浦东新区
2025-07-12 01:17:12,331 - INFO - 🔄 正在处理记录 1652: (121.184821, 30.831331)
2025-07-12 01:17:12,331 - INFO - 📈 进度: 1155/3473 (33.3%)
2025-07-12 01:17:13,384 - INFO - ✅ API调用成功: 121.65678, 30.918776 -> 奉贤区
2025-07-12 01:17:13,388 - INFO - 🔄 正在处理记录 1653: (121.521895, 31.239114)
2025-07-12 01:17:13,388 - INFO - 📈 进度: 1156/3473 (33.3%)
2025-07-12 01:17:14,305 - INFO - ✅ API调用成功: 121.618986, 30.902927 -> 奉贤区
2025-07-12 01:17:14,309 - INFO - 🔄 正在处理记录 1654: (121.692458, 31.392268)
2025-07-12 01:17:14,309 - INFO - 📈 进度: 1157/3473 (33.3%)
2025-07-12 01:17:15,321 - INFO - ✅ API调用成功: 121.30232, 31.490802 -> 嘉定区
2025-07-12 01:17:15,333 - INFO - 🔄 正在处理记录 1655: (121.642805, 31.083235)
2025-07-12 01:17:15,333 - INFO - 📈 进度: 1158/3473 (33.3%)
2025-07-12 01:17:16,478 - INFO - ✅ API调用成功: 121.276347, 31.401898 -> 嘉定区
2025-07-12 01:17:16,484 - INFO - 🔄 正在处理记录 1656: (121.46907, 31.306374)
2025-07-12 01:17:16,485 - INFO - 📈 进度: 1159/3473 (33.4%)
2025-07-12 01:17:17,347 - INFO - ✅ API调用成功: 121.202262, 31.333131 -> 嘉定区
2025-07-12 01:17:17,350 - INFO - 🔄 正在处理记录 1657: (121.396635, 31.294291)
2025-07-12 01:17:17,361 - INFO - ✅ 写入 10 条结果到 /Users/songdingan/Downloads/detect_bus/final_station_ranking_with_district.csv
2025-07-12 01:17:17,361 - INFO - 📈 进度: 1160/3473 (33.4%)
2025-07-12 01:17:18,342 - INFO - ✅ API调用成功: 121.534019, 31.046652 -> 闵行区
2025-07-12 01:17:18,366 - INFO - 🔄 正在处理记录 1658: (121.53728, 30.874536)
2025-07-12 01:17:18,366 - INFO - 📈 进度: 1161/3473 (33.4%)
2025-07-12 01:17:19,346 - INFO - ✅ API调用成功: 121.4181, 31.220746 -> 长宁区
2025-07-12 01:17:19,351 - INFO - 🔄 正在处理记录 1659: (121.515312, 31.142948)
2025-07-12 01:17:19,351 - INFO - 📈 进度: 1162/3473 (33.5%)
2025-07-12 01:17:20,352 - INFO - ✅ API调用成功: 121.421736, 31.220714 -> 长宁区
2025-07-12 01:17:20,356 - INFO - 🔄 正在处理记录 1660: (121.419752, 31.180499)
2025-07-12 01:17:20,357 - INFO - 📈 进度: 1163/3473 (33.5%)
2025-07-12 01:17:21,331 - INFO - ✅ API调用成功: 121.537285, 31.261909 -> 杨浦区
2025-07-12 01:17:21,336 - INFO - 🔄 正在处理记录 1661: (121.317965, 31.061377)
2025-07-12 01:17:21,336 - INFO - 📈 进度: 1164/3473 (33.5%)
2025-07-12 01:17:22,363 - INFO - ✅ API调用成功: 121.231853, 31.0144 -> 松江区
2025-07-12 01:17:22,366 - INFO - 🔄 正在处理记录 1662: (121.312484, 31.144002)
2025-07-12 01:17:22,366 - INFO - 📈 进度: 1165/3473 (33.5%)
2025-07-12 01:17:23,347 - INFO - ✅ API调用成功: 121.321056, 31.724551 -> 崇明区
2025-07-12 01:17:23,354 - INFO - 🔄 正在处理记录 1663: (121.556503, 31.238745)
2025-07-12 01:17:23,354 - INFO - 📈 进度: 1166/3473 (33.6%)
2025-07-12 01:17:24,371 - INFO - ✅ API调用成功: 121.342755, 31.694258 -> 崇明区
2025-07-12 01:17:24,377 - INFO - 🔄 正在处理记录 1664: (121.513178, 31.302653)
2025-07-12 01:17:24,377 - INFO - 📈 进度: 1167/3473 (33.6%)
2025-07-12 01:17:25,483 - INFO - ✅ API调用成功: 121.287654, 31.800873 -> 崇明区
2025-07-12 01:17:25,487 - INFO - 🔄 正在处理记录 1665: (121.303172, 31.144984)
2025-07-12 01:17:25,487 - INFO - 📈 进度: 1168/3473 (33.6%)
2025-07-12 01:17:26,355 - INFO - ✅ API调用成功: 121.283368, 31.742427 -> 崇明区
2025-07-12 01:17:26,359 - INFO - 🔄 正在处理记录 1666: (121.534354, 31.307798)
2025-07-12 01:17:26,359 - INFO - 📈 进度: 1169/3473 (33.7%)
2025-07-12 01:17:27,399 - INFO - ✅ API调用成功: 121.35917, 31.681582 -> 崇明区
2025-07-12 01:17:27,403 - INFO - 🔄 正在处理记录 1667: (121.530596, 31.290524)
2025-07-12 01:17:27,418 - INFO - ✅ 写入 10 条结果到 /Users/songdingan/Downloads/detect_bus/final_station_ranking_with_district.csv
2025-07-12 01:17:27,418 - INFO - 📈 进度: 1170/3473 (33.7%)
2025-07-12 01:17:28,544 - INFO - ✅ API调用成功: 121.546833, 31.27819 -> 杨浦区
2025-07-12 01:17:28,549 - INFO - 🔄 正在处理记录 1668: (121.533286, 31.273136)
2025-07-12 01:17:28,549 - INFO - 📈 进度: 1171/3473 (33.7%)
2025-07-12 01:17:29,420 - INFO - ✅ API调用成功: 121.5617, 31.15051 -> 浦东新区
2025-07-12 01:17:29,436 - INFO - 🔄 正在处理记录 1669: (121.459698, 31.216615)
2025-07-12 01:17:29,436 - INFO - 📈 进度: 1172/3473 (33.7%)
2025-07-12 01:17:30,428 - INFO - ✅ API调用成功: 121.648439, 31.160873 -> 浦东新区
2025-07-12 01:17:30,440 - INFO - 🔄 正在处理记录 1670: (121.252382, 31.375687)
2025-07-12 01:17:30,441 - INFO - 📈 进度: 1173/3473 (33.8%)
2025-07-12 01:17:31,424 - INFO - ✅ API调用成功: 121.606026, 31.217391 -> 浦东新区
2025-07-12 01:17:31,429 - INFO - 🔄 正在处理记录 1671: (121.28866, 31.403891)
2025-07-12 01:17:31,429 - INFO - 📈 进度: 1174/3473 (33.8%)
2025-07-12 01:17:32,406 - INFO - ✅ API调用成功: 121.316579, 31.069368 -> 松江区
2025-07-12 01:17:32,408 - INFO - 🔄 正在处理记录 1672: (121.471591, 31.225865)
2025-07-12 01:17:32,408 - INFO - 📈 进度: 1175/3473 (33.8%)
2025-07-12 01:17:33,422 - INFO - ✅ API调用成功: 121.57254, 31.249625 -> 浦东新区
2025-07-12 01:17:33,426 - INFO - 🔄 正在处理记录 1673: (121.277893, 31.170988)
2025-07-12 01:17:33,426 - INFO - 📈 进度: 1176/3473 (33.9%)
2025-07-12 01:17:34,423 - INFO - ✅ API调用成功: 121.569171, 31.353763 -> 浦东新区
2025-07-12 01:17:34,440 - INFO - 🔄 正在处理记录 1674: (121.571112, 31.123843)
2025-07-12 01:17:34,440 - INFO - 📈 进度: 1177/3473 (33.9%)
2025-07-12 01:17:35,452 - INFO - ✅ API调用成功: 121.377836, 31.255233 -> 嘉定区
2025-07-12 01:17:35,458 - INFO - 🔄 正在处理记录 1675: (121.341493, 30.886395)
2025-07-12 01:17:35,458 - INFO - 📈 进度: 1178/3473 (33.9%)
2025-07-12 01:17:36,456 - INFO - ✅ API调用成功: 121.572213, 31.108519 -> 浦东新区
2025-07-12 01:17:36,461 - INFO - 🔄 正在处理记录 1676: (121.321068, 31.076064)
2025-07-12 01:17:36,462 - INFO - 📈 进度: 1179/3473 (33.9%)
2025-07-12 01:17:37,451 - INFO - ✅ API调用成功: 121.453338, 31.218229 -> 徐汇区
2025-07-12 01:17:37,454 - INFO - 🔄 正在处理记录 1677: (121.314181, 31.145579)
2025-07-12 01:17:37,465 - INFO - ✅ 写入 10 条结果到 /Users/songdingan/Downloads/detect_bus/final_station_ranking_with_district.csv
2025-07-12 01:17:37,465 - INFO - 📈 进度: 1180/3473 (34.0%)
2025-07-12 01:17:38,463 - INFO - ✅ API调用成功: 121.390579, 31.628524 -> 崇明区
2025-07-12 01:17:38,467 - INFO - 🔄 正在处理记录 1678: (121.31426, 31.107905)
2025-07-12 01:17:38,467 - INFO - 📈 进度: 1181/3473 (34.0%)
2025-07-12 01:17:39,462 - INFO - ✅ API调用成功: 121.42304, 31.626872 -> 崇明区
2025-07-12 01:17:39,466 - INFO - 🔄 正在处理记录 1679: (121.237085, 31.235067)
2025-07-12 01:17:39,466 - INFO - 📈 进度: 1182/3473 (34.0%)
2025-07-12 01:17:40,485 - INFO - ✅ API调用成功: 121.429077, 31.633275 -> 崇明区
2025-07-12 01:17:40,489 - INFO - 🔄 正在处理记录 1680: (121.620941, 31.325385)
2025-07-12 01:17:40,489 - INFO - 📈 进度: 1183/3473 (34.1%)
2025-07-12 01:17:41,482 - INFO - ✅ API调用成功: 121.405037, 31.00416 -> 闵行区
2025-07-12 01:17:41,486 - INFO - 🔄 正在处理记录 1681: (121.154639, 31.111287)
2025-07-12 01:17:41,486 - INFO - 📈 进度: 1184/3473 (34.1%)
2025-07-12 01:17:42,507 - INFO - ✅ API调用成功: 121.352627, 31.1727 -> 闵行区
2025-07-12 01:17:42,512 - INFO - 🔄 正在处理记录 1682: (121.573842, 31.307724)
2025-07-12 01:17:42,512 - INFO - 📈 进度: 1185/3473 (34.1%)
2025-07-12 01:17:43,500 - INFO - ✅ API调用成功: 121.549307, 31.181176 -> 浦东新区
2025-07-12 01:17:43,509 - INFO - 🔄 正在处理记录 1683: (121.579061, 31.286089)
2025-07-12 01:17:43,509 - INFO - 📈 进度: 1186/3473 (34.1%)
2025-07-12 01:17:44,494 - INFO - ✅ API调用成功: 121.610984, 31.216844 -> 浦东新区
2025-07-12 01:17:44,498 - INFO - 🔄 正在处理记录 1684: (121.704453, 31.155857)
2025-07-12 01:17:44,498 - INFO - 📈 进度: 1187/3473 (34.2%)
2025-07-12 01:17:45,503 - INFO - ✅ API调用成功: 121.221117, 31.388531 -> 嘉定区
2025-07-12 01:17:45,507 - INFO - 🔄 正在处理记录 1685: (121.582458, 31.342116)
2025-07-12 01:17:45,507 - INFO - 📈 进度: 1188/3473 (34.2%)
2025-07-12 01:17:46,513 - INFO - ✅ API调用成功: 121.505026, 31.197781 -> 浦东新区
2025-07-12 01:17:46,528 - INFO - 🔄 正在处理记录 1686: (121.530417, 31.021762)
2025-07-12 01:17:46,528 - INFO - 📈 进度: 1189/3473 (34.2%)
2025-07-12 01:17:47,511 - INFO - ✅ API调用成功: 121.473324, 31.211589 -> 黄浦区
2025-07-12 01:17:47,517 - INFO - 🔄 正在处理记录 1687: (121.51893, 31.285094)
2025-07-12 01:17:47,536 - INFO - ✅ 写入 10 条结果到 /Users/songdingan/Downloads/detect_bus/final_station_ranking_with_district.csv
2025-07-12 01:17:47,536 - INFO - 📈 进度: 1190/3473 (34.3%)
2025-07-12 01:17:48,509 - INFO - ✅ API调用成功: 121.04528, 31.104526 -> 青浦区
2025-07-12 01:17:48,514 - INFO - 🔄 正在处理记录 1688: (121.412115, 31.281413)
2025-07-12 01:17:48,514 - INFO - 📈 进度: 1191/3473 (34.3%)
2025-07-12 01:17:49,534 - INFO - ✅ API调用成功: 121.300832, 31.433128 -> 嘉定区
2025-07-12 01:17:49,539 - INFO - 🔄 正在处理记录 1689: (121.315674, 30.779034)
2025-07-12 01:17:49,539 - INFO - 📈 进度: 1192/3473 (34.3%)
2025-07-12 01:17:50,543 - INFO - ✅ API调用成功: 121.451578, 31.339363 -> 宝山区
2025-07-12 01:17:50,548 - INFO - 🔄 正在处理记录 1690: (121.368807, 31.108276)
2025-07-12 01:17:50,548 - INFO - 📈 进度: 1193/3473 (34.4%)
2025-07-12 01:17:51,517 - INFO - ✅ API调用成功: 121.431226, 31.195252 -> 徐汇区
2025-07-12 01:17:51,521 - INFO - 🔄 正在处理记录 1691: (121.593735, 31.128842)
2025-07-12 01:17:51,521 - INFO - 📈 进度: 1194/3473 (34.4%)
2025-07-12 01:17:52,626 - INFO - ✅ API调用成功: 121.184821, 30.831331 -> 金山区
2025-07-12 01:17:52,632 - INFO - 🔄 正在处理记录 1692: (121.670348, 31.219697)
2025-07-12 01:17:52,632 - INFO - 📈 进度: 1195/3473 (34.4%)
2025-07-12 01:17:53,563 - INFO - ✅ API调用成功: 121.521895, 31.239114 -> 浦东新区
2025-07-12 01:17:53,583 - INFO - 🔄 正在处理记录 1693: (121.424678, 31.207961)
2025-07-12 01:17:53,583 - INFO - 📈 进度: 1196/3473 (34.4%)
2025-07-12 01:17:54,551 - INFO - ✅ API调用成功: 121.692458, 31.392268 -> 崇明区
2025-07-12 01:17:54,557 - INFO - 🔄 正在处理记录 1694: (121.49099, 31.385995)
2025-07-12 01:17:54,557 - INFO - 📈 进度: 1197/3473 (34.5%)
2025-07-12 01:17:55,545 - INFO - ✅ API调用成功: 121.642805, 31.083235 -> 浦东新区
2025-07-12 01:17:55,551 - INFO - 🔄 正在处理记录 1695: (121.572947, 31.085665)
2025-07-12 01:17:55,551 - INFO - 📈 进度: 1198/3473 (34.5%)
2025-07-12 01:17:56,590 - INFO - ✅ API调用成功: 121.46907, 31.306374 -> 静安区
2025-07-12 01:17:56,596 - INFO - 🔄 正在处理记录 1696: (121.754249, 31.050968)
2025-07-12 01:17:56,596 - INFO - 📈 进度: 1199/3473 (34.5%)
2025-07-12 01:17:57,570 - INFO - ✅ API调用成功: 121.396635, 31.294291 -> 普陀区
2025-07-12 01:17:57,589 - INFO - 🔄 正在处理记录 1697: (121.757976, 31.055915)
2025-07-12 01:17:57,599 - INFO - ✅ 写入 10 条结果到 /Users/songdingan/Downloads/detect_bus/final_station_ranking_with_district.csv
2025-07-12 01:17:57,599 - INFO - 📈 进度: 1200/3473 (34.6%)
2025-07-12 01:17:58,621 - INFO - ✅ API调用成功: 121.53728, 30.874536 -> 奉贤区
2025-07-12 01:17:58,629 - INFO - 🔄 正在处理记录 1698: (121.458472, 31.375188)
2025-07-12 01:17:58,629 - INFO - 📈 进度: 1201/3473 (34.6%)
2025-07-12 01:17:59,630 - INFO - ✅ API调用成功: 121.515312, 31.142948 -> 浦东新区
2025-07-12 01:17:59,636 - INFO - 🔄 正在处理记录 1699: (121.596452, 31.036949)
2025-07-12 01:17:59,636 - INFO - 📈 进度: 1202/3473 (34.6%)
2025-07-12 01:18:00,619 - INFO - ✅ API调用成功: 121.419752, 31.180499 -> 徐汇区
2025-07-12 01:18:00,624 - INFO - 🔄 正在处理记录 1700: (121.499765, 31.19446)
2025-07-12 01:18:00,624 - INFO - 📈 进度: 1203/3473 (34.6%)
2025-07-12 01:18:01,604 - INFO - ✅ API调用成功: 121.317965, 31.061377 -> 松江区
2025-07-12 01:18:01,609 - INFO - 🔄 正在处理记录 1701: (121.482803, 31.141879)
2025-07-12 01:18:01,609 - INFO - 📈 进度: 1204/3473 (34.7%)
2025-07-12 01:18:02,573 - INFO - ✅ API调用成功: 121.312484, 31.144002 -> 松江区
2025-07-12 01:18:02,589 - INFO - 🔄 正在处理记录 1702: (121.410877, 31.266948)
2025-07-12 01:18:02,589 - INFO - 📈 进度: 1205/3473 (34.7%)
2025-07-12 01:18:03,624 - INFO - ✅ API调用成功: 121.556503, 31.238745 -> 浦东新区
2025-07-12 01:18:03,630 - INFO - 🔄 正在处理记录 1703: (121.740165, 31.042314)
2025-07-12 01:18:03,630 - INFO - 📈 进度: 1206/3473 (34.7%)
2025-07-12 01:18:04,621 - INFO - ✅ API调用成功: 121.513178, 31.302653 -> 杨浦区
2025-07-12 01:18:04,628 - INFO - 🔄 正在处理记录 1704: (121.303172, 31.144984)
2025-07-12 01:18:04,629 - INFO - 📈 进度: 1207/3473 (34.8%)
2025-07-12 01:18:05,649 - INFO - ✅ API调用成功: 121.303172, 31.144984 -> 松江区
2025-07-12 01:18:05,656 - INFO - 🔄 正在处理记录 1705: (121.469764, 31.221768)
2025-07-12 01:18:05,656 - INFO - 📈 进度: 1208/3473 (34.8%)
2025-07-12 01:18:06,639 - INFO - ✅ API调用成功: 121.534354, 31.307798 -> 杨浦区
2025-07-12 01:18:06,645 - INFO - 🔄 正在处理记录 1706: (121.34943, 31.284835)
2025-07-12 01:18:06,645 - INFO - 📈 进度: 1209/3473 (34.8%)
2025-07-12 01:18:07,650 - INFO - ✅ API调用成功: 121.530596, 31.290524 -> 杨浦区
2025-07-12 01:18:07,655 - INFO - 🔄 正在处理记录 1707: (121.500721, 31.084407)
2025-07-12 01:18:07,669 - INFO - ✅ 写入 10 条结果到 /Users/songdingan/Downloads/detect_bus/final_station_ranking_with_district.csv
2025-07-12 01:18:07,669 - INFO - 📈 进度: 1210/3473 (34.8%)
2025-07-12 01:18:08,661 - INFO - ✅ API调用成功: 121.533286, 31.273136 -> 杨浦区
2025-07-12 01:18:08,681 - INFO - 🔄 正在处理记录 1708: (121.345711, 31.286182)
2025-07-12 01:18:08,681 - INFO - 📈 进度: 1211/3473 (34.9%)
2025-07-12 01:18:09,665 - INFO - ✅ API调用成功: 121.459698, 31.216615 -> 徐汇区
2025-07-12 01:18:09,671 - INFO - 🔄 正在处理记录 1709: (121.555534, 31.244986)
2025-07-12 01:18:09,671 - INFO - 📈 进度: 1212/3473 (34.9%)
2025-07-12 01:18:10,656 - INFO - ✅ API调用成功: 121.252382, 31.375687 -> 嘉定区
2025-07-12 01:18:10,662 - INFO - 🔄 正在处理记录 1710: (121.547644, 31.241106)
2025-07-12 01:18:10,662 - INFO - 📈 进度: 1213/3473 (34.9%)
2025-07-12 01:18:11,645 - INFO - ✅ API调用成功: 121.28866, 31.403891 -> 嘉定区
2025-07-12 01:18:11,651 - INFO - 🔄 正在处理记录 1711: (121.218911, 31.384319)
2025-07-12 01:18:11,651 - INFO - 📈 进度: 1214/3473 (35.0%)
2025-07-12 01:18:12,702 - INFO - ✅ API调用成功: 121.471591, 31.225865 -> 黄浦区
2025-07-12 01:18:12,707 - INFO - 🔄 正在处理记录 1712: (121.591494, 31.265541)
2025-07-12 01:18:12,707 - INFO - 📈 进度: 1215/3473 (35.0%)
2025-07-12 01:18:13,698 - INFO - ✅ API调用成功: 121.277893, 31.170988 -> 青浦区
2025-07-12 01:18:13,717 - INFO - 🔄 正在处理记录 1713: (121.465665, 30.912156)
2025-07-12 01:18:13,717 - INFO - 📈 进度: 1216/3473 (35.0%)
2025-07-12 01:18:14,708 - INFO - ✅ API调用成功: 121.571112, 31.123843 -> 浦东新区
2025-07-12 01:18:14,711 - INFO - 🔄 正在处理记录 1714: (121.532162, 31.043565)
2025-07-12 01:18:14,711 - INFO - 📈 进度: 1217/3473 (35.0%)
2025-07-12 01:18:15,698 - INFO - ✅ API调用成功: 121.341493, 30.886395 -> 金山区
2025-07-12 01:18:15,703 - INFO - 🔄 正在处理记录 1715: (121.257815, 31.114134)
2025-07-12 01:18:15,703 - INFO - 📈 进度: 1218/3473 (35.1%)
2025-07-12 01:18:17,102 - INFO - ✅ API调用成功: 121.321068, 31.076064 -> 松江区
2025-07-12 01:18:17,106 - INFO - 🔄 正在处理记录 1716: (121.275044, 31.177045)
2025-07-12 01:18:17,106 - INFO - 📈 进度: 1219/3473 (35.1%)
2025-07-12 01:18:17,716 - INFO - ✅ API调用成功: 121.314181, 31.145579 -> 松江区
2025-07-12 01:18:17,737 - INFO - 🔄 正在处理记录 1717: (121.481373, 31.169072)
2025-07-12 01:18:17,747 - INFO - ✅ 写入 10 条结果到 /Users/songdingan/Downloads/detect_bus/final_station_ranking_with_district.csv
2025-07-12 01:18:17,747 - INFO - 📈 进度: 1220/3473 (35.1%)
2025-07-12 01:18:18,899 - INFO - ✅ API调用成功: 121.31426, 31.107905 -> 松江区
2025-07-12 01:18:18,904 - INFO - 🔄 正在处理记录 1718: (121.50236, 31.317796)
2025-07-12 01:18:18,904 - INFO - 📈 进度: 1221/3473 (35.2%)
2025-07-12 01:18:19,736 - INFO - ✅ API调用成功: 121.237085, 31.235067 -> 青浦区
2025-07-12 01:18:19,742 - INFO - 🔄 正在处理记录 1719: (121.382343, 31.190303)
2025-07-12 01:18:19,742 - INFO - 📈 进度: 1222/3473 (35.2%)
2025-07-12 01:18:20,735 - INFO - ✅ API调用成功: 121.620941, 31.325385 -> 浦东新区
2025-07-12 01:18:20,746 - INFO - 🔄 正在处理记录 1720: (121.391795, 31.174163)
2025-07-12 01:18:20,746 - INFO - 📈 进度: 1223/3473 (35.2%)
2025-07-12 01:18:21,720 - INFO - ✅ API调用成功: 121.154639, 31.111287 -> 青浦区
2025-07-12 01:18:21,735 - INFO - 🔄 正在处理记录 1721: (121.605021, 31.269438)
2025-07-12 01:18:21,735 - INFO - 📈 进度: 1224/3473 (35.2%)
2025-07-12 01:18:22,736 - INFO - ✅ API调用成功: 121.573842, 31.307724 -> 浦东新区
2025-07-12 01:18:22,742 - INFO - 🔄 正在处理记录 1722: (121.609654, 31.269373)
2025-07-12 01:18:22,743 - INFO - 📈 进度: 1225/3473 (35.3%)
2025-07-12 01:18:23,772 - INFO - ✅ API调用成功: 121.579061, 31.286089 -> 浦东新区
2025-07-12 01:18:23,780 - INFO - 🔄 正在处理记录 1723: (121.417595, 31.037979)
2025-07-12 01:18:23,780 - INFO - 📈 进度: 1226/3473 (35.3%)
2025-07-12 01:18:24,732 - INFO - ✅ API调用成功: 121.704453, 31.155857 -> 浦东新区
2025-07-12 01:18:24,737 - INFO - 🔄 正在处理记录 1724: (121.544853, 31.077258)
2025-07-12 01:18:24,737 - INFO - 📈 进度: 1227/3473 (35.3%)
2025-07-12 01:18:25,839 - INFO - ✅ API调用成功: 121.582458, 31.342116 -> 浦东新区
2025-07-12 01:18:25,843 - INFO - 🔄 正在处理记录 1725: (121.373671, 31.044577)
2025-07-12 01:18:25,843 - INFO - 📈 进度: 1228/3473 (35.4%)
2025-07-12 01:18:26,793 - INFO - ✅ API调用成功: 121.530417, 31.021762 -> 闵行区
2025-07-12 01:18:26,797 - INFO - 🔄 正在处理记录 1726: (121.395403, 31.069482)
2025-07-12 01:18:26,797 - INFO - 📈 进度: 1229/3473 (35.4%)
2025-07-12 01:18:27,785 - INFO - ✅ API调用成功: 121.51893, 31.285094 -> 杨浦区
2025-07-12 01:18:27,791 - INFO - 🔄 正在处理记录 1727: (121.583232, 31.336799)
2025-07-12 01:18:27,810 - INFO - ✅ 写入 10 条结果到 /Users/songdingan/Downloads/detect_bus/final_station_ranking_with_district.csv
2025-07-12 01:18:27,810 - INFO - 📈 进度: 1230/3473 (35.4%)
2025-07-12 01:18:28,945 - INFO - ✅ API调用成功: 121.412115, 31.281413 -> 普陀区
2025-07-12 01:18:28,949 - INFO - 🔄 正在处理记录 1728: (121.474853, 31.199999)
2025-07-12 01:18:28,949 - INFO - 📈 进度: 1231/3473 (35.4%)
2025-07-12 01:18:29,778 - INFO - ✅ API调用成功: 121.315674, 30.779034 -> 金山区
2025-07-12 01:18:29,782 - INFO - 🔄 正在处理记录 1729: (121.35818, 31.151247)
2025-07-12 01:18:29,782 - INFO - 📈 进度: 1232/3473 (35.5%)
2025-07-12 01:18:30,815 - INFO - ✅ API调用成功: 121.368807, 31.108276 -> 闵行区
2025-07-12 01:18:30,831 - INFO - 🔄 正在处理记录 1730: (121.353471, 31.158484)
2025-07-12 01:18:30,831 - INFO - 📈 进度: 1233/3473 (35.5%)
2025-07-12 01:18:31,792 - INFO - ✅ API调用成功: 121.593735, 31.128842 -> 浦东新区
2025-07-12 01:18:31,799 - INFO - 🔄 正在处理记录 1731: (121.388775, 30.904938)
2025-07-12 01:18:31,799 - INFO - 📈 进度: 1234/3473 (35.5%)
2025-07-12 01:18:32,809 - INFO - ✅ API调用成功: 121.670348, 31.219697 -> 浦东新区
2025-07-12 01:18:32,816 - INFO - 🔄 正在处理记录 1732: (121.65678, 30.918776)
2025-07-12 01:18:32,816 - INFO - 📈 进度: 1235/3473 (35.6%)
2025-07-12 01:18:33,799 - INFO - ✅ API调用成功: 121.424678, 31.207961 -> 长宁区
2025-07-12 01:18:33,805 - INFO - 🔄 正在处理记录 1733: (121.464362, 31.044321)
2025-07-12 01:18:33,805 - INFO - 📈 进度: 1236/3473 (35.6%)
2025-07-12 01:18:34,822 - INFO - ✅ API调用成功: 121.49099, 31.385995 -> 宝山区
2025-07-12 01:18:34,829 - INFO - 🔄 正在处理记录 1734: (121.624972, 31.266583)
2025-07-12 01:18:34,829 - INFO - 📈 进度: 1237/3473 (35.6%)
2025-07-12 01:18:35,815 - INFO - ✅ API调用成功: 121.572947, 31.085665 -> 闵行区
2025-07-12 01:18:35,821 - INFO - 🔄 正在处理记录 1735: (121.595213, 31.131694)
2025-07-12 01:18:35,821 - INFO - 📈 进度: 1238/3473 (35.6%)
2025-07-12 01:18:36,818 - INFO - ✅ API调用成功: 121.754249, 31.050968 -> 浦东新区
2025-07-12 01:18:36,832 - INFO - 🔄 正在处理记录 1736: (121.472, 31.128506)
2025-07-12 01:18:36,832 - INFO - 📈 进度: 1239/3473 (35.7%)
2025-07-12 01:18:37,850 - INFO - ✅ API调用成功: 121.757976, 31.055915 -> 浦东新区
2025-07-12 01:18:37,855 - INFO - 🔄 正在处理记录 1737: (121.611927, 31.132585)
2025-07-12 01:18:37,866 - INFO - ✅ 写入 10 条结果到 /Users/songdingan/Downloads/detect_bus/final_station_ranking_with_district.csv
2025-07-12 01:18:37,866 - INFO - 📈 进度: 1240/3473 (35.7%)
2025-07-12 01:18:38,838 - INFO - ✅ API调用成功: 121.458472, 31.375188 -> 宝山区
2025-07-12 01:18:38,843 - INFO - 🔄 正在处理记录 1738: (121.368585, 31.034642)
2025-07-12 01:18:38,844 - INFO - 📈 进度: 1241/3473 (35.7%)
2025-07-12 01:18:39,840 - INFO - ✅ API调用成功: 121.596452, 31.036949 -> 浦东新区
2025-07-12 01:18:39,845 - INFO - 🔄 正在处理记录 1739: (121.585371, 31.271911)
2025-07-12 01:18:39,845 - INFO - 📈 进度: 1242/3473 (35.8%)
2025-07-12 01:18:40,849 - INFO - ✅ API调用成功: 121.499765, 31.19446 -> 浦东新区
2025-07-12 01:18:40,853 - INFO - 🔄 正在处理记录 1740: (121.537418, 31.246691)
2025-07-12 01:18:40,853 - INFO - 📈 进度: 1243/3473 (35.8%)
2025-07-12 01:18:41,847 - INFO - ✅ API调用成功: 121.482803, 31.141879 -> 浦东新区
2025-07-12 01:18:41,851 - INFO - 🔄 正在处理记录 1741: (121.499959, 31.252782)
2025-07-12 01:18:41,852 - INFO - 📈 进度: 1244/3473 (35.8%)
2025-07-12 01:18:42,849 - INFO - ✅ API调用成功: 121.410877, 31.266948 -> 普陀区
2025-07-12 01:18:42,854 - INFO - 🔄 正在处理记录 1742: (121.486062, 31.282795)
2025-07-12 01:18:42,854 - INFO - 📈 进度: 1245/3473 (35.8%)
2025-07-12 01:18:43,896 - INFO - ✅ API调用成功: 121.740165, 31.042314 -> 浦东新区
2025-07-12 01:18:43,901 - INFO - 🔄 正在处理记录 1743: (121.525203, 30.965014)
2025-07-12 01:18:43,902 - INFO - 📈 进度: 1246/3473 (35.9%)
2025-07-12 01:18:44,866 - INFO - ✅ API调用成功: 121.303172, 31.144984 -> 松江区
2025-07-12 01:18:44,871 - INFO - 🔄 正在处理记录 1744: (121.593123, 30.98598)
2025-07-12 01:18:44,871 - INFO - 📈 进度: 1247/3473 (35.9%)
2025-07-12 01:18:45,894 - INFO - ✅ API调用成功: 121.469764, 31.221768 -> 黄浦区
2025-07-12 01:18:45,902 - INFO - 🔄 正在处理记录 1745: (121.159055, 31.292145)
2025-07-12 01:18:45,902 - INFO - 📈 进度: 1248/3473 (35.9%)
2025-07-12 01:18:46,893 - INFO - ✅ API调用成功: 121.34943, 31.284835 -> 普陀区
2025-07-12 01:18:46,899 - INFO - 🔄 正在处理记录 1746: (121.594836, 31.008107)
2025-07-12 01:18:46,899 - INFO - 📈 进度: 1249/3473 (36.0%)
2025-07-12 01:18:47,928 - INFO - ✅ API调用成功: 121.500721, 31.084407 -> 闵行区
2025-07-12 01:18:47,942 - INFO - 🔄 正在处理记录 1747: (121.612522, 31.256554)
2025-07-12 01:18:47,961 - INFO - ✅ 写入 10 条结果到 /Users/songdingan/Downloads/detect_bus/final_station_ranking_with_district.csv
2025-07-12 01:18:47,961 - INFO - 📈 进度: 1250/3473 (36.0%)
2025-07-12 01:18:48,941 - INFO - ✅ API调用成功: 121.345711, 31.286182 -> 普陀区
2025-07-12 01:18:48,948 - INFO - 🔄 正在处理记录 1748: (121.479038, 31.349029)
2025-07-12 01:18:48,948 - INFO - 📈 进度: 1251/3473 (36.0%)
2025-07-12 01:18:49,908 - INFO - ✅ API调用成功: 121.555534, 31.244986 -> 浦东新区
2025-07-12 01:18:49,914 - INFO - 🔄 正在处理记录 1749: (121.387572, 31.620198)
2025-07-12 01:18:49,915 - INFO - 📈 进度: 1252/3473 (36.0%)
2025-07-12 01:18:50,922 - INFO - ✅ API调用成功: 121.547644, 31.241106 -> 浦东新区
2025-07-12 01:18:50,929 - INFO - 🔄 正在处理记录 1750: (121.318151, 31.488053)
2025-07-12 01:18:50,929 - INFO - 📈 进度: 1253/3473 (36.1%)
2025-07-12 01:18:51,934 - INFO - ✅ API调用成功: 121.218911, 31.384319 -> 嘉定区
2025-07-12 01:18:51,938 - INFO - 🔄 正在处理记录 1751: (121.263245, 31.09467)
2025-07-12 01:18:51,938 - INFO - 📈 进度: 1254/3473 (36.1%)
2025-07-12 01:18:53,027 - INFO - ✅ API调用成功: 121.591494, 31.265541 -> 浦东新区
2025-07-12 01:18:53,034 - INFO - 🔄 正在处理记录 1752: (121.26557, 31.090516)
2025-07-12 01:18:53,034 - INFO - 📈 进度: 1255/3473 (36.1%)
2025-07-12 01:18:54,020 - INFO - ✅ API调用成功: 121.465665, 30.912156 -> 奉贤区
2025-07-12 01:18:54,025 - INFO - 🔄 正在处理记录 1753: (121.496778, 31.122514)
2025-07-12 01:18:54,025 - INFO - 📈 进度: 1256/3473 (36.2%)
2025-07-12 01:18:54,946 - INFO - ✅ API调用成功: 121.532162, 31.043565 -> 闵行区
2025-07-12 01:18:54,962 - INFO - 🔄 正在处理记录 1754: (121.363764, 31.191797)
2025-07-12 01:18:54,962 - INFO - 📈 进度: 1257/3473 (36.2%)
2025-07-12 01:18:55,943 - INFO - ✅ API调用成功: 121.257815, 31.114134 -> 松江区
2025-07-12 01:18:55,950 - INFO - 🔄 正在处理记录 1755: (121.224518, 30.985067)
2025-07-12 01:18:55,950 - INFO - 📈 进度: 1258/3473 (36.2%)
2025-07-12 01:18:56,996 - INFO - ✅ API调用成功: 121.275044, 31.177045 -> 青浦区
2025-07-12 01:18:57,003 - INFO - 🔄 正在处理记录 1756: (121.358501, 31.028453)
2025-07-12 01:18:57,003 - INFO - 📈 进度: 1259/3473 (36.3%)
2025-07-12 01:18:57,962 - INFO - ✅ API调用成功: 121.481373, 31.169072 -> 浦东新区
2025-07-12 01:18:57,970 - INFO - 🔄 正在处理记录 1757: (121.511868, 31.20124)
2025-07-12 01:18:57,989 - INFO - ✅ 写入 10 条结果到 /Users/songdingan/Downloads/detect_bus/final_station_ranking_with_district.csv
2025-07-12 01:18:57,989 - INFO - 📈 进度: 1260/3473 (36.3%)
2025-07-12 01:18:58,977 - INFO - ✅ API调用成功: 121.50236, 31.317796 -> 宝山区
2025-07-12 01:18:58,982 - INFO - 🔄 正在处理记录 1758: (121.359749, 30.727891)
2025-07-12 01:18:58,982 - INFO - 📈 进度: 1261/3473 (36.3%)
2025-07-12 01:18:59,979 - INFO - ✅ API调用成功: 121.382343, 31.190303 -> 闵行区
2025-07-12 01:18:59,987 - INFO - 🔄 正在处理记录 1759: (121.531076, 31.170344)
2025-07-12 01:18:59,987 - INFO - 📈 进度: 1262/3473 (36.3%)
2025-07-12 01:19:01,026 - INFO - ✅ API调用成功: 121.391795, 31.174163 -> 闵行区
2025-07-12 01:19:01,039 - INFO - 🔄 正在处理记录 1760: (121.53006, 31.160616)
2025-07-12 01:19:01,040 - INFO - 📈 进度: 1263/3473 (36.4%)
2025-07-12 01:19:01,988 - INFO - ✅ API调用成功: 121.605021, 31.269438 -> 浦东新区
2025-07-12 01:19:01,995 - INFO - 🔄 正在处理记录 1761: (121.673887, 30.926119)
2025-07-12 01:19:01,995 - INFO - 📈 进度: 1264/3473 (36.4%)
2025-07-12 01:19:02,972 - INFO - ✅ API调用成功: 121.609654, 31.269373 -> 浦东新区
2025-07-12 01:19:02,975 - INFO - 🔄 正在处理记录 1762: (121.494812, 31.120616)
2025-07-12 01:19:02,976 - INFO - 📈 进度: 1265/3473 (36.4%)
2025-07-12 01:19:03,980 - INFO - ✅ API调用成功: 121.417595, 31.037979 -> 闵行区
2025-07-12 01:19:03,984 - INFO - 🔄 正在处理记录 1763: (121.590862, 31.191837)
2025-07-12 01:19:03,984 - INFO - 📈 进度: 1266/3473 (36.5%)
2025-07-12 01:19:04,992 - INFO - ✅ API调用成功: 121.544853, 31.077258 -> 闵行区
2025-07-12 01:19:04,997 - INFO - 🔄 正在处理记录 1764: (121.422759, 31.682069)
2025-07-12 01:19:04,997 - INFO - 📈 进度: 1267/3473 (36.5%)
2025-07-12 01:19:05,993 - INFO - ✅ API调用成功: 121.373671, 31.044577 -> 闵行区
2025-07-12 01:19:05,998 - INFO - 🔄 正在处理记录 1765: (121.427069, 31.352067)
2025-07-12 01:19:05,998 - INFO - 📈 进度: 1268/3473 (36.5%)
2025-07-12 01:19:06,999 - INFO - ✅ API调用成功: 121.395403, 31.069482 -> 闵行区
2025-07-12 01:19:07,004 - INFO - 🔄 正在处理记录 1766: (121.254231, 31.345565)
2025-07-12 01:19:07,005 - INFO - 📈 进度: 1269/3473 (36.5%)
2025-07-12 01:19:08,020 - INFO - ✅ API调用成功: 121.583232, 31.336799 -> 浦东新区
2025-07-12 01:19:08,026 - INFO - 🔄 正在处理记录 1767: (121.686245, 31.260028)
2025-07-12 01:19:08,043 - INFO - ✅ 写入 10 条结果到 /Users/songdingan/Downloads/detect_bus/final_station_ranking_with_district.csv
2025-07-12 01:19:08,043 - INFO - 📈 进度: 1270/3473 (36.6%)
2025-07-12 01:19:09,033 - INFO - ✅ API调用成功: 121.474853, 31.199999 -> 徐汇区
2025-07-12 01:19:09,038 - INFO - 🔄 正在处理记录 1768: (121.626857, 31.175505)
2025-07-12 01:19:09,038 - INFO - 📈 进度: 1271/3473 (36.6%)
2025-07-12 01:19:10,060 - INFO - ✅ API调用成功: 121.35818, 31.151247 -> 闵行区
2025-07-12 01:19:10,066 - INFO - 🔄 正在处理记录 1769: (121.640013, 31.161934)
2025-07-12 01:19:10,067 - INFO - 📈 进度: 1272/3473 (36.6%)
2025-07-12 01:19:11,068 - INFO - ✅ API调用成功: 121.353471, 31.158484 -> 闵行区
2025-07-12 01:19:11,072 - INFO - 🔄 正在处理记录 1770: (121.412913, 31.172737)
2025-07-12 01:19:11,072 - INFO - 📈 进度: 1273/3473 (36.7%)
2025-07-12 01:19:12,052 - INFO - ✅ API调用成功: 121.388775, 30.904938 -> 奉贤区
2025-07-12 01:19:12,070 - INFO - 🔄 正在处理记录 1771: (121.630234, 31.307446)
2025-07-12 01:19:12,070 - INFO - 📈 进度: 1274/3473 (36.7%)
2025-07-12 01:19:13,068 - INFO - ✅ API调用成功: 121.65678, 30.918776 -> 奉贤区
2025-07-12 01:19:13,077 - INFO - 🔄 正在处理记录 1772: (121.630352, 31.315314)
2025-07-12 01:19:13,077 - INFO - 📈 进度: 1275/3473 (36.7%)
2025-07-12 01:19:14,058 - INFO - ✅ API调用成功: 121.464362, 31.044321 -> 闵行区
2025-07-12 01:19:14,067 - INFO - 🔄 正在处理记录 1773: (121.612723, 31.295601)
2025-07-12 01:19:14,067 - INFO - 📈 进度: 1276/3473 (36.7%)
2025-07-12 01:19:15,063 - INFO - ✅ API调用成功: 121.624972, 31.266583 -> 浦东新区
2025-07-12 01:19:15,066 - INFO - 🔄 正在处理记录 1774: (121.434478, 31.091054)
2025-07-12 01:19:15,066 - INFO - 📈 进度: 1277/3473 (36.8%)
2025-07-12 01:19:16,056 - INFO - ✅ API调用成功: 121.595213, 31.131694 -> 浦东新区
2025-07-12 01:19:16,060 - INFO - 🔄 正在处理记录 1775: (121.385635, 31.176102)
2025-07-12 01:19:16,060 - INFO - 📈 进度: 1278/3473 (36.8%)
2025-07-12 01:19:17,079 - INFO - ✅ API调用成功: 121.472, 31.128506 -> 徐汇区
2025-07-12 01:19:17,083 - INFO - 🔄 正在处理记录 1776: (121.416583, 31.083002)
2025-07-12 01:19:17,083 - INFO - 📈 进度: 1279/3473 (36.8%)
2025-07-12 01:19:18,087 - INFO - ✅ API调用成功: 121.611927, 31.132585 -> 浦东新区
2025-07-12 01:19:18,091 - INFO - 🔄 正在处理记录 1777: (121.450841, 31.121815)
2025-07-12 01:19:18,109 - INFO - ✅ 写入 10 条结果到 /Users/songdingan/Downloads/detect_bus/final_station_ranking_with_district.csv
2025-07-12 01:19:18,109 - INFO - 📈 进度: 1280/3473 (36.9%)
2025-07-12 01:19:19,249 - INFO - ✅ API调用成功: 121.368585, 31.034642 -> 闵行区
2025-07-12 01:19:19,254 - INFO - 🔄 正在处理记录 1778: (121.450841, 31.121815)
2025-07-12 01:19:19,254 - INFO - 📈 进度: 1281/3473 (36.9%)
2025-07-12 01:19:20,097 - INFO - ✅ API调用成功: 121.585371, 31.271911 -> 浦东新区
2025-07-12 01:19:20,102 - INFO - 🔄 正在处理记录 1779: (121.390863, 31.193873)
2025-07-12 01:19:20,102 - INFO - 📈 进度: 1282/3473 (36.9%)
2025-07-12 01:19:21,077 - INFO - ✅ API调用成功: 121.537418, 31.246691 -> 浦东新区
2025-07-12 01:19:21,081 - INFO - 🔄 正在处理记录 1780: (121.535874, 31.355535)
2025-07-12 01:19:21,081 - INFO - 📈 进度: 1283/3473 (36.9%)
2025-07-12 01:19:22,103 - INFO - ✅ API调用成功: 121.499959, 31.252782 -> 虹口区
2025-07-12 01:19:22,109 - INFO - 🔄 正在处理记录 1781: (121.313449, 30.960268)
2025-07-12 01:19:22,109 - INFO - 📈 进度: 1284/3473 (37.0%)
2025-07-12 01:19:23,115 - INFO - ✅ API调用成功: 121.486062, 31.282795 -> 虹口区
2025-07-12 01:19:23,119 - INFO - 🔄 正在处理记录 1782: (121.182021, 31.04419)
2025-07-12 01:19:23,119 - INFO - 📈 进度: 1285/3473 (37.0%)
2025-07-12 01:19:24,100 - INFO - ✅ API调用成功: 121.525203, 30.965014 -> 奉贤区
2025-07-12 01:19:24,104 - INFO - 🔄 正在处理记录 1783: (121.240621, 31.384857)
2025-07-12 01:19:24,104 - INFO - 📈 进度: 1286/3473 (37.0%)
2025-07-12 01:19:25,127 - INFO - ✅ API调用成功: 121.593123, 30.98598 -> 奉贤区
2025-07-12 01:19:25,132 - INFO - 🔄 正在处理记录 1784: (121.216457, 31.383341)
2025-07-12 01:19:25,132 - INFO - 📈 进度: 1287/3473 (37.1%)
2025-07-12 01:19:26,151 - INFO - ✅ API调用成功: 121.159055, 31.292145 -> 昆山市
2025-07-12 01:19:26,158 - INFO - 🔄 正在处理记录 1785: (121.208482, 31.333861)
2025-07-12 01:19:26,158 - INFO - 📈 进度: 1288/3473 (37.1%)
2025-07-12 01:19:27,109 - INFO - ✅ API调用成功: 121.594836, 31.008107 -> 浦东新区
2025-07-12 01:19:27,115 - INFO - 🔄 正在处理记录 1786: (121.440361, 31.091577)
2025-07-12 01:19:27,115 - INFO - 📈 进度: 1289/3473 (37.1%)
2025-07-12 01:19:28,161 - INFO - ✅ API调用成功: 121.612522, 31.256554 -> 浦东新区
2025-07-12 01:19:28,180 - INFO - 🔄 正在处理记录 1787: (121.241397, 31.37199)
2025-07-12 01:19:28,215 - INFO - ✅ 写入 10 条结果到 /Users/songdingan/Downloads/detect_bus/final_station_ranking_with_district.csv
2025-07-12 01:19:28,215 - INFO - 📈 进度: 1290/3473 (37.1%)
2025-07-12 01:19:29,145 - INFO - ✅ API调用成功: 121.479038, 31.349029 -> 宝山区
2025-07-12 01:19:29,152 - INFO - 🔄 正在处理记录 1788: (121.324111, 31.265333)
2025-07-12 01:19:29,152 - INFO - 📈 进度: 1291/3473 (37.2%)
2025-07-12 01:19:30,153 - INFO - ✅ API调用成功: 121.387572, 31.620198 -> 崇明区
2025-07-12 01:19:30,168 - INFO - 🔄 正在处理记录 1789: (121.322954, 31.271883)
2025-07-12 01:19:30,168 - INFO - 📈 进度: 1292/3473 (37.2%)
2025-07-12 01:19:31,176 - INFO - ✅ API调用成功: 121.318151, 31.488053 -> 嘉定区
2025-07-12 01:19:31,182 - INFO - 🔄 正在处理记录 1790: (121.509854, 31.234105)
2025-07-12 01:19:31,183 - INFO - 📈 进度: 1293/3473 (37.2%)
2025-07-12 01:19:32,201 - INFO - ✅ API调用成功: 121.263245, 31.09467 -> 松江区
2025-07-12 01:19:32,210 - INFO - 🔄 正在处理记录 1791: (121.201771, 31.123108)
2025-07-12 01:19:32,210 - INFO - 📈 进度: 1294/3473 (37.3%)
2025-07-12 01:19:33,191 - INFO - ✅ API调用成功: 121.26557, 31.090516 -> 松江区
2025-07-12 01:19:33,198 - INFO - 🔄 正在处理记录 1792: (121.720368, 31.264084)
2025-07-12 01:19:33,198 - INFO - 📈 进度: 1295/3473 (37.3%)
2025-07-12 01:19:34,193 - INFO - ✅ API调用成功: 121.496778, 31.122514 -> 闵行区
2025-07-12 01:19:34,198 - INFO - 🔄 正在处理记录 1793: (121.561553, 30.863362)
2025-07-12 01:19:34,198 - INFO - 📈 进度: 1296/3473 (37.3%)
2025-07-12 01:19:35,207 - INFO - ✅ API调用成功: 121.363764, 31.191797 -> 长宁区
2025-07-12 01:19:35,229 - INFO - 🔄 正在处理记录 1794: (121.561553, 30.863362)
2025-07-12 01:19:35,229 - INFO - 📈 进度: 1297/3473 (37.3%)
2025-07-12 01:19:36,192 - INFO - ✅ API调用成功: 121.224518, 30.985067 -> 松江区
2025-07-12 01:19:36,199 - INFO - 🔄 正在处理记录 1795: (121.26462, 31.345375)
2025-07-12 01:19:36,199 - INFO - 📈 进度: 1298/3473 (37.4%)
2025-07-12 01:19:37,191 - INFO - ✅ API调用成功: 121.358501, 31.028453 -> 闵行区
2025-07-12 01:19:37,197 - INFO - 🔄 正在处理记录 1796: (121.24507, 31.336589)
2025-07-12 01:19:37,197 - INFO - 📈 进度: 1299/3473 (37.4%)
2025-07-12 01:19:38,193 - INFO - ✅ API调用成功: 121.511868, 31.20124 -> 浦东新区
2025-07-12 01:19:38,198 - INFO - 🔄 正在处理记录 1797: (121.587859, 31.087551)
2025-07-12 01:19:38,227 - INFO - ✅ 写入 10 条结果到 /Users/songdingan/Downloads/detect_bus/final_station_ranking_with_district.csv
2025-07-12 01:19:38,227 - INFO - 📈 进度: 1300/3473 (37.4%)
2025-07-12 01:19:39,238 - INFO - ✅ API调用成功: 121.359749, 30.727891 -> 金山区
2025-07-12 01:19:39,242 - INFO - 🔄 正在处理记录 1798: (121.313159, 30.94462)
2025-07-12 01:19:39,244 - INFO - 📈 进度: 1301/3473 (37.5%)
2025-07-12 01:19:40,211 - INFO - ✅ API调用成功: 121.531076, 31.170344 -> 浦东新区
2025-07-12 01:19:40,216 - INFO - 🔄 正在处理记录 1799: (121.068373, 31.114348)
2025-07-12 01:19:40,216 - INFO - 📈 进度: 1302/3473 (37.5%)
2025-07-12 01:19:41,214 - INFO - ✅ API调用成功: 121.53006, 31.160616 -> 浦东新区
2025-07-12 01:19:41,218 - INFO - 🔄 正在处理记录 1800: (121.495857, 31.378336)
2025-07-12 01:19:41,219 - INFO - 📈 进度: 1303/3473 (37.5%)
2025-07-12 01:19:42,235 - INFO - ✅ API调用成功: 121.673887, 30.926119 -> 奉贤区
2025-07-12 01:19:42,239 - INFO - 🔄 正在处理记录 1801: (121.396955, 31.132838)
2025-07-12 01:19:42,239 - INFO - 📈 进度: 1304/3473 (37.5%)
2025-07-12 01:19:43,266 - INFO - ✅ API调用成功: 121.494812, 31.120616 -> 闵行区
2025-07-12 01:19:43,272 - INFO - 🔄 正在处理记录 1802: (121.132478, 31.254722)
2025-07-12 01:19:43,272 - INFO - 📈 进度: 1305/3473 (37.6%)
2025-07-12 01:19:44,266 - INFO - ✅ API调用成功: 121.590862, 31.191837 -> 浦东新区
2025-07-12 01:19:44,271 - INFO - 🔄 正在处理记录 1803: (121.630707, 31.259382)
2025-07-12 01:19:44,272 - INFO - 📈 进度: 1306/3473 (37.6%)
2025-07-12 01:19:45,262 - INFO - ✅ API调用成功: 121.422759, 31.682069 -> 崇明区
2025-07-12 01:19:45,269 - INFO - 🔄 正在处理记录 1804: (121.298855, 31.210021)
2025-07-12 01:19:45,269 - INFO - 📈 进度: 1307/3473 (37.6%)
2025-07-12 01:19:46,256 - INFO - ✅ API调用成功: 121.427069, 31.352067 -> 宝山区
2025-07-12 01:19:46,271 - INFO - 🔄 正在处理记录 1805: (121.208019, 31.222298)
2025-07-12 01:19:46,271 - INFO - 📈 进度: 1308/3473 (37.7%)
2025-07-12 01:19:47,268 - INFO - ✅ API调用成功: 121.254231, 31.345565 -> 嘉定区
2025-07-12 01:19:47,274 - INFO - 🔄 正在处理记录 1806: (121.349076, 31.424962)
2025-07-12 01:19:47,275 - INFO - 📈 进度: 1309/3473 (37.7%)
2025-07-12 01:19:48,277 - INFO - ✅ API调用成功: 121.686245, 31.260028 -> 浦东新区
2025-07-12 01:19:48,284 - INFO - 🔄 正在处理记录 1807: (121.571961, 30.931622)
2025-07-12 01:19:48,303 - INFO - ✅ 写入 10 条结果到 /Users/songdingan/Downloads/detect_bus/final_station_ranking_with_district.csv
2025-07-12 01:19:48,303 - INFO - 📈 进度: 1310/3473 (37.7%)
2025-07-12 01:19:49,278 - INFO - ✅ API调用成功: 121.626857, 31.175505 -> 浦东新区
2025-07-12 01:19:49,283 - INFO - 🔄 正在处理记录 1808: (121.209433, 31.131689)
2025-07-12 01:19:49,283 - INFO - 📈 进度: 1311/3473 (37.7%)
2025-07-12 01:19:50,298 - INFO - ✅ API调用成功: 121.640013, 31.161934 -> 浦东新区
2025-07-12 01:19:50,308 - INFO - 🔄 正在处理记录 1809: (121.775902, 31.051293)
2025-07-12 01:19:50,308 - INFO - 📈 进度: 1312/3473 (37.8%)
2025-07-12 01:19:51,292 - INFO - ✅ API调用成功: 121.412913, 31.172737 -> 徐汇区
2025-07-12 01:19:51,306 - INFO - 🔄 正在处理记录 1810: (121.521159, 31.070968)
2025-07-12 01:19:51,307 - INFO - 📈 进度: 1313/3473 (37.8%)
2025-07-12 01:19:52,304 - INFO - ✅ API调用成功: 121.630234, 31.307446 -> 浦东新区
2025-07-12 01:19:52,308 - INFO - 🔄 正在处理记录 1811: (121.188584, 31.153472)
2025-07-12 01:19:52,308 - INFO - 📈 进度: 1314/3473 (37.8%)
2025-07-12 01:19:53,387 - INFO - ✅ API调用成功: 121.630352, 31.315314 -> 浦东新区
2025-07-12 01:19:53,396 - INFO - 🔄 正在处理记录 1812: (121.484002, 31.33995)
2025-07-12 01:19:53,397 - INFO - 📈 进度: 1315/3473 (37.9%)
2025-07-12 01:19:54,319 - INFO - ✅ API调用成功: 121.612723, 31.295601 -> 浦东新区
2025-07-12 01:19:54,326 - INFO - 🔄 正在处理记录 1813: (121.569657, 31.109601)
2025-07-12 01:19:54,326 - INFO - 📈 进度: 1316/3473 (37.9%)
2025-07-12 01:19:55,320 - INFO - ✅ API调用成功: 121.434478, 31.091054 -> 闵行区
2025-07-12 01:19:55,327 - INFO - 🔄 正在处理记录 1814: (121.400805, 31.170003)
2025-07-12 01:19:55,327 - INFO - 📈 进度: 1317/3473 (37.9%)
2025-07-12 01:19:56,330 - INFO - ✅ API调用成功: 121.385635, 31.176102 -> 闵行区
2025-07-12 01:19:56,348 - INFO - 🔄 正在处理记录 1815: (121.564543, 31.376428)
2025-07-12 01:19:56,349 - INFO - 📈 进度: 1318/3473 (37.9%)
2025-07-12 01:19:57,354 - INFO - ✅ API调用成功: 121.416583, 31.083002 -> 闵行区
2025-07-12 01:19:57,361 - INFO - 🔄 正在处理记录 1816: (121.531099, 31.202272)
2025-07-12 01:19:57,361 - INFO - 📈 进度: 1319/3473 (38.0%)
2025-07-12 01:19:58,370 - INFO - ✅ API调用成功: 121.450841, 31.121815 -> 徐汇区
2025-07-12 01:19:58,376 - INFO - 🔄 正在处理记录 1817: (121.701103, 31.235977)
2025-07-12 01:19:58,396 - INFO - ✅ 写入 10 条结果到 /Users/songdingan/Downloads/detect_bus/final_station_ranking_with_district.csv
2025-07-12 01:19:58,396 - INFO - 📈 进度: 1320/3473 (38.0%)
2025-07-12 01:19:59,340 - INFO - ✅ API调用成功: 121.450841, 31.121815 -> 徐汇区
2025-07-12 01:19:59,346 - INFO - 🔄 正在处理记录 1818: (121.612666, 31.535425)
2025-07-12 01:19:59,347 - INFO - 📈 进度: 1321/3473 (38.0%)
2025-07-12 01:20:00,338 - INFO - ✅ API调用成功: 121.390863, 31.193873 -> 闵行区
2025-07-12 01:20:00,344 - INFO - 🔄 正在处理记录 1819: (121.435406, 30.944033)
2025-07-12 01:20:00,344 - INFO - 📈 进度: 1322/3473 (38.1%)
2025-07-12 01:20:01,338 - INFO - ✅ API调用成功: 121.535874, 31.355535 -> 浦东新区
2025-07-12 01:20:01,343 - INFO - 🔄 正在处理记录 1820: (121.556622, 30.875435)
2025-07-12 01:20:01,343 - INFO - 📈 进度: 1323/3473 (38.1%)
2025-07-12 01:20:02,342 - INFO - ✅ API调用成功: 121.313449, 30.960268 -> 松江区
2025-07-12 01:20:02,360 - INFO - 🔄 正在处理记录 1821: (121.485119, 31.296301)
2025-07-12 01:20:02,360 - INFO - 📈 进度: 1324/3473 (38.1%)
2025-07-12 01:20:03,356 - INFO - ✅ API调用成功: 121.182021, 31.04419 -> 松江区
2025-07-12 01:20:03,363 - INFO - 🔄 正在处理记录 1822: (121.490644, 31.271046)
2025-07-12 01:20:03,363 - INFO - 📈 进度: 1325/3473 (38.2%)
2025-07-12 01:20:04,370 - INFO - ✅ API调用成功: 121.240621, 31.384857 -> 嘉定区
2025-07-12 01:20:04,377 - INFO - 🔄 正在处理记录 1823: (121.484221, 31.261333)
2025-07-12 01:20:04,378 - INFO - 📈 进度: 1326/3473 (38.2%)
2025-07-12 01:20:05,368 - INFO - ✅ API调用成功: 121.216457, 31.383341 -> 嘉定区
2025-07-12 01:20:05,374 - INFO - 🔄 正在处理记录 1824: (121.189602, 31.196743)
2025-07-12 01:20:05,374 - INFO - 📈 进度: 1327/3473 (38.2%)
2025-07-12 01:20:06,386 - INFO - ✅ API调用成功: 121.208482, 31.333861 -> 嘉定区
2025-07-12 01:20:06,392 - INFO - 🔄 正在处理记录 1825: (121.477378, 31.234227)
2025-07-12 01:20:06,393 - INFO - 📈 进度: 1328/3473 (38.2%)
2025-07-12 01:20:07,379 - INFO - ✅ API调用成功: 121.440361, 31.091577 -> 闵行区
2025-07-12 01:20:07,395 - INFO - 🔄 正在处理记录 1826: (121.505037, 31.155016)
2025-07-12 01:20:07,395 - INFO - 📈 进度: 1329/3473 (38.3%)
2025-07-12 01:20:08,396 - INFO - ✅ API调用成功: 121.241397, 31.37199 -> 嘉定区
2025-07-12 01:20:08,401 - INFO - 🔄 正在处理记录 1827: (121.499392, 31.153753)
2025-07-12 01:20:08,421 - INFO - ✅ 写入 10 条结果到 /Users/songdingan/Downloads/detect_bus/final_station_ranking_with_district.csv
2025-07-12 01:20:08,421 - INFO - 📈 进度: 1330/3473 (38.3%)
2025-07-12 01:20:09,403 - INFO - ✅ API调用成功: 121.324111, 31.265333 -> 嘉定区
2025-07-12 01:20:09,409 - INFO - 🔄 正在处理记录 1828: (121.417742, 31.007081)
2025-07-12 01:20:09,409 - INFO - 📈 进度: 1331/3473 (38.3%)
2025-07-12 01:20:10,393 - INFO - ✅ API调用成功: 121.322954, 31.271883 -> 嘉定区
2025-07-12 01:20:10,402 - INFO - 🔄 正在处理记录 1829: (121.044747, 31.117245)
2025-07-12 01:20:10,402 - INFO - 📈 进度: 1332/3473 (38.4%)
2025-07-12 01:20:11,405 - INFO - ✅ API调用成功: 121.509854, 31.234105 -> 浦东新区
2025-07-12 01:20:11,411 - INFO - 🔄 正在处理记录 1830: (121.586343, 31.279112)
2025-07-12 01:20:11,412 - INFO - 📈 进度: 1333/3473 (38.4%)
2025-07-12 01:20:12,413 - INFO - ✅ API调用成功: 121.201771, 31.123108 -> 松江区
2025-07-12 01:20:12,432 - INFO - 🔄 正在处理记录 1831: (121.506813, 31.200647)
2025-07-12 01:20:12,432 - INFO - 📈 进度: 1334/3473 (38.4%)
2025-07-12 01:20:13,407 - INFO - ✅ API调用成功: 121.720368, 31.264084 -> 浦东新区
2025-07-12 01:20:13,412 - INFO - 🔄 正在处理记录 1832: (121.490411, 31.089267)
2025-07-12 01:20:13,412 - INFO - 📈 进度: 1335/3473 (38.4%)
2025-07-12 01:20:14,420 - INFO - ✅ API调用成功: 121.561553, 30.863362 -> 奉贤区
2025-07-12 01:20:14,426 - INFO - 🔄 正在处理记录 1833: (121.26426, 31.23118)
2025-07-12 01:20:14,426 - INFO - 📈 进度: 1336/3473 (38.5%)
2025-07-12 01:20:15,425 - INFO - ✅ API调用成功: 121.561553, 30.863362 -> 奉贤区
2025-07-12 01:20:15,428 - INFO - 🔄 正在处理记录 1834: (121.420907, 30.98235)
2025-07-12 01:20:15,428 - INFO - 📈 进度: 1337/3473 (38.5%)
2025-07-12 01:20:16,451 - INFO - ✅ API调用成功: 121.26462, 31.345375 -> 嘉定区
2025-07-12 01:20:16,457 - INFO - 🔄 正在处理记录 1835: (121.686724, 31.386048)
2025-07-12 01:20:16,458 - INFO - 📈 进度: 1338/3473 (38.5%)
2025-07-12 01:20:17,451 - INFO - ✅ API调用成功: 121.24507, 31.336589 -> 嘉定区
2025-07-12 01:20:17,465 - INFO - 🔄 正在处理记录 1836: (121.229802, 30.935827)
2025-07-12 01:20:17,465 - INFO - 📈 进度: 1339/3473 (38.6%)
2025-07-12 01:20:18,452 - INFO - ✅ API调用成功: 121.587859, 31.087551 -> 浦东新区
2025-07-12 01:20:18,459 - INFO - 🔄 正在处理记录 1837: (121.237561, 30.933326)
2025-07-12 01:20:18,476 - INFO - ✅ 写入 10 条结果到 /Users/songdingan/Downloads/detect_bus/final_station_ranking_with_district.csv
2025-07-12 01:20:18,476 - INFO - 📈 进度: 1340/3473 (38.6%)
2025-07-12 01:20:19,451 - INFO - ✅ API调用成功: 121.313159, 30.94462 -> 松江区
2025-07-12 01:20:19,461 - INFO - 🔄 正在处理记录 1838: (121.4516, 31.188817)
2025-07-12 01:20:19,462 - INFO - 📈 进度: 1341/3473 (38.6%)
2025-07-12 01:20:20,462 - INFO - ✅ API调用成功: 121.068373, 31.114348 -> 青浦区
2025-07-12 01:20:20,467 - INFO - 🔄 正在处理记录 1839: (121.64101, 30.913285)
2025-07-12 01:20:20,467 - INFO - 📈 进度: 1342/3473 (38.6%)
2025-07-12 01:20:21,508 - INFO - ✅ API调用成功: 121.495857, 31.378336 -> 宝山区
2025-07-12 01:20:21,513 - INFO - 🔄 正在处理记录 1840: (121.492368, 31.04856)
2025-07-12 01:20:21,513 - INFO - 📈 进度: 1343/3473 (38.7%)
2025-07-12 01:20:22,491 - INFO - ✅ API调用成功: 121.396955, 31.132838 -> 闵行区
2025-07-12 01:20:22,495 - INFO - 🔄 正在处理记录 1841: (121.521825, 31.065433)
2025-07-12 01:20:22,495 - INFO - 📈 进度: 1344/3473 (38.7%)
2025-07-12 01:20:23,483 - INFO - ✅ API调用成功: 121.132478, 31.254722 -> 青浦区
2025-07-12 01:20:23,489 - INFO - 🔄 正在处理记录 1842: (121.513053, 31.063339)
2025-07-12 01:20:23,490 - INFO - 📈 进度: 1345/3473 (38.7%)
2025-07-12 01:20:24,661 - INFO - ✅ API调用成功: 121.630707, 31.259382 -> 浦东新区
2025-07-12 01:20:24,666 - INFO - 🔄 正在处理记录 1843: (121.005131, 30.88682)
2025-07-12 01:20:24,666 - INFO - 📈 进度: 1346/3473 (38.8%)
2025-07-12 01:20:25,512 - INFO - ✅ API调用成功: 121.298855, 31.210021 -> 闵行区
2025-07-12 01:20:25,517 - INFO - 🔄 正在处理记录 1844: (121.007396, 30.894492)
2025-07-12 01:20:25,517 - INFO - 📈 进度: 1347/3473 (38.8%)
2025-07-12 01:20:26,491 - INFO - ✅ API调用成功: 121.208019, 31.222298 -> 青浦区
2025-07-12 01:20:26,495 - INFO - 🔄 正在处理记录 1845: (121.605679, 31.079407)
2025-07-12 01:20:26,495 - INFO - 📈 进度: 1348/3473 (38.8%)
2025-07-12 01:20:27,540 - INFO - ✅ API调用成功: 121.349076, 31.424962 -> 宝山区
2025-07-12 01:20:27,544 - INFO - 🔄 正在处理记录 1846: (121.444193, 31.174871)
2025-07-12 01:20:27,544 - INFO - 📈 进度: 1349/3473 (38.8%)
2025-07-12 01:20:28,513 - INFO - ✅ API调用成功: 121.571961, 30.931622 -> 奉贤区
2025-07-12 01:20:28,519 - INFO - 🔄 正在处理记录 1847: (121.45474, 31.087483)
2025-07-12 01:20:28,535 - INFO - ✅ 写入 10 条结果到 /Users/songdingan/Downloads/detect_bus/final_station_ranking_with_district.csv
2025-07-12 01:20:28,535 - INFO - 📈 进度: 1350/3473 (38.9%)
2025-07-12 01:20:29,543 - INFO - ✅ API调用成功: 121.209433, 31.131689 -> 松江区
2025-07-12 01:20:29,547 - INFO - 🔄 正在处理记录 1848: (121.689628, 31.187594)
2025-07-12 01:20:29,547 - INFO - 📈 进度: 1351/3473 (38.9%)
2025-07-12 01:20:30,501 - INFO - ✅ API调用成功: 121.775902, 31.051293 -> 浦东新区
2025-07-12 01:20:30,505 - INFO - 🔄 正在处理记录 1849: (121.462032, 31.050184)
2025-07-12 01:20:30,505 - INFO - 📈 进度: 1352/3473 (38.9%)
2025-07-12 01:20:31,545 - INFO - ✅ API调用成功: 121.521159, 31.070968 -> 闵行区
2025-07-12 01:20:31,551 - INFO - 🔄 正在处理记录 1850: (121.218766, 31.28923)
2025-07-12 01:20:31,551 - INFO - 📈 进度: 1353/3473 (39.0%)
2025-07-12 01:20:32,560 - INFO - ✅ API调用成功: 121.188584, 31.153472 -> 青浦区
2025-07-12 01:20:32,565 - INFO - 🔄 正在处理记录 1851: (121.360815, 31.251933)
2025-07-12 01:20:32,565 - INFO - 📈 进度: 1354/3473 (39.0%)
2025-07-12 01:20:33,552 - INFO - ✅ API调用成功: 121.484002, 31.33995 -> 宝山区
2025-07-12 01:20:33,558 - INFO - 🔄 正在处理记录 1852: (121.402585, 31.054755)
2025-07-12 01:20:33,558 - INFO - 📈 进度: 1355/3473 (39.0%)
2025-07-12 01:20:34,570 - INFO - ✅ API调用成功: 121.569657, 31.109601 -> 浦东新区
2025-07-12 01:20:34,588 - INFO - 🔄 正在处理记录 1853: (121.595906, 31.123433)
2025-07-12 01:20:34,588 - INFO - 📈 进度: 1356/3473 (39.0%)
2025-07-12 01:20:35,574 - INFO - ✅ API调用成功: 121.400805, 31.170003 -> 徐汇区
2025-07-12 01:20:35,579 - INFO - 🔄 正在处理记录 1854: (121.623246, 31.194859)
2025-07-12 01:20:35,580 - INFO - 📈 进度: 1357/3473 (39.1%)
2025-07-12 01:20:36,578 - INFO - ✅ API调用成功: 121.564543, 31.376428 -> 浦东新区
2025-07-12 01:20:36,582 - INFO - 🔄 正在处理记录 1855: (121.377357, 31.768962)
2025-07-12 01:20:36,582 - INFO - 📈 进度: 1358/3473 (39.1%)
2025-07-12 01:20:37,562 - INFO - ✅ API调用成功: 121.531099, 31.202272 -> 浦东新区
2025-07-12 01:20:37,567 - INFO - 🔄 正在处理记录 1856: (121.561082, 31.252956)
2025-07-12 01:20:37,567 - INFO - 📈 进度: 1359/3473 (39.1%)
2025-07-12 01:20:38,573 - INFO - ✅ API调用成功: 121.701103, 31.235977 -> 浦东新区
2025-07-12 01:20:38,578 - INFO - 🔄 正在处理记录 1857: (121.24971, 31.012686)
2025-07-12 01:20:38,590 - INFO - ✅ 写入 10 条结果到 /Users/songdingan/Downloads/detect_bus/final_station_ranking_with_district.csv
2025-07-12 01:20:38,590 - INFO - 📈 进度: 1360/3473 (39.2%)
2025-07-12 01:20:39,551 - INFO - ✅ API调用成功: 121.612666, 31.535425 -> 崇明区
2025-07-12 01:20:39,555 - INFO - 🔄 正在处理记录 1858: (121.57863, 31.247339)
2025-07-12 01:20:39,555 - INFO - 📈 进度: 1361/3473 (39.2%)
2025-07-12 01:20:40,564 - INFO - ✅ API调用成功: 121.435406, 30.944033 -> 奉贤区
2025-07-12 01:20:40,569 - INFO - 🔄 正在处理记录 1859: (121.571793, 31.34144)
2025-07-12 01:20:40,569 - INFO - 📈 进度: 1362/3473 (39.2%)
2025-07-12 01:20:41,610 - INFO - ✅ API调用成功: 121.556622, 30.875435 -> 奉贤区
2025-07-12 01:20:41,615 - INFO - 🔄 正在处理记录 1860: (121.332107, 30.719879)
2025-07-12 01:20:41,615 - INFO - 📈 进度: 1363/3473 (39.2%)
2025-07-12 01:20:42,616 - INFO - ✅ API调用成功: 121.485119, 31.296301 -> 虹口区
2025-07-12 01:20:42,619 - INFO - 🔄 正在处理记录 1861: (121.57181, 31.343922)
2025-07-12 01:20:42,619 - INFO - 📈 进度: 1364/3473 (39.3%)
2025-07-12 01:20:43,608 - INFO - ✅ API调用成功: 121.490644, 31.271046 -> 虹口区
2025-07-12 01:20:43,614 - INFO - 🔄 正在处理记录 1862: (121.311127, 31.383072)
2025-07-12 01:20:43,614 - INFO - 📈 进度: 1365/3473 (39.3%)
2025-07-12 01:20:44,611 - INFO - ✅ API调用成功: 121.484221, 31.261333 -> 静安区
2025-07-12 01:20:44,615 - INFO - 🔄 正在处理记录 1863: (121.282721, 31.380101)
2025-07-12 01:20:44,615 - INFO - 📈 进度: 1366/3473 (39.3%)
2025-07-12 01:20:45,677 - INFO - ✅ API调用成功: 121.189602, 31.196743 -> 青浦区
2025-07-12 01:20:45,682 - INFO - 🔄 正在处理记录 1864: (121.449744, 31.234712)
2025-07-12 01:20:45,682 - INFO - 📈 进度: 1367/3473 (39.4%)
2025-07-12 01:20:46,612 - INFO - ✅ API调用成功: 121.477378, 31.234227 -> 黄浦区
2025-07-12 01:20:46,619 - INFO - 🔄 正在处理记录 1865: (121.397467, 31.627745)
2025-07-12 01:20:46,619 - INFO - 📈 进度: 1368/3473 (39.4%)
2025-07-12 01:20:47,645 - INFO - ✅ API调用成功: 121.505037, 31.155016 -> 浦东新区
2025-07-12 01:20:47,662 - INFO - 🔄 正在处理记录 1866: (121.520605, 31.17891)
2025-07-12 01:20:47,662 - INFO - 📈 进度: 1369/3473 (39.4%)
2025-07-12 01:20:48,633 - INFO - ✅ API调用成功: 121.499392, 31.153753 -> 浦东新区
2025-07-12 01:20:48,639 - INFO - 🔄 正在处理记录 1867: (121.614527, 31.217393)
2025-07-12 01:20:48,659 - INFO - ✅ 写入 10 条结果到 /Users/songdingan/Downloads/detect_bus/final_station_ranking_with_district.csv
2025-07-12 01:20:48,659 - INFO - 📈 进度: 1370/3473 (39.4%)
2025-07-12 01:20:49,642 - INFO - ✅ API调用成功: 121.417742, 31.007081 -> 闵行区
2025-07-12 01:20:49,660 - INFO - 🔄 正在处理记录 1868: (121.673748, 31.522432)
2025-07-12 01:20:49,660 - INFO - 📈 进度: 1371/3473 (39.5%)
2025-07-12 01:20:50,665 - INFO - ✅ API调用成功: 121.044747, 31.117245 -> 青浦区
2025-07-12 01:20:50,671 - INFO - 🔄 正在处理记录 1869: (121.507404, 31.236442)
2025-07-12 01:20:50,671 - INFO - 📈 进度: 1372/3473 (39.5%)
2025-07-12 01:20:51,669 - INFO - ✅ API调用成功: 121.586343, 31.279112 -> 浦东新区
2025-07-12 01:20:51,674 - INFO - 🔄 正在处理记录 1870: (121.609456, 31.202262)
2025-07-12 01:20:51,674 - INFO - 📈 进度: 1373/3473 (39.5%)
2025-07-12 01:20:52,637 - INFO - ✅ API调用成功: 121.506813, 31.200647 -> 浦东新区
2025-07-12 01:20:52,639 - INFO - 🔄 正在处理记录 1871: (121.433308, 31.182337)
2025-07-12 01:20:52,639 - INFO - 📈 进度: 1374/3473 (39.6%)
2025-07-12 01:20:53,699 - INFO - ✅ API调用成功: 121.490411, 31.089267 -> 闵行区
2025-07-12 01:20:53,727 - INFO - 🔄 正在处理记录 1872: (121.047813, 31.099467)
2025-07-12 01:20:53,727 - INFO - 📈 进度: 1375/3473 (39.6%)
2025-07-12 01:20:54,670 - INFO - ✅ API调用成功: 121.26426, 31.23118 -> 闵行区
2025-07-12 01:20:54,675 - INFO - 🔄 正在处理记录 1873: (121.453454, 31.268613)
2025-07-12 01:20:54,676 - INFO - 📈 进度: 1376/3473 (39.6%)
2025-07-12 01:20:55,656 - INFO - ✅ API调用成功: 121.420907, 30.98235 -> 奉贤区
2025-07-12 01:20:55,661 - INFO - 🔄 正在处理记录 1874: (121.442915, 31.31943)
2025-07-12 01:20:55,661 - INFO - 📈 进度: 1377/3473 (39.6%)
2025-07-12 01:20:56,659 - INFO - ✅ API调用成功: 121.686724, 31.386048 -> 崇明区
2025-07-12 01:20:56,663 - INFO - 🔄 正在处理记录 1875: (121.432649, 31.34288)
2025-07-12 01:20:56,663 - INFO - 📈 进度: 1378/3473 (39.7%)
2025-07-12 01:20:57,675 - INFO - ✅ API调用成功: 121.229802, 30.935827 -> 松江区
2025-07-12 01:20:57,677 - INFO - 🔄 正在处理记录 1876: (121.518236, 31.236585)
2025-07-12 01:20:57,678 - INFO - 📈 进度: 1379/3473 (39.7%)
2025-07-12 01:20:58,682 - INFO - ✅ API调用成功: 121.237561, 30.933326 -> 金山区
2025-07-12 01:20:58,687 - INFO - 🔄 正在处理记录 1877: (121.713989, 31.155628)
2025-07-12 01:20:58,697 - INFO - ✅ 写入 10 条结果到 /Users/songdingan/Downloads/detect_bus/final_station_ranking_with_district.csv
2025-07-12 01:20:58,698 - INFO - 📈 进度: 1380/3473 (39.7%)
2025-07-12 01:20:59,688 - INFO - ✅ API调用成功: 121.4516, 31.188817 -> 徐汇区
2025-07-12 01:20:59,694 - INFO - 🔄 正在处理记录 1878: (121.385649, 31.156328)
2025-07-12 01:20:59,694 - INFO - 📈 进度: 1381/3473 (39.8%)
2025-07-12 01:21:00,688 - INFO - ✅ API调用成功: 121.64101, 30.913285 -> 奉贤区
2025-07-12 01:21:00,693 - INFO - 🔄 正在处理记录 1879: (121.773923, 31.351433)
2025-07-12 01:21:00,693 - INFO - 📈 进度: 1382/3473 (39.8%)
2025-07-12 01:21:01,696 - INFO - ✅ API调用成功: 121.492368, 31.04856 -> 闵行区
2025-07-12 01:21:01,701 - INFO - 🔄 正在处理记录 1880: (121.500198, 31.105048)
2025-07-12 01:21:01,702 - INFO - 📈 进度: 1383/3473 (39.8%)
2025-07-12 01:21:02,710 - INFO - ✅ API调用成功: 121.521825, 31.065433 -> 闵行区
2025-07-12 01:21:02,713 - INFO - 🔄 正在处理记录 1881: (121.447522, 31.247366)
2025-07-12 01:21:02,713 - INFO - 📈 进度: 1384/3473 (39.9%)
2025-07-12 01:21:03,747 - INFO - ✅ API调用成功: 121.513053, 31.063339 -> 闵行区
2025-07-12 01:21:03,754 - INFO - 🔄 正在处理记录 1882: (121.428798, 31.208093)
2025-07-12 01:21:03,754 - INFO - 📈 进度: 1385/3473 (39.9%)
2025-07-12 01:21:04,806 - INFO - ✅ API调用成功: 121.005131, 30.88682 -> 嘉善县
2025-07-12 01:21:04,812 - INFO - 🔄 正在处理记录 1883: (121.501251, 31.152723)
2025-07-12 01:21:04,812 - INFO - 📈 进度: 1386/3473 (39.9%)
2025-07-12 01:21:05,732 - INFO - ✅ API调用成功: 121.007396, 30.894492 -> 嘉善县
2025-07-12 01:21:05,740 - INFO - 🔄 正在处理记录 1884: (121.496502, 31.393426)
2025-07-12 01:21:05,740 - INFO - 📈 进度: 1387/3473 (39.9%)
2025-07-12 01:21:06,739 - INFO - ✅ API调用成功: 121.605679, 31.079407 -> 浦东新区
2025-07-12 01:21:06,744 - INFO - 🔄 正在处理记录 1885: (121.485658, 31.311387)
2025-07-12 01:21:06,744 - INFO - 📈 进度: 1388/3473 (40.0%)
2025-07-12 01:21:07,745 - INFO - ✅ API调用成功: 121.444193, 31.174871 -> 徐汇区
2025-07-12 01:21:07,749 - INFO - 🔄 正在处理记录 1886: (121.643368, 31.010389)
2025-07-12 01:21:07,749 - INFO - 📈 进度: 1389/3473 (40.0%)
2025-07-12 01:21:08,764 - INFO - ✅ API调用成功: 121.45474, 31.087483 -> 闵行区
2025-07-12 01:21:08,773 - INFO - 🔄 正在处理记录 1887: (121.285523, 31.136965)
2025-07-12 01:21:08,791 - INFO - ✅ 写入 10 条结果到 /Users/songdingan/Downloads/detect_bus/final_station_ranking_with_district.csv
2025-07-12 01:21:08,791 - INFO - 📈 进度: 1390/3473 (40.0%)
2025-07-12 01:21:09,755 - INFO - ✅ API调用成功: 121.689628, 31.187594 -> 浦东新区
2025-07-12 01:21:09,761 - INFO - 🔄 正在处理记录 1888: (121.305195, 31.1365)
2025-07-12 01:21:09,761 - INFO - 📈 进度: 1391/3473 (40.1%)
2025-07-12 01:21:10,761 - INFO - ✅ API调用成功: 121.462032, 31.050184 -> 闵行区
2025-07-12 01:21:10,767 - INFO - 🔄 正在处理记录 1889: (121.795903, 30.865206)
2025-07-12 01:21:10,767 - INFO - 📈 进度: 1392/3473 (40.1%)
2025-07-12 01:21:11,778 - INFO - ✅ API调用成功: 121.218766, 31.28923 -> 嘉定区
2025-07-12 01:21:11,797 - INFO - 🔄 正在处理记录 1890: (121.586746, 31.328984)
2025-07-12 01:21:11,797 - INFO - 📈 进度: 1393/3473 (40.1%)
2025-07-12 01:21:12,775 - INFO - ✅ API调用成功: 121.360815, 31.251933 -> 嘉定区
2025-07-12 01:21:12,779 - INFO - 🔄 正在处理记录 1891: (121.533927, 31.293665)
2025-07-12 01:21:12,780 - INFO - 📈 进度: 1394/3473 (40.1%)
2025-07-12 01:21:13,798 - INFO - ✅ API调用成功: 121.402585, 31.054755 -> 闵行区
2025-07-12 01:21:13,805 - INFO - 🔄 正在处理记录 1892: (121.336232, 31.421019)
2025-07-12 01:21:13,805 - INFO - 📈 进度: 1395/3473 (40.2%)
2025-07-12 01:21:14,788 - INFO - ✅ API调用成功: 121.595906, 31.123433 -> 浦东新区
2025-07-12 01:21:14,794 - INFO - 🔄 正在处理记录 1893: (121.681506, 31.115759)
2025-07-12 01:21:14,795 - INFO - 📈 进度: 1396/3473 (40.2%)
2025-07-12 01:21:15,784 - INFO - ✅ API调用成功: 121.623246, 31.194859 -> 浦东新区
2025-07-12 01:21:15,793 - INFO - 🔄 正在处理记录 1894: (121.452224, 31.124232)
2025-07-12 01:21:15,793 - INFO - 📈 进度: 1397/3473 (40.2%)
2025-07-12 01:21:16,788 - INFO - ✅ API调用成功: 121.377357, 31.768962 -> 崇明区
2025-07-12 01:21:16,796 - INFO - 🔄 正在处理记录 1895: (121.322944, 31.170755)
2025-07-12 01:21:16,796 - INFO - 📈 进度: 1398/3473 (40.3%)
2025-07-12 01:21:17,811 - INFO - ✅ API调用成功: 121.561082, 31.252956 -> 浦东新区
2025-07-12 01:21:17,816 - INFO - 🔄 正在处理记录 1896: (121.589916, 31.079548)
2025-07-12 01:21:17,816 - INFO - 📈 进度: 1399/3473 (40.3%)
2025-07-12 01:21:18,796 - INFO - ✅ API调用成功: 121.24971, 31.012686 -> 松江区
2025-07-12 01:21:18,816 - INFO - 🔄 正在处理记录 1897: (121.32294, 31.221532)
2025-07-12 01:21:18,838 - INFO - ✅ 写入 10 条结果到 /Users/songdingan/Downloads/detect_bus/final_station_ranking_with_district.csv
2025-07-12 01:21:18,838 - INFO - 📈 进度: 1400/3473 (40.3%)
2025-07-12 01:21:19,835 - INFO - ✅ API调用成功: 121.57863, 31.247339 -> 浦东新区
2025-07-12 01:21:19,839 - INFO - 🔄 正在处理记录 1898: (121.572293, 31.110018)
2025-07-12 01:21:19,839 - INFO - 📈 进度: 1401/3473 (40.3%)
2025-07-12 01:21:20,828 - INFO - ✅ API调用成功: 121.571793, 31.34144 -> 浦东新区
2025-07-12 01:21:20,832 - INFO - 🔄 正在处理记录 1899: (121.355966, 31.141638)
2025-07-12 01:21:20,832 - INFO - 📈 进度: 1402/3473 (40.4%)
2025-07-12 01:21:21,823 - INFO - ✅ API调用成功: 121.332107, 30.719879 -> 金山区
2025-07-12 01:21:21,827 - INFO - 🔄 正在处理记录 1900: (121.42272, 31.415375)
2025-07-12 01:21:21,827 - INFO - 📈 进度: 1403/3473 (40.4%)
2025-07-12 01:21:22,826 - INFO - ✅ API调用成功: 121.57181, 31.343922 -> 浦东新区
2025-07-12 01:21:22,830 - INFO - 🔄 正在处理记录 1901: (121.476808, 31.408316)
2025-07-12 01:21:22,830 - INFO - 📈 进度: 1404/3473 (40.4%)
2025-07-12 01:21:23,849 - INFO - ✅ API调用成功: 121.311127, 31.383072 -> 嘉定区
2025-07-12 01:21:23,859 - INFO - 🔄 正在处理记录 1902: (121.401994, 31.219199)
2025-07-12 01:21:23,859 - INFO - 📈 进度: 1405/3473 (40.5%)
2025-07-12 01:21:24,930 - INFO - ✅ API调用成功: 121.282721, 31.380101 -> 嘉定区
2025-07-12 01:21:24,935 - INFO - 🔄 正在处理记录 1903: (121.32115, 31.135306)
2025-07-12 01:21:24,935 - INFO - 📈 进度: 1406/3473 (40.5%)
2025-07-12 01:21:25,888 - INFO - ✅ API调用成功: 121.449744, 31.234712 -> 静安区
2025-07-12 01:21:25,893 - INFO - 🔄 正在处理记录 1904: (121.440594, 31.244055)
2025-07-12 01:21:25,894 - INFO - 📈 进度: 1407/3473 (40.5%)
2025-07-12 01:21:27,047 - INFO - ✅ API调用成功: 121.397467, 31.627745 -> 崇明区
2025-07-12 01:21:27,051 - INFO - 🔄 正在处理记录 1905: (121.248982, 31.227945)
2025-07-12 01:21:27,051 - INFO - 📈 进度: 1408/3473 (40.5%)
2025-07-12 01:21:27,907 - INFO - ✅ API调用成功: 121.520605, 31.17891 -> 浦东新区
2025-07-12 01:21:27,912 - INFO - 🔄 正在处理记录 1906: (121.194773, 31.226678)
2025-07-12 01:21:27,913 - INFO - 📈 进度: 1409/3473 (40.6%)
2025-07-12 01:21:29,045 - INFO - ✅ API调用成功: 121.614527, 31.217393 -> 浦东新区
2025-07-12 01:21:29,052 - INFO - 🔄 正在处理记录 1907: (121.489271, 31.650949)
2025-07-12 01:21:29,069 - INFO - ✅ 写入 10 条结果到 /Users/songdingan/Downloads/detect_bus/final_station_ranking_with_district.csv
2025-07-12 01:21:29,069 - INFO - 📈 进度: 1410/3473 (40.6%)
2025-07-12 01:21:29,872 - INFO - ✅ API调用成功: 121.673748, 31.522432 -> 崇明区
2025-07-12 01:21:29,886 - INFO - 🔄 正在处理记录 1908: (121.702139, 31.18821)
2025-07-12 01:21:29,886 - INFO - 📈 进度: 1411/3473 (40.6%)
2025-07-12 01:21:30,938 - INFO - ✅ API调用成功: 121.507404, 31.236442 -> 浦东新区
2025-07-12 01:21:30,976 - INFO - 🔄 正在处理记录 1909: (121.363099, 31.106943)
2025-07-12 01:21:30,976 - INFO - 📈 进度: 1412/3473 (40.7%)
2025-07-12 01:21:31,922 - INFO - ✅ API调用成功: 121.609456, 31.202262 -> 浦东新区
2025-07-12 01:21:31,928 - INFO - 🔄 正在处理记录 1910: (121.528179, 31.030746)
2025-07-12 01:21:31,928 - INFO - 📈 进度: 1413/3473 (40.7%)
2025-07-12 01:21:32,908 - INFO - ✅ API调用成功: 121.433308, 31.182337 -> 徐汇区
2025-07-12 01:21:32,912 - INFO - 🔄 正在处理记录 1911: (121.601372, 31.113881)
2025-07-12 01:21:32,912 - INFO - 📈 进度: 1414/3473 (40.7%)
2025-07-12 01:21:33,874 - INFO - ✅ API调用成功: 121.047813, 31.099467 -> 青浦区
2025-07-12 01:21:33,878 - INFO - 🔄 正在处理记录 1912: (121.533242, 31.021649)
2025-07-12 01:21:33,879 - INFO - 📈 进度: 1415/3473 (40.7%)
2025-07-12 01:21:34,928 - INFO - ✅ API调用成功: 121.453454, 31.268613 -> 静安区
2025-07-12 01:21:34,933 - INFO - 🔄 正在处理记录 1913: (121.391795, 31.174163)
2025-07-12 01:21:34,933 - INFO - 📈 进度: 1416/3473 (40.8%)
2025-07-12 01:21:35,929 - INFO - ✅ API调用成功: 121.442915, 31.31943 -> 静安区
2025-07-12 01:21:35,936 - INFO - 🔄 正在处理记录 1914: (121.389568, 31.162644)
2025-07-12 01:21:35,936 - INFO - 📈 进度: 1417/3473 (40.8%)
2025-07-12 01:21:36,919 - INFO - ✅ API调用成功: 121.432649, 31.34288 -> 宝山区
2025-07-12 01:21:36,926 - INFO - 🔄 正在处理记录 1915: (121.605624, 31.273092)
2025-07-12 01:21:36,926 - INFO - 📈 进度: 1418/3473 (40.8%)
2025-07-12 01:21:37,951 - INFO - ✅ API调用成功: 121.518236, 31.236585 -> 浦东新区
2025-07-12 01:21:37,955 - INFO - 🔄 正在处理记录 1916: (121.416042, 31.136366)
2025-07-12 01:21:37,955 - INFO - 📈 进度: 1419/3473 (40.9%)
2025-07-12 01:21:38,965 - INFO - ✅ API调用成功: 121.713989, 31.155628 -> 浦东新区
2025-07-12 01:21:38,970 - INFO - 🔄 正在处理记录 1917: (121.282045, 31.147517)
2025-07-12 01:21:38,981 - INFO - ✅ 写入 10 条结果到 /Users/songdingan/Downloads/detect_bus/final_station_ranking_with_district.csv
2025-07-12 01:21:38,981 - INFO - 📈 进度: 1420/3473 (40.9%)
2025-07-12 01:21:39,973 - INFO - ✅ API调用成功: 121.385649, 31.156328 -> 闵行区
2025-07-12 01:21:39,979 - INFO - 🔄 正在处理记录 1918: (121.452783, 30.918788)
2025-07-12 01:21:39,979 - INFO - 📈 进度: 1421/3473 (40.9%)
2025-07-12 01:21:40,936 - INFO - ✅ API调用成功: 121.773923, 31.351433 -> 崇明区
2025-07-12 01:21:40,943 - INFO - 🔄 正在处理记录 1919: (121.445898, 30.917696)
2025-07-12 01:21:40,943 - INFO - 📈 进度: 1422/3473 (40.9%)
2025-07-12 01:21:41,959 - INFO - ✅ API调用成功: 121.500198, 31.105048 -> 闵行区
2025-07-12 01:21:41,963 - INFO - 🔄 正在处理记录 1920: (121.313616, 30.782537)
2025-07-12 01:21:41,963 - INFO - 📈 进度: 1423/3473 (41.0%)
2025-07-12 01:21:42,999 - INFO - ✅ API调用成功: 121.447522, 31.247366 -> 普陀区
2025-07-12 01:21:43,004 - INFO - 🔄 正在处理记录 1921: (121.420211, 31.26661)
2025-07-12 01:21:43,004 - INFO - 📈 进度: 1424/3473 (41.0%)
2025-07-12 01:21:43,997 - INFO - ✅ API调用成功: 121.428798, 31.208093 -> 长宁区
2025-07-12 01:21:44,002 - INFO - 🔄 正在处理记录 1922: (121.175235, 31.071635)
2025-07-12 01:21:44,002 - INFO - 📈 进度: 1425/3473 (41.0%)
2025-07-12 01:21:44,986 - INFO - ✅ API调用成功: 121.501251, 31.152723 -> 浦东新区
2025-07-12 01:21:45,009 - INFO - 🔄 正在处理记录 1923: (121.370449, 31.09098)
2025-07-12 01:21:45,009 - INFO - 📈 进度: 1426/3473 (41.1%)
2025-07-12 01:21:46,020 - INFO - ✅ API调用成功: 121.496502, 31.393426 -> 宝山区
2025-07-12 01:21:46,024 - INFO - 🔄 正在处理记录 1924: (121.578215, 31.264992)
2025-07-12 01:21:46,024 - INFO - 📈 进度: 1427/3473 (41.1%)
2025-07-12 01:21:47,015 - INFO - ✅ API调用成功: 121.485658, 31.311387 -> 虹口区
2025-07-12 01:21:47,022 - INFO - 🔄 正在处理记录 1925: (121.621696, 31.543582)
2025-07-12 01:21:47,022 - INFO - 📈 进度: 1428/3473 (41.1%)
2025-07-12 01:21:47,991 - INFO - ✅ API调用成功: 121.643368, 31.010389 -> 浦东新区
2025-07-12 01:21:47,996 - INFO - 🔄 正在处理记录 1926: (121.70591, 31.036129)
2025-07-12 01:21:47,997 - INFO - 📈 进度: 1429/3473 (41.1%)
2025-07-12 01:21:49,021 - INFO - ✅ API调用成功: 121.285523, 31.136965 -> 松江区
2025-07-12 01:21:49,026 - INFO - 🔄 正在处理记录 1927: (121.245715, 31.381187)
2025-07-12 01:21:49,040 - INFO - ✅ 写入 10 条结果到 /Users/songdingan/Downloads/detect_bus/final_station_ranking_with_district.csv
2025-07-12 01:21:49,040 - INFO - 📈 进度: 1430/3473 (41.2%)
2025-07-12 01:21:50,023 - INFO - ✅ API调用成功: 121.305195, 31.1365 -> 松江区
2025-07-12 01:21:50,036 - INFO - 🔄 正在处理记录 1928: (121.271004, 31.204003)
2025-07-12 01:21:50,036 - INFO - 📈 进度: 1431/3473 (41.2%)
2025-07-12 01:21:51,020 - INFO - ✅ API调用成功: 121.795903, 30.865206 -> 浦东新区
2025-07-12 01:21:51,028 - INFO - 🔄 正在处理记录 1929: (121.544853, 31.077258)
2025-07-12 01:21:51,028 - INFO - 📈 进度: 1432/3473 (41.2%)
2025-07-12 01:21:52,107 - INFO - ✅ API调用成功: 121.586746, 31.328984 -> 浦东新区
2025-07-12 01:21:52,112 - INFO - 🔄 正在处理记录 1930: (121.218911, 31.384319)
2025-07-12 01:21:52,112 - INFO - 📈 进度: 1433/3473 (41.3%)
2025-07-12 01:21:53,102 - INFO - ✅ API调用成功: 121.533927, 31.293665 -> 杨浦区
2025-07-12 01:21:53,108 - INFO - 🔄 正在处理记录 1931: (121.414394, 31.262182)
2025-07-12 01:21:53,108 - INFO - 📈 进度: 1434/3473 (41.3%)
2025-07-12 01:21:54,073 - INFO - ✅ API调用成功: 121.336232, 31.421019 -> 嘉定区
2025-07-12 01:21:54,088 - INFO - 🔄 正在处理记录 1932: (121.342645, 31.263258)
2025-07-12 01:21:54,088 - INFO - 📈 进度: 1435/3473 (41.3%)
2025-07-12 01:21:55,068 - INFO - ✅ API调用成功: 121.681506, 31.115759 -> 浦东新区
2025-07-12 01:21:55,073 - INFO - 🔄 正在处理记录 1933: (121.047771, 31.068058)
2025-07-12 01:21:55,073 - INFO - 📈 进度: 1436/3473 (41.3%)
2025-07-12 01:21:56,091 - INFO - ✅ API调用成功: 121.452224, 31.124232 -> 徐汇区
2025-07-12 01:21:56,099 - INFO - 🔄 正在处理记录 1934: (121.259797, 31.326991)
2025-07-12 01:21:56,100 - INFO - 📈 进度: 1437/3473 (41.4%)
2025-07-12 01:21:57,093 - INFO - ✅ API调用成功: 121.322944, 31.170755 -> 青浦区
2025-07-12 01:21:57,101 - INFO - 🔄 正在处理记录 1935: (121.41084, 31.202455)
2025-07-12 01:21:57,101 - INFO - 📈 进度: 1438/3473 (41.4%)
2025-07-12 01:21:58,083 - INFO - ✅ API调用成功: 121.589916, 31.079548 -> 浦东新区
2025-07-12 01:21:58,090 - INFO - 🔄 正在处理记录 1936: (121.090791, 31.151416)
2025-07-12 01:21:58,090 - INFO - 📈 进度: 1439/3473 (41.4%)
2025-07-12 01:21:59,148 - INFO - ✅ API调用成功: 121.32294, 31.221532 -> 闵行区
2025-07-12 01:21:59,154 - INFO - 🔄 正在处理记录 1937: (121.551865, 31.23957)
2025-07-12 01:21:59,177 - INFO - ✅ 写入 10 条结果到 /Users/songdingan/Downloads/detect_bus/final_station_ranking_with_district.csv
2025-07-12 01:21:59,177 - INFO - 📈 进度: 1440/3473 (41.5%)
2025-07-12 01:22:00,108 - INFO - ✅ API调用成功: 121.572293, 31.110018 -> 浦东新区
2025-07-12 01:22:00,114 - INFO - 🔄 正在处理记录 1938: (121.392235, 31.260848)
2025-07-12 01:22:00,114 - INFO - 📈 进度: 1441/3473 (41.5%)
2025-07-12 01:22:01,118 - INFO - ✅ API调用成功: 121.355966, 31.141638 -> 闵行区
2025-07-12 01:22:01,149 - INFO - 🔄 正在处理记录 1939: (121.255821, 31.11501)
2025-07-12 01:22:01,149 - INFO - 📈 进度: 1442/3473 (41.5%)
2025-07-12 01:22:02,093 - INFO - ✅ API调用成功: 121.42272, 31.415375 -> 宝山区
2025-07-12 01:22:02,099 - INFO - 🔄 正在处理记录 1940: (121.795903, 30.865206)
2025-07-12 01:22:02,099 - INFO - 📈 进度: 1443/3473 (41.5%)
2025-07-12 01:22:03,130 - INFO - ✅ API调用成功: 121.476808, 31.408316 -> 宝山区
2025-07-12 01:22:03,134 - INFO - 🔄 正在处理记录 1941: (121.292356, 31.127598)
2025-07-12 01:22:03,134 - INFO - 📈 进度: 1444/3473 (41.6%)
2025-07-12 01:22:04,143 - INFO - ✅ API调用成功: 121.401994, 31.219199 -> 长宁区
2025-07-12 01:22:04,148 - INFO - 🔄 正在处理记录 1942: (121.71041, 31.037901)
2025-07-12 01:22:04,148 - INFO - 📈 进度: 1445/3473 (41.6%)
2025-07-12 01:22:05,140 - INFO - ✅ API调用成功: 121.32115, 31.135306 -> 松江区
2025-07-12 01:22:05,144 - INFO - 🔄 正在处理记录 1943: (121.591494, 31.265541)
2025-07-12 01:22:05,144 - INFO - 📈 进度: 1446/3473 (41.6%)
2025-07-12 01:22:06,134 - INFO - ✅ API调用成功: 121.440594, 31.244055 -> 普陀区
2025-07-12 01:22:06,141 - INFO - 🔄 正在处理记录 1944: (121.279323, 31.410979)
2025-07-12 01:22:06,142 - INFO - 📈 进度: 1447/3473 (41.7%)
2025-07-12 01:22:07,166 - INFO - ✅ API调用成功: 121.248982, 31.227945 -> 青浦区
2025-07-12 01:22:07,172 - INFO - 🔄 正在处理记录 1945: (121.47894, 31.238166)
2025-07-12 01:22:07,172 - INFO - 📈 进度: 1448/3473 (41.7%)
2025-07-12 01:22:08,147 - INFO - ✅ API调用成功: 121.194773, 31.226678 -> 青浦区
2025-07-12 01:22:08,151 - INFO - 🔄 正在处理记录 1946: (121.242018, 31.452147)
2025-07-12 01:22:08,151 - INFO - 📈 进度: 1449/3473 (41.7%)
2025-07-12 01:22:09,163 - INFO - ✅ API调用成功: 121.489271, 31.650949 -> 崇明区
2025-07-12 01:22:09,181 - INFO - 🔄 正在处理记录 1947: (121.449706, 30.907775)
2025-07-12 01:22:09,199 - INFO - ✅ 写入 10 条结果到 /Users/songdingan/Downloads/detect_bus/final_station_ranking_with_district.csv
2025-07-12 01:22:09,199 - INFO - 📈 进度: 1450/3473 (41.8%)
2025-07-12 01:22:10,198 - INFO - ✅ API调用成功: 121.702139, 31.18821 -> 浦东新区
2025-07-12 01:22:10,205 - INFO - 🔄 正在处理记录 1948: (121.541798, 31.045974)
2025-07-12 01:22:10,205 - INFO - 📈 进度: 1451/3473 (41.8%)
2025-07-12 01:22:11,159 - INFO - ✅ API调用成功: 121.363099, 31.106943 -> 闵行区
2025-07-12 01:22:11,166 - INFO - 🔄 正在处理记录 1949: (121.306057, 31.12162)
2025-07-12 01:22:11,166 - INFO - 📈 进度: 1452/3473 (41.8%)
2025-07-12 01:22:12,180 - INFO - ✅ API调用成功: 121.528179, 31.030746 -> 闵行区
2025-07-12 01:22:12,186 - INFO - 🔄 正在处理记录 1950: (121.462987, 31.259113)
2025-07-12 01:22:12,186 - INFO - 📈 进度: 1453/3473 (41.8%)
2025-07-12 01:22:13,178 - INFO - ✅ API调用成功: 121.601372, 31.113881 -> 浦东新区
2025-07-12 01:22:13,184 - INFO - 🔄 正在处理记录 1951: (121.357988, 31.379796)
2025-07-12 01:22:13,184 - INFO - 📈 进度: 1454/3473 (41.9%)
2025-07-12 01:22:14,211 - INFO - ✅ API调用成功: 121.533242, 31.021649 -> 闵行区
2025-07-12 01:22:14,227 - INFO - 🔄 正在处理记录 1952: (121.306461, 31.104212)
2025-07-12 01:22:14,227 - INFO - 📈 进度: 1455/3473 (41.9%)
2025-07-12 01:22:15,193 - INFO - ✅ API调用成功: 121.391795, 31.174163 -> 闵行区
2025-07-12 01:22:15,196 - INFO - 🔄 正在处理记录 1953: (121.525835, 31.581605)
2025-07-12 01:22:15,196 - INFO - 📈 进度: 1456/3473 (41.9%)
2025-07-12 01:22:16,231 - INFO - ✅ API调用成功: 121.389568, 31.162644 -> 闵行区
2025-07-12 01:22:16,237 - INFO - 🔄 正在处理记录 1954: (121.349239, 31.712625)
2025-07-12 01:22:16,237 - INFO - 📈 进度: 1457/3473 (42.0%)
2025-07-12 01:22:17,646 - INFO - ✅ API调用成功: 121.605624, 31.273092 -> 浦东新区
2025-07-12 01:22:17,653 - INFO - 🔄 正在处理记录 1955: (121.425331, 31.213441)
2025-07-12 01:22:17,653 - INFO - 📈 进度: 1458/3473 (42.0%)
2025-07-12 01:22:18,208 - INFO - ✅ API调用成功: 121.416042, 31.136366 -> 闵行区
2025-07-12 01:22:18,215 - INFO - 🔄 正在处理记录 1956: (121.455981, 30.956902)
2025-07-12 01:22:18,215 - INFO - 📈 进度: 1459/3473 (42.0%)
2025-07-12 01:22:19,232 - INFO - ✅ API调用成功: 121.282045, 31.147517 -> 青浦区
2025-07-12 01:22:19,237 - INFO - 🔄 正在处理记录 1957: (121.376613, 31.141589)
2025-07-12 01:22:19,252 - INFO - ✅ 写入 10 条结果到 /Users/songdingan/Downloads/detect_bus/final_station_ranking_with_district.csv
2025-07-12 01:22:19,252 - INFO - 📈 进度: 1460/3473 (42.0%)
2025-07-12 01:22:20,236 - INFO - ✅ API调用成功: 121.452783, 30.918788 -> 奉贤区
2025-07-12 01:22:20,249 - INFO - 🔄 正在处理记录 1958: (121.418089, 31.211372)
2025-07-12 01:22:20,249 - INFO - 📈 进度: 1461/3473 (42.1%)
2025-07-12 01:22:21,237 - INFO - ✅ API调用成功: 121.445898, 30.917696 -> 奉贤区
2025-07-12 01:22:21,241 - INFO - 🔄 正在处理记录 1959: (121.589822, 31.257648)
2025-07-12 01:22:21,241 - INFO - 📈 进度: 1462/3473 (42.1%)
2025-07-12 01:22:22,207 - INFO - ✅ API调用成功: 121.313616, 30.782537 -> 金山区
2025-07-12 01:22:22,214 - INFO - 🔄 正在处理记录 1960: (121.419725, 31.00307)
2025-07-12 01:22:22,214 - INFO - 📈 进度: 1463/3473 (42.1%)
2025-07-12 01:22:23,255 - INFO - ✅ API调用成功: 121.420211, 31.26661 -> 普陀区
2025-07-12 01:22:23,260 - INFO - 🔄 正在处理记录 1961: (121.527999, 31.229819)
2025-07-12 01:22:23,260 - INFO - 📈 进度: 1464/3473 (42.2%)
2025-07-12 01:22:24,252 - INFO - ✅ API调用成功: 121.175235, 31.071635 -> 松江区
2025-07-12 01:22:24,256 - INFO - 🔄 正在处理记录 1962: (121.455833, 31.199518)
2025-07-12 01:22:24,256 - INFO - 📈 进度: 1465/3473 (42.2%)
2025-07-12 01:22:25,538 - INFO - ✅ API调用成功: 121.370449, 31.09098 -> 松江区
2025-07-12 01:22:25,544 - INFO - 🔄 正在处理记录 1963: (121.343661, 31.17149)
2025-07-12 01:22:25,544 - INFO - 📈 进度: 1466/3473 (42.2%)
2025-07-12 01:22:26,305 - INFO - ✅ API调用成功: 121.578215, 31.264992 -> 浦东新区
2025-07-12 01:22:26,312 - INFO - 🔄 正在处理记录 1964: (121.346328, 31.167614)
2025-07-12 01:22:26,313 - INFO - 📈 进度: 1467/3473 (42.2%)
2025-07-12 01:22:27,435 - INFO - ✅ API调用成功: 121.621696, 31.543582 -> 崇明区
2025-07-12 01:22:27,439 - INFO - 🔄 正在处理记录 1965: (121.278461, 31.13121)
2025-07-12 01:22:27,439 - INFO - 📈 进度: 1468/3473 (42.3%)
2025-07-12 01:22:28,264 - INFO - ✅ API调用成功: 121.70591, 31.036129 -> 浦东新区
2025-07-12 01:22:28,268 - INFO - 🔄 正在处理记录 1966: (121.903053, 30.956542)
2025-07-12 01:22:28,268 - INFO - 📈 进度: 1469/3473 (42.3%)
2025-07-12 01:22:29,280 - INFO - ✅ API调用成功: 121.245715, 31.381187 -> 嘉定区
2025-07-12 01:22:29,285 - INFO - 🔄 正在处理记录 1967: (121.251849, 30.756795)
2025-07-12 01:22:29,298 - INFO - ✅ 写入 10 条结果到 /Users/songdingan/Downloads/detect_bus/final_station_ranking_with_district.csv
2025-07-12 01:22:29,299 - INFO - 📈 进度: 1470/3473 (42.3%)
2025-07-12 01:22:30,305 - INFO - ✅ API调用成功: 121.271004, 31.204003 -> 青浦区
2025-07-12 01:22:30,310 - INFO - 🔄 正在处理记录 1968: (121.309908, 30.727959)
2025-07-12 01:22:30,310 - INFO - 📈 进度: 1471/3473 (42.4%)
2025-07-12 01:22:31,298 - INFO - ✅ API调用成功: 121.544853, 31.077258 -> 闵行区
2025-07-12 01:22:31,315 - INFO - 🔄 正在处理记录 1969: (121.467044, 31.240088)
2025-07-12 01:22:31,315 - INFO - 📈 进度: 1472/3473 (42.4%)
2025-07-12 01:22:32,308 - INFO - ✅ API调用成功: 121.218911, 31.384319 -> 嘉定区
2025-07-12 01:22:32,317 - INFO - 🔄 正在处理记录 1970: (121.410709, 30.776516)
2025-07-12 01:22:32,317 - INFO - 📈 进度: 1473/3473 (42.4%)
2025-07-12 01:22:33,299 - INFO - ✅ API调用成功: 121.414394, 31.262182 -> 普陀区
2025-07-12 01:22:33,306 - INFO - 🔄 正在处理记录 1971: (121.337688, 30.735546)
2025-07-12 01:22:33,306 - INFO - 📈 进度: 1474/3473 (42.4%)
2025-07-12 01:22:34,325 - INFO - ✅ API调用成功: 121.342645, 31.263258 -> 嘉定区
2025-07-12 01:22:34,329 - INFO - 🔄 正在处理记录 1972: (121.511055, 31.072542)
2025-07-12 01:22:34,329 - INFO - 📈 进度: 1475/3473 (42.5%)
2025-07-12 01:22:35,313 - INFO - ✅ API调用成功: 121.047771, 31.068058 -> 青浦区
2025-07-12 01:22:35,319 - INFO - 🔄 正在处理记录 1973: (121.726889, 31.147948)
2025-07-12 01:22:35,319 - INFO - 📈 进度: 1476/3473 (42.5%)
2025-07-12 01:22:36,405 - INFO - ✅ API调用成功: 121.259797, 31.326991 -> 嘉定区
2025-07-12 01:22:36,408 - INFO - 🔄 正在处理记录 1974: (121.664313, 31.288305)
2025-07-12 01:22:36,409 - INFO - 📈 进度: 1477/3473 (42.5%)
2025-07-12 01:22:37,339 - INFO - ✅ API调用成功: 121.41084, 31.202455 -> 长宁区
2025-07-12 01:22:37,344 - INFO - 🔄 正在处理记录 1975: (121.235719, 30.893161)
2025-07-12 01:22:37,344 - INFO - 📈 进度: 1478/3473 (42.6%)
2025-07-12 01:22:38,330 - INFO - ✅ API调用成功: 121.090791, 31.151416 -> 青浦区
2025-07-12 01:22:38,335 - INFO - 🔄 正在处理记录 1976: (121.568703, 31.250417)
2025-07-12 01:22:38,335 - INFO - 📈 进度: 1479/3473 (42.6%)
2025-07-12 01:22:39,324 - INFO - ✅ API调用成功: 121.551865, 31.23957 -> 浦东新区
2025-07-12 01:22:39,328 - INFO - 🔄 正在处理记录 1977: (121.474444, 31.111452)
2025-07-12 01:22:39,343 - INFO - ✅ 写入 10 条结果到 /Users/songdingan/Downloads/detect_bus/final_station_ranking_with_district.csv
2025-07-12 01:22:39,343 - INFO - 📈 进度: 1480/3473 (42.6%)
2025-07-12 01:22:40,335 - INFO - ✅ API调用成功: 121.392235, 31.260848 -> 普陀区
2025-07-12 01:22:40,339 - INFO - 🔄 正在处理记录 1978: (121.405315, 31.182007)
2025-07-12 01:22:40,339 - INFO - 📈 进度: 1481/3473 (42.6%)
2025-07-12 01:22:41,360 - INFO - ✅ API调用成功: 121.255821, 31.11501 -> 松江区
2025-07-12 01:22:41,366 - INFO - 🔄 正在处理记录 1979: (121.358164, 31.386087)
2025-07-12 01:22:41,366 - INFO - 📈 进度: 1482/3473 (42.7%)
2025-07-12 01:22:42,356 - INFO - ✅ API调用成功: 121.795903, 30.865206 -> 浦东新区
2025-07-12 01:22:42,372 - INFO - 🔄 正在处理记录 1980: (121.204474, 31.014074)
2025-07-12 01:22:42,372 - INFO - 📈 进度: 1483/3473 (42.7%)
2025-07-12 01:22:43,368 - INFO - ✅ API调用成功: 121.292356, 31.127598 -> 松江区
2025-07-12 01:22:43,373 - INFO - 🔄 正在处理记录 1981: (121.374926, 31.042528)
2025-07-12 01:22:43,373 - INFO - 📈 进度: 1484/3473 (42.7%)
2025-07-12 01:22:44,384 - INFO - ✅ API调用成功: 121.71041, 31.037901 -> 浦东新区
2025-07-12 01:22:44,394 - INFO - 🔄 正在处理记录 1982: (121.818407, 31.076626)
2025-07-12 01:22:44,394 - INFO - 📈 进度: 1485/3473 (42.8%)
2025-07-12 01:22:45,384 - INFO - ✅ API调用成功: 121.591494, 31.265541 -> 浦东新区
2025-07-12 01:22:45,389 - INFO - 🔄 正在处理记录 1983: (121.455145, 31.618131)
2025-07-12 01:22:45,389 - INFO - 📈 进度: 1486/3473 (42.8%)
2025-07-12 01:22:46,381 - INFO - ✅ API调用成功: 121.279323, 31.410979 -> 嘉定区
2025-07-12 01:22:46,387 - INFO - 🔄 正在处理记录 1984: (121.147717, 31.307847)
2025-07-12 01:22:46,387 - INFO - 📈 进度: 1487/3473 (42.8%)
2025-07-12 01:22:47,392 - INFO - ✅ API调用成功: 121.47894, 31.238166 -> 黄浦区
2025-07-12 01:22:47,397 - INFO - 🔄 正在处理记录 1985: (121.483635, 31.407997)
2025-07-12 01:22:47,397 - INFO - 📈 进度: 1488/3473 (42.8%)
2025-07-12 01:22:48,392 - INFO - ✅ API调用成功: 121.242018, 31.452147 -> 嘉定区
2025-07-12 01:22:48,409 - INFO - 🔄 正在处理记录 1986: (121.479696, 31.343183)
2025-07-12 01:22:48,409 - INFO - 📈 进度: 1489/3473 (42.9%)
2025-07-12 01:22:49,398 - INFO - ✅ API调用成功: 121.449706, 30.907775 -> 奉贤区
2025-07-12 01:22:49,403 - INFO - 🔄 正在处理记录 1987: (121.543709, 31.267152)
2025-07-12 01:22:49,414 - INFO - ✅ 写入 10 条结果到 /Users/songdingan/Downloads/detect_bus/final_station_ranking_with_district.csv
2025-07-12 01:22:49,414 - INFO - 📈 进度: 1490/3473 (42.9%)
2025-07-12 01:22:50,406 - INFO - ✅ API调用成功: 121.541798, 31.045974 -> 闵行区
2025-07-12 01:22:50,412 - INFO - 🔄 正在处理记录 1988: (121.396868, 31.137413)
2025-07-12 01:22:50,412 - INFO - 📈 进度: 1491/3473 (42.9%)
2025-07-12 01:22:51,423 - INFO - ✅ API调用成功: 121.306057, 31.12162 -> 松江区
2025-07-12 01:22:51,428 - INFO - 🔄 正在处理记录 1989: (121.54341, 31.18374)
2025-07-12 01:22:51,428 - INFO - 📈 进度: 1492/3473 (43.0%)
2025-07-12 01:22:52,439 - INFO - ✅ API调用成功: 121.462987, 31.259113 -> 静安区
2025-07-12 01:22:52,460 - INFO - 🔄 正在处理记录 1990: (121.398872, 31.286872)
2025-07-12 01:22:52,460 - INFO - 📈 进度: 1493/3473 (43.0%)
2025-07-12 01:22:53,553 - INFO - ✅ API调用成功: 121.357988, 31.379796 -> 宝山区
2025-07-12 01:22:53,557 - INFO - 🔄 正在处理记录 1991: (121.516535, 31.224889)
2025-07-12 01:22:53,558 - INFO - 📈 进度: 1494/3473 (43.0%)
2025-07-12 01:22:54,485 - INFO - ✅ API调用成功: 121.306461, 31.104212 -> 松江区
2025-07-12 01:22:54,491 - INFO - 🔄 正在处理记录 1992: (121.603471, 31.193106)
2025-07-12 01:22:54,492 - INFO - 📈 进度: 1495/3473 (43.0%)
2025-07-12 01:22:55,437 - INFO - ✅ API调用成功: 121.525835, 31.581605 -> 崇明区
2025-07-12 01:22:55,442 - INFO - 🔄 正在处理记录 1993: (121.334331, 30.994992)
2025-07-12 01:22:55,442 - INFO - 📈 进度: 1496/3473 (43.1%)
2025-07-12 01:22:56,457 - INFO - ✅ API调用成功: 121.349239, 31.712625 -> 崇明区
2025-07-12 01:22:56,463 - INFO - 🔄 正在处理记录 1994: (121.635194, 31.271476)
2025-07-12 01:22:56,463 - INFO - 📈 进度: 1497/3473 (43.1%)
2025-07-12 01:22:57,474 - INFO - ✅ API调用成功: 121.425331, 31.213441 -> 长宁区
2025-07-12 01:22:57,485 - INFO - 🔄 正在处理记录 1995: (121.527825, 31.169145)
2025-07-12 01:22:57,485 - INFO - 📈 进度: 1498/3473 (43.1%)
2025-07-12 01:22:58,451 - INFO - ✅ API调用成功: 121.455981, 30.956902 -> 奉贤区
2025-07-12 01:22:58,460 - INFO - 🔄 正在处理记录 1996: (121.473266, 31.272092)
2025-07-12 01:22:58,460 - INFO - 📈 进度: 1499/3473 (43.2%)
2025-07-12 01:22:59,437 - INFO - ✅ API调用成功: 121.376613, 31.141589 -> 闵行区
2025-07-12 01:22:59,441 - INFO - 🔄 正在处理记录 1997: (121.314243, 31.156229)
2025-07-12 01:22:59,452 - INFO - ✅ 写入 10 条结果到 /Users/songdingan/Downloads/detect_bus/final_station_ranking_with_district.csv
2025-07-12 01:22:59,453 - INFO - 📈 进度: 1500/3473 (43.2%)
2025-07-12 01:23:00,470 - INFO - ✅ API调用成功: 121.418089, 31.211372 -> 长宁区
2025-07-12 01:23:00,479 - INFO - 🔄 正在处理记录 1998: (121.463197, 31.046398)
2025-07-12 01:23:00,479 - INFO - 📈 进度: 1501/3473 (43.2%)
2025-07-12 01:23:01,479 - INFO - ✅ API调用成功: 121.589822, 31.257648 -> 浦东新区
2025-07-12 01:23:01,483 - INFO - 🔄 正在处理记录 1999: (121.293169, 31.819027)
2025-07-12 01:23:01,483 - INFO - 📈 进度: 1502/3473 (43.2%)
2025-07-12 01:23:02,482 - INFO - ✅ API调用成功: 121.419725, 31.00307 -> 闵行区
2025-07-12 01:23:02,490 - INFO - 🔄 正在处理记录 2000: (121.361433, 31.360873)
2025-07-12 01:23:02,490 - INFO - 📈 进度: 1503/3473 (43.3%)
2025-07-12 01:23:03,510 - INFO - ✅ API调用成功: 121.527999, 31.229819 -> 浦东新区
2025-07-12 01:23:03,522 - INFO - 🔄 正在处理记录 2001: (121.249046, 31.342687)
2025-07-12 01:23:03,523 - INFO - 📈 进度: 1504/3473 (43.3%)
2025-07-12 01:23:04,540 - INFO - ✅ API调用成功: 121.455833, 31.199518 -> 徐汇区
2025-07-12 01:23:04,547 - INFO - 🔄 正在处理记录 2002: (121.679648, 31.269075)
2025-07-12 01:23:04,547 - INFO - 📈 进度: 1505/3473 (43.3%)
2025-07-12 01:23:05,512 - INFO - ✅ API调用成功: 121.343661, 31.17149 -> 闵行区
2025-07-12 01:23:05,516 - INFO - 🔄 正在处理记录 2003: (121.346151, 31.344587)
2025-07-12 01:23:05,516 - INFO - 📈 进度: 1506/3473 (43.4%)
2025-07-12 01:23:06,533 - INFO - ✅ API调用成功: 121.346328, 31.167614 -> 闵行区
2025-07-12 01:23:06,539 - INFO - 🔄 正在处理记录 2004: (121.642709, 31.165902)
2025-07-12 01:23:06,539 - INFO - 📈 进度: 1507/3473 (43.4%)
2025-07-12 01:23:07,523 - INFO - ✅ API调用成功: 121.278461, 31.13121 -> 松江区
2025-07-12 01:23:07,527 - INFO - 🔄 正在处理记录 2005: (121.432454, 31.13674)
2025-07-12 01:23:07,527 - INFO - 📈 进度: 1508/3473 (43.4%)
2025-07-12 01:23:08,534 - INFO - ✅ API调用成功: 121.903053, 30.956542 -> 浦东新区
2025-07-12 01:23:08,541 - INFO - 🔄 正在处理记录 2006: (121.483635, 31.407997)
2025-07-12 01:23:08,541 - INFO - 📈 进度: 1509/3473 (43.4%)
2025-07-12 01:23:09,525 - INFO - ✅ API调用成功: 121.251849, 30.756795 -> 金山区
2025-07-12 01:23:09,537 - INFO - 🔄 正在处理记录 2007: (121.422598, 31.345972)
2025-07-12 01:23:09,551 - INFO - ✅ 写入 10 条结果到 /Users/songdingan/Downloads/detect_bus/final_station_ranking_with_district.csv
2025-07-12 01:23:09,551 - INFO - 📈 进度: 1510/3473 (43.5%)
2025-07-12 01:23:10,539 - INFO - ✅ API调用成功: 121.309908, 30.727959 -> 金山区
2025-07-12 01:23:10,544 - INFO - 🔄 正在处理记录 2008: (121.71571, 30.94075)
2025-07-12 01:23:10,544 - INFO - 📈 进度: 1511/3473 (43.5%)
2025-07-12 01:23:11,597 - INFO - ✅ API调用成功: 121.467044, 31.240088 -> 静安区
2025-07-12 01:23:11,599 - INFO - 🔄 正在处理记录 2009: (121.527656, 31.315001)
2025-07-12 01:23:11,599 - INFO - 📈 进度: 1512/3473 (43.5%)
2025-07-12 01:23:12,631 - INFO - ✅ API调用成功: 121.410709, 30.776516 -> 金山区
2025-07-12 01:23:12,638 - INFO - 🔄 正在处理记录 2010: (121.649813, 31.109748)
2025-07-12 01:23:12,638 - INFO - 📈 进度: 1513/3473 (43.6%)
2025-07-12 01:23:13,574 - INFO - ✅ API调用成功: 121.337688, 30.735546 -> 金山区
2025-07-12 01:23:13,577 - INFO - 🔄 正在处理记录 2011: (121.705273, 31.09518)
2025-07-12 01:23:13,577 - INFO - 📈 进度: 1514/3473 (43.6%)
2025-07-12 01:23:14,568 - INFO - ✅ API调用成功: 121.511055, 31.072542 -> 闵行区
2025-07-12 01:23:14,573 - INFO - 🔄 正在处理记录 2012: (121.609414, 31.140724)
2025-07-12 01:23:14,573 - INFO - 📈 进度: 1515/3473 (43.6%)
2025-07-12 01:23:15,598 - INFO - ✅ API调用成功: 121.726889, 31.147948 -> 浦东新区
2025-07-12 01:23:15,603 - INFO - 🔄 正在处理记录 2013: (121.364516, 31.35369)
2025-07-12 01:23:15,603 - INFO - 📈 进度: 1516/3473 (43.7%)
2025-07-12 01:23:16,585 - INFO - ✅ API调用成功: 121.664313, 31.288305 -> 浦东新区
2025-07-12 01:23:16,591 - INFO - 🔄 正在处理记录 2014: (121.07386, 30.989107)
2025-07-12 01:23:16,592 - INFO - 📈 进度: 1517/3473 (43.7%)
2025-07-12 01:23:17,580 - INFO - ✅ API调用成功: 121.235719, 30.893161 -> 金山区
2025-07-12 01:23:17,585 - INFO - 🔄 正在处理记录 2015: (121.363748, 31.071306)
2025-07-12 01:23:17,585 - INFO - 📈 进度: 1518/3473 (43.7%)
2025-07-12 01:23:18,616 - INFO - ✅ API调用成功: 121.568703, 31.250417 -> 浦东新区
2025-07-12 01:23:18,622 - INFO - 🔄 正在处理记录 2016: (121.608149, 31.297091)
2025-07-12 01:23:18,622 - INFO - 📈 进度: 1519/3473 (43.7%)
2025-07-12 01:23:19,585 - INFO - ✅ API调用成功: 121.474444, 31.111452 -> 闵行区
2025-07-12 01:23:19,590 - INFO - 🔄 正在处理记录 2017: (121.601709, 31.293989)
2025-07-12 01:23:19,601 - INFO - ✅ 写入 10 条结果到 /Users/songdingan/Downloads/detect_bus/final_station_ranking_with_district.csv
2025-07-12 01:23:19,602 - INFO - 📈 进度: 1520/3473 (43.8%)
2025-07-12 01:23:20,614 - INFO - ✅ API调用成功: 121.405315, 31.182007 -> 徐汇区
2025-07-12 01:23:20,627 - INFO - 🔄 正在处理记录 2018: (121.740841, 31.235825)
2025-07-12 01:23:20,627 - INFO - 📈 进度: 1521/3473 (43.8%)
2025-07-12 01:23:21,602 - INFO - ✅ API调用成功: 121.358164, 31.386087 -> 宝山区
2025-07-12 01:23:21,607 - INFO - 🔄 正在处理记录 2019: (121.651575, 31.217859)
2025-07-12 01:23:21,607 - INFO - 📈 进度: 1522/3473 (43.8%)
2025-07-12 01:23:22,633 - INFO - ✅ API调用成功: 121.204474, 31.014074 -> 松江区
2025-07-12 01:23:22,637 - INFO - 🔄 正在处理记录 2020: (121.507756, 31.360195)
2025-07-12 01:23:22,637 - INFO - 📈 进度: 1523/3473 (43.9%)
2025-07-12 01:23:23,613 - INFO - ✅ API调用成功: 121.374926, 31.042528 -> 闵行区
2025-07-12 01:23:23,618 - INFO - 🔄 正在处理记录 2021: (121.612666, 31.535425)
2025-07-12 01:23:23,618 - INFO - 📈 进度: 1524/3473 (43.9%)
2025-07-12 01:23:24,624 - INFO - ✅ API调用成功: 121.818407, 31.076626 -> 浦东新区
2025-07-12 01:23:24,631 - INFO - 🔄 正在处理记录 2022: (121.489888, 31.287608)
2025-07-12 01:23:24,631 - INFO - 📈 进度: 1525/3473 (43.9%)
2025-07-12 01:23:25,796 - INFO - ✅ API调用成功: 121.455145, 31.618131 -> 崇明区
2025-07-12 01:23:25,801 - INFO - 🔄 正在处理记录 2023: (121.330061, 31.152089)
2025-07-12 01:23:25,801 - INFO - 📈 进度: 1526/3473 (43.9%)
2025-07-12 01:23:26,675 - INFO - ✅ API调用成功: 121.147717, 31.307847 -> 昆山市
2025-07-12 01:23:26,680 - INFO - 🔄 正在处理记录 2024: (121.481373, 31.169072)
2025-07-12 01:23:26,680 - INFO - 📈 进度: 1527/3473 (44.0%)
2025-07-12 01:23:27,662 - INFO - ✅ API调用成功: 121.483635, 31.407997 -> 宝山区
2025-07-12 01:23:27,666 - INFO - 🔄 正在处理记录 2025: (121.145432, 31.249117)
2025-07-12 01:23:27,666 - INFO - 📈 进度: 1528/3473 (44.0%)
2025-07-12 01:23:28,816 - INFO - ✅ API调用成功: 121.479696, 31.343183 -> 宝山区
2025-07-12 01:23:28,825 - INFO - 🔄 正在处理记录 2026: (121.50236, 31.317796)
2025-07-12 01:23:28,825 - INFO - 📈 进度: 1529/3473 (44.0%)
2025-07-12 01:23:29,700 - INFO - ✅ API调用成功: 121.543709, 31.267152 -> 杨浦区
2025-07-12 01:23:29,704 - INFO - 🔄 正在处理记录 2027: (121.569657, 31.109601)
2025-07-12 01:23:29,724 - INFO - ✅ 写入 10 条结果到 /Users/songdingan/Downloads/detect_bus/final_station_ranking_with_district.csv
2025-07-12 01:23:29,724 - INFO - 📈 进度: 1530/3473 (44.1%)
2025-07-12 01:23:30,669 - INFO - ✅ API调用成功: 121.396868, 31.137413 -> 闵行区
2025-07-12 01:23:30,682 - INFO - 🔄 正在处理记录 2028: (121.526465, 31.285963)
2025-07-12 01:23:30,682 - INFO - 📈 进度: 1531/3473 (44.1%)
2025-07-12 01:23:31,658 - INFO - ✅ API调用成功: 121.54341, 31.18374 -> 浦东新区
2025-07-12 01:23:31,663 - INFO - 🔄 正在处理记录 2029: (121.508727, 30.957589)
2025-07-12 01:23:31,663 - INFO - 📈 进度: 1532/3473 (44.1%)
2025-07-12 01:23:32,827 - INFO - ✅ API调用成功: 121.398872, 31.286872 -> 普陀区
2025-07-12 01:23:32,830 - INFO - 🔄 正在处理记录 2030: (121.431937, 31.153432)
2025-07-12 01:23:32,830 - INFO - 📈 进度: 1533/3473 (44.1%)
2025-07-12 01:23:33,714 - INFO - ✅ API调用成功: 121.516535, 31.224889 -> 浦东新区
2025-07-12 01:23:33,719 - INFO - 🔄 正在处理记录 2031: (121.474525, 31.19615)
2025-07-12 01:23:33,719 - INFO - 📈 进度: 1534/3473 (44.2%)
2025-07-12 01:23:34,722 - INFO - ✅ API调用成功: 121.603471, 31.193106 -> 浦东新区
2025-07-12 01:23:34,732 - INFO - 🔄 正在处理记录 2032: (121.634925, 31.047671)
2025-07-12 01:23:34,732 - INFO - 📈 进度: 1535/3473 (44.2%)
2025-07-12 01:23:35,705 - INFO - ✅ API调用成功: 121.334331, 30.994992 -> 闵行区
2025-07-12 01:23:35,720 - INFO - 🔄 正在处理记录 2033: (121.231831, 31.482405)
2025-07-12 01:23:35,720 - INFO - 📈 进度: 1536/3473 (44.2%)
2025-07-12 01:23:36,712 - INFO - ✅ API调用成功: 121.635194, 31.271476 -> 浦东新区
2025-07-12 01:23:36,718 - INFO - 🔄 正在处理记录 2034: (121.486365, 31.204126)
2025-07-12 01:23:36,718 - INFO - 📈 进度: 1537/3473 (44.3%)
2025-07-12 01:23:37,711 - INFO - ✅ API调用成功: 121.527825, 31.169145 -> 浦东新区
2025-07-12 01:23:37,717 - INFO - 🔄 正在处理记录 2035: (121.483241, 31.37321)
2025-07-12 01:23:37,717 - INFO - 📈 进度: 1538/3473 (44.3%)
2025-07-12 01:23:38,731 - INFO - ✅ API调用成功: 121.473266, 31.272092 -> 静安区
2025-07-12 01:23:38,736 - INFO - 🔄 正在处理记录 2036: (121.190443, 31.278654)
2025-07-12 01:23:38,737 - INFO - 📈 进度: 1539/3473 (44.3%)
2025-07-12 01:23:39,716 - INFO - ✅ API调用成功: 121.314243, 31.156229 -> 松江区
2025-07-12 01:23:39,721 - INFO - 🔄 正在处理记录 2037: (121.793097, 30.909122)
2025-07-12 01:23:39,733 - INFO - ✅ 写入 10 条结果到 /Users/songdingan/Downloads/detect_bus/final_station_ranking_with_district.csv
2025-07-12 01:23:39,733 - INFO - 📈 进度: 1540/3473 (44.3%)
2025-07-12 01:23:40,756 - INFO - ✅ API调用成功: 121.463197, 31.046398 -> 闵行区
2025-07-12 01:23:40,764 - INFO - 🔄 正在处理记录 2038: (121.226112, 31.039521)
2025-07-12 01:23:40,764 - INFO - 📈 进度: 1541/3473 (44.4%)
2025-07-12 01:23:41,744 - INFO - ✅ API调用成功: 121.293169, 31.819027 -> 崇明区
2025-07-12 01:23:41,751 - INFO - 🔄 正在处理记录 2039: (121.571946, 31.301488)
2025-07-12 01:23:41,751 - INFO - 📈 进度: 1542/3473 (44.4%)
2025-07-12 01:23:42,770 - INFO - ✅ API调用成功: 121.361433, 31.360873 -> 宝山区
2025-07-12 01:23:42,775 - INFO - 🔄 正在处理记录 2040: (121.740379, 31.126699)
2025-07-12 01:23:42,775 - INFO - 📈 进度: 1543/3473 (44.4%)
2025-07-12 01:23:43,751 - INFO - ✅ API调用成功: 121.249046, 31.342687 -> 嘉定区
2025-07-12 01:23:43,756 - INFO - 🔄 正在处理记录 2041: (121.667219, 31.107525)
2025-07-12 01:23:43,756 - INFO - 📈 进度: 1544/3473 (44.5%)
2025-07-12 01:23:44,802 - INFO - ✅ API调用成功: 121.679648, 31.269075 -> 浦东新区
2025-07-12 01:23:44,807 - INFO - 🔄 正在处理记录 2042: (121.232443, 31.106791)
2025-07-12 01:23:44,807 - INFO - 📈 进度: 1545/3473 (44.5%)
2025-07-12 01:23:45,750 - INFO - ✅ API调用成功: 121.346151, 31.344587 -> 嘉定区
2025-07-12 01:23:45,755 - INFO - 🔄 正在处理记录 2043: (121.217234, 31.06093)
2025-07-12 01:23:45,755 - INFO - 📈 进度: 1546/3473 (44.5%)
2025-07-12 01:23:46,770 - INFO - ✅ API调用成功: 121.642709, 31.165902 -> 浦东新区
2025-07-12 01:23:46,775 - INFO - 🔄 正在处理记录 2044: (121.242984, 31.019425)
2025-07-12 01:23:46,775 - INFO - 📈 进度: 1547/3473 (44.5%)
2025-07-12 01:23:47,756 - INFO - ✅ API调用成功: 121.432454, 31.13674 -> 徐汇区
2025-07-12 01:23:47,768 - INFO - 🔄 正在处理记录 2045: (121.670823, 31.145972)
2025-07-12 01:23:47,768 - INFO - 📈 进度: 1548/3473 (44.6%)
2025-07-12 01:23:49,091 - INFO - ✅ API调用成功: 121.483635, 31.407997 -> 宝山区
2025-07-12 01:23:49,098 - INFO - 🔄 正在处理记录 2046: (121.442191, 31.235418)
2025-07-12 01:23:49,099 - INFO - 📈 进度: 1549/3473 (44.6%)
2025-07-12 01:23:49,781 - INFO - ✅ API调用成功: 121.422598, 31.345972 -> 宝山区
2025-07-12 01:23:49,788 - INFO - 🔄 正在处理记录 2047: (121.420902, 31.272757)
2025-07-12 01:23:49,801 - INFO - ✅ 写入 10 条结果到 /Users/songdingan/Downloads/detect_bus/final_station_ranking_with_district.csv
2025-07-12 01:23:49,802 - INFO - 📈 进度: 1550/3473 (44.6%)
2025-07-12 01:23:50,781 - INFO - ✅ API调用成功: 121.71571, 30.94075 -> 奉贤区
2025-07-12 01:23:50,786 - INFO - 🔄 正在处理记录 2048: (121.223514, 31.366314)
2025-07-12 01:23:50,787 - INFO - 📈 进度: 1551/3473 (44.7%)
2025-07-12 01:23:51,788 - INFO - ✅ API调用成功: 121.527656, 31.315001 -> 杨浦区
2025-07-12 01:23:51,792 - INFO - 🔄 正在处理记录 2049: (121.449044, 31.315317)
2025-07-12 01:23:51,792 - INFO - 📈 进度: 1552/3473 (44.7%)
2025-07-12 01:23:52,797 - INFO - ✅ API调用成功: 121.649813, 31.109748 -> 浦东新区
2025-07-12 01:23:52,800 - INFO - 🔄 正在处理记录 2050: (121.353955, 31.217411)
2025-07-12 01:23:52,800 - INFO - 📈 进度: 1553/3473 (44.7%)
2025-07-12 01:23:53,951 - INFO - ✅ API调用成功: 121.705273, 31.09518 -> 浦东新区
2025-07-12 01:23:53,959 - INFO - 🔄 正在处理记录 2051: (121.296209, 31.063385)
2025-07-12 01:23:53,959 - INFO - 📈 进度: 1554/3473 (44.7%)
2025-07-12 01:23:54,840 - INFO - ✅ API调用成功: 121.609414, 31.140724 -> 浦东新区
2025-07-12 01:23:54,845 - INFO - 🔄 正在处理记录 2052: (121.281953, 31.066052)
2025-07-12 01:23:54,845 - INFO - 📈 进度: 1555/3473 (44.8%)
2025-07-12 01:23:55,835 - INFO - ✅ API调用成功: 121.364516, 31.35369 -> 宝山区
2025-07-12 01:23:55,849 - INFO - 🔄 正在处理记录 2053: (121.286319, 31.336247)
2025-07-12 01:23:55,849 - INFO - 📈 进度: 1556/3473 (44.8%)
2025-07-12 01:23:56,873 - INFO - ✅ API调用成功: 121.07386, 30.989107 -> 青浦区
2025-07-12 01:23:56,880 - INFO - 🔄 正在处理记录 2054: (121.164159, 31.27409)
2025-07-12 01:23:56,880 - INFO - 📈 进度: 1557/3473 (44.8%)
2025-07-12 01:23:57,843 - INFO - ✅ API调用成功: 121.363748, 31.071306 -> 闵行区
2025-07-12 01:23:57,846 - INFO - 🔄 正在处理记录 2055: (121.506352, 31.292605)
2025-07-12 01:23:57,846 - INFO - 📈 进度: 1558/3473 (44.9%)
2025-07-12 01:23:58,860 - INFO - ✅ API调用成功: 121.608149, 31.297091 -> 浦东新区
2025-07-12 01:23:58,866 - INFO - 🔄 正在处理记录 2056: (121.502698, 30.830199)
2025-07-12 01:23:58,866 - INFO - 📈 进度: 1559/3473 (44.9%)
2025-07-12 01:23:59,870 - INFO - ✅ API调用成功: 121.601709, 31.293989 -> 浦东新区
2025-07-12 01:23:59,874 - INFO - 🔄 正在处理记录 2057: (121.350612, 31.225435)
2025-07-12 01:23:59,885 - INFO - ✅ 写入 10 条结果到 /Users/songdingan/Downloads/detect_bus/final_station_ranking_with_district.csv
2025-07-12 01:23:59,885 - INFO - 📈 进度: 1560/3473 (44.9%)
2025-07-12 01:24:01,376 - INFO - ✅ API调用成功: 121.740841, 31.235825 -> 浦东新区
2025-07-12 01:24:01,383 - INFO - 🔄 正在处理记录 2058: (121.250269, 31.407617)
2025-07-12 01:24:01,383 - INFO - 📈 进度: 1561/3473 (44.9%)
2025-07-12 01:24:01,905 - INFO - ✅ API调用成功: 121.651575, 31.217859 -> 浦东新区
2025-07-12 01:24:01,922 - INFO - 🔄 正在处理记录 2059: (121.250296, 31.412)
2025-07-12 01:24:01,923 - INFO - 📈 进度: 1562/3473 (45.0%)
2025-07-12 01:24:02,898 - INFO - ✅ API调用成功: 121.507756, 31.360195 -> 宝山区
2025-07-12 01:24:02,901 - INFO - 🔄 正在处理记录 2060: (121.386121, 31.173179)
2025-07-12 01:24:02,902 - INFO - 📈 进度: 1563/3473 (45.0%)
2025-07-12 01:24:03,908 - INFO - ✅ API调用成功: 121.612666, 31.535425 -> 崇明区
2025-07-12 01:24:03,912 - INFO - 🔄 正在处理记录 2061: (121.37741, 31.162138)
2025-07-12 01:24:03,912 - INFO - 📈 进度: 1564/3473 (45.0%)
2025-07-12 01:24:04,900 - INFO - ✅ API调用成功: 121.489888, 31.287608 -> 虹口区
2025-07-12 01:24:04,905 - INFO - 🔄 正在处理记录 2062: (121.443904, 31.208206)
2025-07-12 01:24:04,905 - INFO - 📈 进度: 1565/3473 (45.1%)
2025-07-12 01:24:05,913 - INFO - ✅ API调用成功: 121.330061, 31.152089 -> 松江区
2025-07-12 01:24:05,917 - INFO - 🔄 正在处理记录 2063: (121.427518, 31.218262)
2025-07-12 01:24:05,917 - INFO - 📈 进度: 1566/3473 (45.1%)
2025-07-12 01:24:06,917 - INFO - ✅ API调用成功: 121.481373, 31.169072 -> 浦东新区
2025-07-12 01:24:06,921 - INFO - 🔄 正在处理记录 2064: (121.360894, 31.191897)
2025-07-12 01:24:06,921 - INFO - 📈 进度: 1567/3473 (45.1%)
2025-07-12 01:24:07,899 - INFO - ✅ API调用成功: 121.145432, 31.249117 -> 青浦区
2025-07-12 01:24:07,902 - INFO - 🔄 正在处理记录 2065: (121.474704, 31.227186)
2025-07-12 01:24:07,902 - INFO - 📈 进度: 1568/3473 (45.1%)
2025-07-12 01:24:08,922 - INFO - ✅ API调用成功: 121.50236, 31.317796 -> 宝山区
2025-07-12 01:24:08,930 - INFO - 🔄 正在处理记录 2066: (121.123658, 31.147814)
2025-07-12 01:24:08,931 - INFO - 📈 进度: 1569/3473 (45.2%)
2025-07-12 01:24:09,927 - INFO - ✅ API调用成功: 121.569657, 31.109601 -> 浦东新区
2025-07-12 01:24:09,934 - INFO - 🔄 正在处理记录 2067: (121.378624, 31.1715)
2025-07-12 01:24:09,952 - INFO - ✅ 写入 10 条结果到 /Users/songdingan/Downloads/detect_bus/final_station_ranking_with_district.csv
2025-07-12 01:24:09,952 - INFO - 📈 进度: 1570/3473 (45.2%)
2025-07-12 01:24:10,952 - INFO - ✅ API调用成功: 121.526465, 31.285963 -> 杨浦区
2025-07-12 01:24:10,960 - INFO - 🔄 正在处理记录 2068: (121.36464, 31.318858)
2025-07-12 01:24:10,960 - INFO - 📈 进度: 1571/3473 (45.2%)
2025-07-12 01:24:11,944 - INFO - ✅ API调用成功: 121.508727, 30.957589 -> 奉贤区
2025-07-12 01:24:11,964 - INFO - 🔄 正在处理记录 2069: (121.267346, 31.38529)
2025-07-12 01:24:11,964 - INFO - 📈 进度: 1572/3473 (45.3%)
2025-07-12 01:24:12,962 - INFO - ✅ API调用成功: 121.431937, 31.153432 -> 徐汇区
2025-07-12 01:24:12,967 - INFO - 🔄 正在处理记录 2070: (121.266175, 31.384332)
2025-07-12 01:24:12,967 - INFO - 📈 进度: 1573/3473 (45.3%)
2025-07-12 01:24:14,002 - INFO - ✅ API调用成功: 121.474525, 31.19615 -> 徐汇区
2025-07-12 01:24:14,009 - INFO - 🔄 正在处理记录 2071: (121.330635, 30.736712)
2025-07-12 01:24:14,009 - INFO - 📈 进度: 1574/3473 (45.3%)
2025-07-12 01:24:14,955 - INFO - ✅ API调用成功: 121.634925, 31.047671 -> 浦东新区
2025-07-12 01:24:14,962 - INFO - 🔄 正在处理记录 2072: (121.266157, 31.17047)
2025-07-12 01:24:14,963 - INFO - 📈 进度: 1575/3473 (45.3%)
2025-07-12 01:24:15,959 - INFO - ✅ API调用成功: 121.231831, 31.482405 -> 太仓市
2025-07-12 01:24:15,962 - INFO - 🔄 正在处理记录 2073: (121.396667, 31.10878)
2025-07-12 01:24:15,962 - INFO - 📈 进度: 1576/3473 (45.4%)
2025-07-12 01:24:17,007 - INFO - ✅ API调用成功: 121.486365, 31.204126 -> 黄浦区
2025-07-12 01:24:17,012 - INFO - 🔄 正在处理记录 2074: (121.232931, 31.040945)
2025-07-12 01:24:17,013 - INFO - 📈 进度: 1577/3473 (45.4%)
2025-07-12 01:24:17,977 - INFO - ✅ API调用成功: 121.483241, 31.37321 -> 宝山区
2025-07-12 01:24:17,991 - INFO - 🔄 正在处理记录 2075: (121.579337, 31.28041)
2025-07-12 01:24:17,992 - INFO - 📈 进度: 1578/3473 (45.4%)
2025-07-12 01:24:18,998 - INFO - ✅ API调用成功: 121.190443, 31.278654 -> 嘉定区
2025-07-12 01:24:19,005 - INFO - 🔄 正在处理记录 2076: (121.197155, 30.968362)
2025-07-12 01:24:19,005 - INFO - 📈 进度: 1579/3473 (45.5%)
2025-07-12 01:24:20,002 - INFO - ✅ API调用成功: 121.793097, 30.909122 -> 浦东新区
2025-07-12 01:24:20,004 - INFO - 🔄 正在处理记录 2077: (121.430186, 31.216998)
2025-07-12 01:24:20,018 - INFO - ✅ 写入 10 条结果到 /Users/songdingan/Downloads/detect_bus/final_station_ranking_with_district.csv
2025-07-12 01:24:20,018 - INFO - 📈 进度: 1580/3473 (45.5%)
2025-07-12 01:24:21,445 - INFO - ✅ API调用成功: 121.226112, 31.039521 -> 松江区
2025-07-12 01:24:21,449 - INFO - 🔄 正在处理记录 2078: (121.174946, 30.96958)
2025-07-12 01:24:21,449 - INFO - 📈 进度: 1581/3473 (45.5%)
2025-07-12 01:24:22,035 - INFO - ✅ API调用成功: 121.571946, 31.301488 -> 浦东新区
2025-07-12 01:24:22,048 - INFO - 🔄 正在处理记录 2079: (121.395096, 31.362056)
2025-07-12 01:24:22,048 - INFO - 📈 进度: 1582/3473 (45.6%)
2025-07-12 01:24:23,021 - INFO - ✅ API调用成功: 121.740379, 31.126699 -> 浦东新区
2025-07-12 01:24:23,026 - INFO - 🔄 正在处理记录 2080: (121.745998, 31.055504)
2025-07-12 01:24:23,026 - INFO - 📈 进度: 1583/3473 (45.6%)
2025-07-12 01:24:24,050 - INFO - ✅ API调用成功: 121.667219, 31.107525 -> 浦东新区
2025-07-12 01:24:24,057 - INFO - 🔄 正在处理记录 2081: (121.271154, 30.92036)
2025-07-12 01:24:24,058 - INFO - 📈 进度: 1584/3473 (45.6%)
2025-07-12 01:24:25,039 - INFO - ✅ API调用成功: 121.232443, 31.106791 -> 松江区
2025-07-12 01:24:25,046 - INFO - 🔄 正在处理记录 2082: (121.270472, 30.928969)
2025-07-12 01:24:25,046 - INFO - 📈 进度: 1585/3473 (45.6%)
2025-07-12 01:24:26,052 - INFO - ✅ API调用成功: 121.217234, 31.06093 -> 松江区
2025-07-12 01:24:26,061 - INFO - 🔄 正在处理记录 2083: (121.717274, 30.978267)
2025-07-12 01:24:26,061 - INFO - 📈 进度: 1586/3473 (45.7%)
2025-07-12 01:24:27,082 - INFO - ✅ API调用成功: 121.242984, 31.019425 -> 松江区
2025-07-12 01:24:27,088 - INFO - 🔄 正在处理记录 2084: (121.269277, 31.406639)
2025-07-12 01:24:27,089 - INFO - 📈 进度: 1587/3473 (45.7%)
2025-07-12 01:24:28,078 - INFO - ✅ API调用成功: 121.670823, 31.145972 -> 浦东新区
2025-07-12 01:24:28,087 - INFO - 🔄 正在处理记录 2085: (121.228296, 31.006798)
2025-07-12 01:24:28,087 - INFO - 📈 进度: 1588/3473 (45.7%)
2025-07-12 01:24:29,236 - INFO - ✅ API调用成功: 121.442191, 31.235418 -> 静安区
2025-07-12 01:24:29,244 - INFO - 🔄 正在处理记录 2086: (121.350677, 30.737333)
2025-07-12 01:24:29,244 - INFO - 📈 进度: 1589/3473 (45.8%)
2025-07-12 01:24:30,144 - INFO - ✅ API调用成功: 121.420902, 31.272757 -> 普陀区
2025-07-12 01:24:30,162 - INFO - 🔄 正在处理记录 2087: (121.30701, 30.748107)
2025-07-12 01:24:30,172 - INFO - ✅ 写入 10 条结果到 /Users/songdingan/Downloads/detect_bus/final_station_ranking_with_district.csv
2025-07-12 01:24:30,172 - INFO - 📈 进度: 1590/3473 (45.8%)
2025-07-12 01:24:31,070 - INFO - ✅ API调用成功: 121.223514, 31.366314 -> 嘉定区
2025-07-12 01:24:31,084 - INFO - 🔄 正在处理记录 2088: (121.511806, 31.309977)
2025-07-12 01:24:31,084 - INFO - 📈 进度: 1591/3473 (45.8%)
2025-07-12 01:24:32,069 - INFO - ✅ API调用成功: 121.449044, 31.315317 -> 静安区
2025-07-12 01:24:32,074 - INFO - 🔄 正在处理记录 2089: (121.479946, 30.951532)
2025-07-12 01:24:32,074 - INFO - 📈 进度: 1592/3473 (45.8%)
2025-07-12 01:24:33,112 - INFO - ✅ API调用成功: 121.353955, 31.217411 -> 长宁区
2025-07-12 01:24:33,116 - INFO - 🔄 正在处理记录 2090: (121.234729, 30.762736)
2025-07-12 01:24:33,116 - INFO - 📈 进度: 1593/3473 (45.9%)
2025-07-12 01:24:34,111 - INFO - ✅ API调用成功: 121.296209, 31.063385 -> 松江区
2025-07-12 01:24:34,116 - INFO - 🔄 正在处理记录 2091: (121.259504, 30.859221)
2025-07-12 01:24:34,116 - INFO - 📈 进度: 1594/3473 (45.9%)
2025-07-12 01:24:35,281 - INFO - ✅ API调用成功: 121.281953, 31.066052 -> 松江区
2025-07-12 01:24:35,289 - INFO - 🔄 正在处理记录 2092: (121.333084, 30.747258)
2025-07-12 01:24:35,289 - INFO - 📈 进度: 1595/3473 (45.9%)
2025-07-12 01:24:36,108 - INFO - ✅ API调用成功: 121.286319, 31.336247 -> 嘉定区
2025-07-12 01:24:36,113 - INFO - 🔄 正在处理记录 2093: (121.299202, 31.205055)
2025-07-12 01:24:36,113 - INFO - 📈 进度: 1596/3473 (46.0%)
2025-07-12 01:24:37,106 - INFO - ✅ API调用成功: 121.164159, 31.27409 -> 青浦区
2025-07-12 01:24:37,110 - INFO - 🔄 正在处理记录 2094: (121.490232, 31.252996)
2025-07-12 01:24:37,110 - INFO - 📈 进度: 1597/3473 (46.0%)
2025-07-12 01:24:38,131 - INFO - ✅ API调用成功: 121.506352, 31.292605 -> 杨浦区
2025-07-12 01:24:38,135 - INFO - 🔄 正在处理记录 2095: (121.126929, 31.154337)
2025-07-12 01:24:38,136 - INFO - 📈 进度: 1598/3473 (46.0%)
2025-07-12 01:24:39,126 - INFO - ✅ API调用成功: 121.502698, 30.830199 -> 奉贤区
2025-07-12 01:24:39,131 - INFO - 🔄 正在处理记录 2096: (121.442285, 31.300116)
2025-07-12 01:24:39,132 - INFO - 📈 进度: 1599/3473 (46.0%)
2025-07-12 01:24:40,122 - INFO - ✅ API调用成功: 121.350612, 31.225435 -> 长宁区
2025-07-12 01:24:40,128 - INFO - 🔄 正在处理记录 2097: (121.249129, 31.103234)
2025-07-12 01:24:40,144 - INFO - ✅ 写入 10 条结果到 /Users/songdingan/Downloads/detect_bus/final_station_ranking_with_district.csv
2025-07-12 01:24:40,144 - INFO - 📈 进度: 1600/3473 (46.1%)
2025-07-12 01:24:41,158 - INFO - ✅ API调用成功: 121.250269, 31.407617 -> 嘉定区
2025-07-12 01:24:41,164 - INFO - 🔄 正在处理记录 2098: (121.448037, 31.042649)
2025-07-12 01:24:41,165 - INFO - 📈 进度: 1601/3473 (46.1%)
2025-07-12 01:24:42,168 - INFO - ✅ API调用成功: 121.250296, 31.412 -> 嘉定区
2025-07-12 01:24:42,172 - INFO - 🔄 正在处理记录 2099: (121.524757, 31.231391)
2025-07-12 01:24:42,172 - INFO - 📈 进度: 1602/3473 (46.1%)
2025-07-12 01:24:43,141 - INFO - ✅ API调用成功: 121.386121, 31.173179 -> 闵行区
2025-07-12 01:24:43,145 - INFO - 🔄 正在处理记录 2100: (121.414168, 31.167713)
2025-07-12 01:24:43,145 - INFO - 📈 进度: 1603/3473 (46.2%)
2025-07-12 01:24:44,180 - INFO - ✅ API调用成功: 121.37741, 31.162138 -> 闵行区
2025-07-12 01:24:44,184 - INFO - 🔄 正在处理记录 2101: (121.288267, 31.8193)
2025-07-12 01:24:44,185 - INFO - 📈 进度: 1604/3473 (46.2%)
2025-07-12 01:24:45,182 - INFO - ✅ API调用成功: 121.443904, 31.208206 -> 徐汇区
2025-07-12 01:24:45,191 - INFO - 🔄 正在处理记录 2102: (121.284764, 31.08473)
2025-07-12 01:24:45,191 - INFO - 📈 进度: 1605/3473 (46.2%)
2025-07-12 01:24:46,192 - INFO - ✅ API调用成功: 121.427518, 31.218262 -> 长宁区
2025-07-12 01:24:46,199 - INFO - 🔄 正在处理记录 2103: (121.452945, 31.292661)
2025-07-12 01:24:46,200 - INFO - 📈 进度: 1606/3473 (46.2%)
2025-07-12 01:24:47,204 - INFO - ✅ API调用成功: 121.360894, 31.191897 -> 长宁区
2025-07-12 01:24:47,212 - INFO - 🔄 正在处理记录 2104: (121.760151, 31.059555)
2025-07-12 01:24:47,212 - INFO - 📈 进度: 1607/3473 (46.3%)
2025-07-12 01:24:48,201 - INFO - ✅ API调用成功: 121.474704, 31.227186 -> 黄浦区
2025-07-12 01:24:48,211 - INFO - 🔄 正在处理记录 2105: (121.395096, 31.362056)
2025-07-12 01:24:48,211 - INFO - 📈 进度: 1608/3473 (46.3%)
2025-07-12 01:24:49,216 - INFO - ✅ API调用成功: 121.123658, 31.147814 -> 青浦区
2025-07-12 01:24:49,234 - INFO - 🔄 正在处理记录 2106: (121.524809, 30.822465)
2025-07-12 01:24:49,234 - INFO - 📈 进度: 1609/3473 (46.3%)
2025-07-12 01:24:50,232 - INFO - ✅ API调用成功: 121.378624, 31.1715 -> 闵行区
2025-07-12 01:24:50,241 - INFO - 🔄 正在处理记录 2107: (121.277364, 31.186258)
2025-07-12 01:24:50,258 - INFO - ✅ 写入 10 条结果到 /Users/songdingan/Downloads/detect_bus/final_station_ranking_with_district.csv
2025-07-12 01:24:50,259 - INFO - 📈 进度: 1610/3473 (46.4%)
2025-07-12 01:24:51,214 - INFO - ✅ API调用成功: 121.36464, 31.318858 -> 宝山区
2025-07-12 01:24:51,222 - INFO - 🔄 正在处理记录 2108: (121.154909, 31.142685)
2025-07-12 01:24:51,222 - INFO - 📈 进度: 1611/3473 (46.4%)
2025-07-12 01:24:52,243 - INFO - ✅ API调用成功: 121.267346, 31.38529 -> 嘉定区
2025-07-12 01:24:52,250 - INFO - 🔄 正在处理记录 2109: (121.25607, 31.0296)
2025-07-12 01:24:52,250 - INFO - 📈 进度: 1612/3473 (46.4%)
2025-07-12 01:24:53,215 - INFO - ✅ API调用成功: 121.266175, 31.384332 -> 嘉定区
2025-07-12 01:24:53,221 - INFO - 🔄 正在处理记录 2110: (121.423968, 31.271667)
2025-07-12 01:24:53,221 - INFO - 📈 进度: 1613/3473 (46.4%)
2025-07-12 01:24:54,337 - INFO - ✅ API调用成功: 121.330635, 30.736712 -> 金山区
2025-07-12 01:24:54,342 - INFO - 🔄 正在处理记录 2111: (121.042352, 31.112591)
2025-07-12 01:24:54,342 - INFO - 📈 进度: 1614/3473 (46.5%)
2025-07-12 01:24:55,248 - INFO - ✅ API调用成功: 121.266157, 31.17047 -> 青浦区
2025-07-12 01:24:55,261 - INFO - 🔄 正在处理记录 2112: (121.242837, 31.014342)
2025-07-12 01:24:55,261 - INFO - 📈 进度: 1615/3473 (46.5%)
2025-07-12 01:24:56,251 - INFO - ✅ API调用成功: 121.396667, 31.10878 -> 闵行区
2025-07-12 01:24:56,257 - INFO - 🔄 正在处理记录 2113: (121.203345, 31.004813)
2025-07-12 01:24:56,257 - INFO - 📈 进度: 1616/3473 (46.5%)
2025-07-12 01:24:57,265 - INFO - ✅ API调用成功: 121.232931, 31.040945 -> 松江区
2025-07-12 01:24:57,271 - INFO - 🔄 正在处理记录 2114: (121.201996, 31.015258)
2025-07-12 01:24:57,271 - INFO - 📈 进度: 1617/3473 (46.6%)
2025-07-12 01:24:58,289 - INFO - ✅ API调用成功: 121.579337, 31.28041 -> 浦东新区
2025-07-12 01:24:58,297 - INFO - 🔄 正在处理记录 2115: (121.4848, 31.204624)
2025-07-12 01:24:58,297 - INFO - 📈 进度: 1618/3473 (46.6%)
2025-07-12 01:24:59,286 - INFO - ✅ API调用成功: 121.197155, 30.968362 -> 松江区
2025-07-12 01:24:59,294 - INFO - 🔄 正在处理记录 2116: (121.224519, 31.005447)
2025-07-12 01:24:59,294 - INFO - 📈 进度: 1619/3473 (46.6%)
2025-07-12 01:25:00,308 - INFO - ✅ API调用成功: 121.430186, 31.216998 -> 长宁区
2025-07-12 01:25:00,314 - INFO - 🔄 正在处理记录 2117: (121.225872, 31.008823)
2025-07-12 01:25:00,328 - INFO - ✅ 写入 10 条结果到 /Users/songdingan/Downloads/detect_bus/final_station_ranking_with_district.csv
2025-07-12 01:25:00,329 - INFO - 📈 进度: 1620/3473 (46.6%)
2025-07-12 01:25:01,265 - INFO - ✅ API调用成功: 121.174946, 30.96958 -> 松江区
2025-07-12 01:25:01,278 - INFO - 🔄 正在处理记录 2118: (121.158983, 31.288692)
2025-07-12 01:25:01,278 - INFO - 📈 进度: 1621/3473 (46.7%)
2025-07-12 01:25:02,297 - INFO - ✅ API调用成功: 121.395096, 31.362056 -> 宝山区
2025-07-12 01:25:02,302 - INFO - 🔄 正在处理记录 2119: (121.158304, 31.293383)
2025-07-12 01:25:02,302 - INFO - 📈 进度: 1622/3473 (46.7%)
2025-07-12 01:25:03,293 - INFO - ✅ API调用成功: 121.745998, 31.055504 -> 浦东新区
2025-07-12 01:25:03,299 - INFO - 🔄 正在处理记录 2120: (121.875578, 30.911844)
2025-07-12 01:25:03,299 - INFO - 📈 进度: 1623/3473 (46.7%)
2025-07-12 01:25:04,302 - INFO - ✅ API调用成功: 121.271154, 30.92036 -> 松江区
2025-07-12 01:25:04,309 - INFO - 🔄 正在处理记录 2121: (121.120476, 31.148182)
2025-07-12 01:25:04,309 - INFO - 📈 进度: 1624/3473 (46.8%)
2025-07-12 01:25:05,323 - INFO - ✅ API调用成功: 121.270472, 30.928969 -> 松江区
2025-07-12 01:25:05,329 - INFO - 🔄 正在处理记录 2122: (121.450077, 31.274444)
2025-07-12 01:25:05,329 - INFO - 📈 进度: 1625/3473 (46.8%)
2025-07-12 01:25:06,322 - INFO - ✅ API调用成功: 121.717274, 30.978267 -> 奉贤区
2025-07-12 01:25:06,326 - INFO - 🔄 正在处理记录 2123: (121.455764, 31.263996)
2025-07-12 01:25:06,326 - INFO - 📈 进度: 1626/3473 (46.8%)
2025-07-12 01:25:07,339 - INFO - ✅ API调用成功: 121.269277, 31.406639 -> 嘉定区
2025-07-12 01:25:07,356 - INFO - 🔄 正在处理记录 2124: (121.275482, 31.194163)
2025-07-12 01:25:07,356 - INFO - 📈 进度: 1627/3473 (46.8%)
2025-07-12 01:25:08,336 - INFO - ✅ API调用成功: 121.228296, 31.006798 -> 松江区
2025-07-12 01:25:08,343 - INFO - 🔄 正在处理记录 2125: (121.564629, 31.261465)
2025-07-12 01:25:08,343 - INFO - 📈 进度: 1628/3473 (46.9%)
2025-07-12 01:25:09,351 - INFO - ✅ API调用成功: 121.350677, 30.737333 -> 金山区
2025-07-12 01:25:09,358 - INFO - 🔄 正在处理记录 2126: (121.636494, 30.926772)
2025-07-12 01:25:09,358 - INFO - 📈 进度: 1629/3473 (46.9%)
2025-07-12 01:25:10,357 - INFO - ✅ API调用成功: 121.30701, 30.748107 -> 金山区
2025-07-12 01:25:10,363 - INFO - 🔄 正在处理记录 2127: (121.677716, 30.928046)
2025-07-12 01:25:10,373 - INFO - ✅ 写入 10 条结果到 /Users/songdingan/Downloads/detect_bus/final_station_ranking_with_district.csv
2025-07-12 01:25:10,373 - INFO - 📈 进度: 1630/3473 (46.9%)
2025-07-12 01:25:11,359 - INFO - ✅ API调用成功: 121.511806, 31.309977 -> 杨浦区
2025-07-12 01:25:11,365 - INFO - 🔄 正在处理记录 2128: (121.17036, 31.14804)
2025-07-12 01:25:11,365 - INFO - 📈 进度: 1631/3473 (47.0%)
2025-07-12 01:25:12,356 - INFO - ✅ API调用成功: 121.479946, 30.951532 -> 奉贤区
2025-07-12 01:25:12,362 - INFO - 🔄 正在处理记录 2129: (121.128939, 31.153242)
2025-07-12 01:25:12,363 - INFO - 📈 进度: 1632/3473 (47.0%)
2025-07-12 01:25:13,367 - INFO - ✅ API调用成功: 121.234729, 30.762736 -> 平湖市
2025-07-12 01:25:13,385 - INFO - 🔄 正在处理记录 2130: (121.580673, 31.097838)
2025-07-12 01:25:13,386 - INFO - 📈 进度: 1633/3473 (47.0%)
2025-07-12 01:25:14,388 - INFO - ✅ API调用成功: 121.259504, 30.859221 -> 金山区
2025-07-12 01:25:14,395 - INFO - 🔄 正在处理记录 2131: (121.334585, 31.089694)
2025-07-12 01:25:14,396 - INFO - 📈 进度: 1634/3473 (47.0%)
2025-07-12 01:25:15,373 - INFO - ✅ API调用成功: 121.333084, 30.747258 -> 金山区
2025-07-12 01:25:15,378 - INFO - 🔄 正在处理记录 2132: (121.36091, 31.182613)
2025-07-12 01:25:15,378 - INFO - 📈 进度: 1635/3473 (47.1%)
2025-07-12 01:25:16,414 - INFO - ✅ API调用成功: 121.299202, 31.205055 -> 青浦区
2025-07-12 01:25:16,424 - INFO - 🔄 正在处理记录 2133: (121.546522, 31.02992)
2025-07-12 01:25:16,425 - INFO - 📈 进度: 1636/3473 (47.1%)
2025-07-12 01:25:17,419 - INFO - ✅ API调用成功: 121.490232, 31.252996 -> 虹口区
2025-07-12 01:25:17,427 - INFO - 🔄 正在处理记录 2134: (121.26963, 31.39232)
2025-07-12 01:25:17,427 - INFO - 📈 进度: 1637/3473 (47.1%)
2025-07-12 01:25:18,440 - INFO - ✅ API调用成功: 121.126929, 31.154337 -> 青浦区
2025-07-12 01:25:18,445 - INFO - 🔄 正在处理记录 2135: (121.293981, 30.93168)
2025-07-12 01:25:18,445 - INFO - 📈 进度: 1638/3473 (47.2%)
2025-07-12 01:25:19,460 - INFO - ✅ API调用成功: 121.442285, 31.300116 -> 静安区
2025-07-12 01:25:19,477 - INFO - 🔄 正在处理记录 2136: (121.454526, 30.908963)
2025-07-12 01:25:19,477 - INFO - 📈 进度: 1639/3473 (47.2%)
2025-07-12 01:25:20,451 - INFO - ✅ API调用成功: 121.249129, 31.103234 -> 松江区
2025-07-12 01:25:20,457 - INFO - 🔄 正在处理记录 2137: (121.242566, 31.115347)
2025-07-12 01:25:20,473 - INFO - ✅ 写入 10 条结果到 /Users/songdingan/Downloads/detect_bus/final_station_ranking_with_district.csv
2025-07-12 01:25:20,473 - INFO - 📈 进度: 1640/3473 (47.2%)
2025-07-12 01:25:21,418 - INFO - ✅ API调用成功: 121.448037, 31.042649 -> 闵行区
2025-07-12 01:25:21,422 - INFO - 🔄 正在处理记录 2138: (121.23009, 31.105743)
2025-07-12 01:25:21,423 - INFO - 📈 进度: 1641/3473 (47.3%)
2025-07-12 01:25:22,485 - INFO - ✅ API调用成功: 121.524757, 31.231391 -> 浦东新区
2025-07-12 01:25:22,490 - INFO - 🔄 正在处理记录 2139: (121.307453, 31.098578)
2025-07-12 01:25:22,490 - INFO - 📈 进度: 1642/3473 (47.3%)
2025-07-12 01:25:23,462 - INFO - ✅ API调用成功: 121.414168, 31.167713 -> 徐汇区
2025-07-12 01:25:23,467 - INFO - 🔄 正在处理记录 2140: (121.458818, 31.208944)
2025-07-12 01:25:23,467 - INFO - 📈 进度: 1643/3473 (47.3%)
2025-07-12 01:25:24,422 - INFO - ✅ API调用成功: 121.288267, 31.8193 -> 崇明区
2025-07-12 01:25:24,427 - INFO - 🔄 正在处理记录 2141: (121.233315, 31.288442)
2025-07-12 01:25:24,427 - INFO - 📈 进度: 1644/3473 (47.3%)
2025-07-12 01:25:25,649 - INFO - ✅ API调用成功: 121.284764, 31.08473 -> 松江区
2025-07-12 01:25:25,654 - INFO - 🔄 正在处理记录 2142: (121.221612, 31.289208)
2025-07-12 01:25:25,654 - INFO - 📈 进度: 1645/3473 (47.4%)
2025-07-12 01:25:26,470 - INFO - ✅ API调用成功: 121.452945, 31.292661 -> 静安区
2025-07-12 01:25:26,474 - INFO - 🔄 正在处理记录 2143: (121.648031, 30.915038)
2025-07-12 01:25:26,474 - INFO - 📈 进度: 1646/3473 (47.4%)
2025-07-12 01:25:27,489 - INFO - ✅ API调用成功: 121.760151, 31.059555 -> 浦东新区
2025-07-12 01:25:27,502 - INFO - 🔄 正在处理记录 2144: (121.336463, 30.73942)
2025-07-12 01:25:27,503 - INFO - 📈 进度: 1647/3473 (47.4%)
2025-07-12 01:25:28,485 - INFO - ✅ API调用成功: 121.395096, 31.362056 -> 宝山区
2025-07-12 01:25:28,492 - INFO - 🔄 正在处理记录 2145: (121.354386, 30.731941)
2025-07-12 01:25:28,492 - INFO - 📈 进度: 1648/3473 (47.5%)
2025-07-12 01:25:29,504 - INFO - ✅ API调用成功: 121.524809, 30.822465 -> 奉贤区
2025-07-12 01:25:29,522 - INFO - 🔄 正在处理记录 2146: (121.346672, 31.015009)
2025-07-12 01:25:29,522 - INFO - 📈 进度: 1649/3473 (47.5%)
2025-07-12 01:25:30,486 - INFO - ✅ API调用成功: 121.277364, 31.186258 -> 青浦区
2025-07-12 01:25:30,493 - INFO - 🔄 正在处理记录 2147: (121.353786, 31.017712)
2025-07-12 01:25:30,509 - INFO - ✅ 写入 10 条结果到 /Users/songdingan/Downloads/detect_bus/final_station_ranking_with_district.csv
2025-07-12 01:25:30,510 - INFO - 📈 进度: 1650/3473 (47.5%)
2025-07-12 01:25:31,489 - INFO - ✅ API调用成功: 121.154909, 31.142685 -> 青浦区
2025-07-12 01:25:31,495 - INFO - 🔄 正在处理记录 2148: (121.095011, 31.175168)
2025-07-12 01:25:31,496 - INFO - 📈 进度: 1651/3473 (47.5%)
2025-07-12 01:25:32,524 - INFO - ✅ API调用成功: 121.25607, 31.0296 -> 松江区
2025-07-12 01:25:32,533 - INFO - 🔄 正在处理记录 2149: (121.502382, 30.839742)
2025-07-12 01:25:32,533 - INFO - 📈 进度: 1652/3473 (47.6%)
2025-07-12 01:25:33,525 - INFO - ✅ API调用成功: 121.423968, 31.271667 -> 普陀区
2025-07-12 01:25:33,531 - INFO - 🔄 正在处理记录 2150: (121.475638, 31.255682)
2025-07-12 01:25:33,531 - INFO - 📈 进度: 1653/3473 (47.6%)
2025-07-12 01:25:34,519 - INFO - ✅ API调用成功: 121.042352, 31.112591 -> 青浦区
2025-07-12 01:25:34,528 - INFO - 🔄 正在处理记录 2151: (121.406117, 31.144117)
2025-07-12 01:25:34,528 - INFO - 📈 进度: 1654/3473 (47.6%)
2025-07-12 01:25:35,601 - INFO - ✅ API调用成功: 121.242837, 31.014342 -> 松江区
2025-07-12 01:25:35,605 - INFO - 🔄 正在处理记录 2152: (121.437376, 31.299601)
2025-07-12 01:25:35,606 - INFO - 📈 进度: 1655/3473 (47.7%)
2025-07-12 01:25:36,517 - INFO - ✅ API调用成功: 121.203345, 31.004813 -> 松江区
2025-07-12 01:25:36,521 - INFO - 🔄 正在处理记录 2153: (121.348379, 30.761666)
2025-07-12 01:25:36,522 - INFO - 📈 进度: 1656/3473 (47.7%)
2025-07-12 01:25:37,517 - INFO - ✅ API调用成功: 121.201996, 31.015258 -> 松江区
2025-07-12 01:25:37,522 - INFO - 🔄 正在处理记录 2154: (121.351886, 30.762927)
2025-07-12 01:25:37,522 - INFO - 📈 进度: 1657/3473 (47.7%)
2025-07-12 01:25:38,552 - INFO - ✅ API调用成功: 121.4848, 31.204624 -> 黄浦区
2025-07-12 01:25:38,558 - INFO - 🔄 正在处理记录 2155: (121.389123, 31.135107)
2025-07-12 01:25:38,558 - INFO - 📈 进度: 1658/3473 (47.7%)
2025-07-12 01:25:39,565 - INFO - ✅ API调用成功: 121.224519, 31.005447 -> 松江区
2025-07-12 01:25:39,571 - INFO - 🔄 正在处理记录 2156: (121.524564, 31.29059)
2025-07-12 01:25:39,572 - INFO - 📈 进度: 1659/3473 (47.8%)
2025-07-12 01:25:40,554 - INFO - ✅ API调用成功: 121.225872, 31.008823 -> 松江区
2025-07-12 01:25:40,562 - INFO - 🔄 正在处理记录 2157: (121.354386, 30.731941)
2025-07-12 01:25:40,581 - INFO - ✅ 写入 10 条结果到 /Users/songdingan/Downloads/detect_bus/final_station_ranking_with_district.csv
2025-07-12 01:25:40,581 - INFO - 📈 进度: 1660/3473 (47.8%)
2025-07-12 01:25:41,559 - INFO - ✅ API调用成功: 121.158983, 31.288692 -> 昆山市
2025-07-12 01:25:41,563 - INFO - 🔄 正在处理记录 2158: (121.346751, 30.990122)
2025-07-12 01:25:41,563 - INFO - 📈 进度: 1661/3473 (47.8%)
2025-07-12 01:25:42,553 - INFO - ✅ API调用成功: 121.158304, 31.293383 -> 昆山市
2025-07-12 01:25:42,558 - INFO - 🔄 正在处理记录 2159: (121.415645, 31.159165)
2025-07-12 01:25:42,558 - INFO - 📈 进度: 1662/3473 (47.9%)
2025-07-12 01:25:43,549 - INFO - ✅ API调用成功: 121.875578, 30.911844 -> 浦东新区
2025-07-12 01:25:43,554 - INFO - 🔄 正在处理记录 2160: (121.437919, 31.171977)
2025-07-12 01:25:43,554 - INFO - 📈 进度: 1663/3473 (47.9%)
2025-07-12 01:25:44,575 - INFO - ✅ API调用成功: 121.120476, 31.148182 -> 青浦区
2025-07-12 01:25:44,579 - INFO - 🔄 正在处理记录 2161: (121.286419, 31.173059)
2025-07-12 01:25:44,580 - INFO - 📈 进度: 1664/3473 (47.9%)
2025-07-12 01:25:45,588 - INFO - ✅ API调用成功: 121.450077, 31.274444 -> 静安区
2025-07-12 01:25:45,605 - INFO - 🔄 正在处理记录 2162: (121.191268, 31.130451)
2025-07-12 01:25:45,605 - INFO - 📈 进度: 1665/3473 (47.9%)
2025-07-12 01:25:46,639 - INFO - ✅ API调用成功: 121.455764, 31.263996 -> 普陀区
2025-07-12 01:25:46,646 - INFO - 🔄 正在处理记录 2163: (121.237637, 31.391563)
2025-07-12 01:25:46,646 - INFO - 📈 进度: 1666/3473 (48.0%)
2025-07-12 01:25:47,618 - INFO - ✅ API调用成功: 121.275482, 31.194163 -> 青浦区
2025-07-12 01:25:47,626 - INFO - 🔄 正在处理记录 2164: (121.238497, 31.393472)
2025-07-12 01:25:47,626 - INFO - 📈 进度: 1667/3473 (48.0%)
2025-07-12 01:25:48,623 - INFO - ✅ API调用成功: 121.564629, 31.261465 -> 浦东新区
2025-07-12 01:25:48,635 - INFO - 🔄 正在处理记录 2165: (121.157565, 31.253074)
2025-07-12 01:25:48,636 - INFO - 📈 进度: 1668/3473 (48.0%)
2025-07-12 01:25:49,619 - INFO - ✅ API调用成功: 121.636494, 30.926772 -> 奉贤区
2025-07-12 01:25:49,635 - INFO - 🔄 正在处理记录 2166: (121.438927, 31.271751)
2025-07-12 01:25:49,635 - INFO - 📈 进度: 1669/3473 (48.1%)
2025-07-12 01:25:50,642 - INFO - ✅ API调用成功: 121.677716, 30.928046 -> 奉贤区
2025-07-12 01:25:50,649 - INFO - 🔄 正在处理记录 2167: (121.536385, 31.313612)
2025-07-12 01:25:50,665 - INFO - ✅ 写入 10 条结果到 /Users/songdingan/Downloads/detect_bus/final_station_ranking_with_district.csv
2025-07-12 01:25:50,665 - INFO - 📈 进度: 1670/3473 (48.1%)
2025-07-12 01:25:51,619 - INFO - ✅ API调用成功: 121.17036, 31.14804 -> 青浦区
2025-07-12 01:25:51,624 - INFO - 🔄 正在处理记录 2168: (121.439902, 31.222409)
2025-07-12 01:25:51,624 - INFO - 📈 进度: 1671/3473 (48.1%)
2025-07-12 01:25:52,626 - INFO - ✅ API调用成功: 121.128939, 31.153242 -> 青浦区
2025-07-12 01:25:52,633 - INFO - 🔄 正在处理记录 2169: (121.601738, 31.229558)
2025-07-12 01:25:52,633 - INFO - 📈 进度: 1672/3473 (48.1%)
2025-07-12 01:25:53,612 - INFO - ✅ API调用成功: 121.580673, 31.097838 -> 浦东新区
2025-07-12 01:25:53,616 - INFO - 🔄 正在处理记录 2170: (121.455107, 31.19026)
2025-07-12 01:25:53,616 - INFO - 📈 进度: 1673/3473 (48.2%)
2025-07-12 01:25:54,679 - INFO - ✅ API调用成功: 121.334585, 31.089694 -> 松江区
2025-07-12 01:25:54,686 - INFO - 🔄 正在处理记录 2171: (121.278774, 31.47512)
2025-07-12 01:25:54,687 - INFO - 📈 进度: 1674/3473 (48.2%)
2025-07-12 01:25:55,637 - INFO - ✅ API调用成功: 121.36091, 31.182613 -> 闵行区
2025-07-12 01:25:55,642 - INFO - 🔄 正在处理记录 2172: (121.511216, 31.33772)
2025-07-12 01:25:55,642 - INFO - 📈 进度: 1675/3473 (48.2%)
2025-07-12 01:25:56,640 - INFO - ✅ API调用成功: 121.546522, 31.02992 -> 闵行区
2025-07-12 01:25:56,652 - INFO - 🔄 正在处理记录 2173: (121.23117, 31.021147)
2025-07-12 01:25:56,652 - INFO - 📈 进度: 1676/3473 (48.3%)
2025-07-12 01:25:57,663 - INFO - ✅ API调用成功: 121.26963, 31.39232 -> 嘉定区
2025-07-12 01:25:57,675 - INFO - 🔄 正在处理记录 2174: (121.501139, 31.12792)
2025-07-12 01:25:57,676 - INFO - 📈 进度: 1677/3473 (48.3%)
2025-07-12 01:25:58,676 - INFO - ✅ API调用成功: 121.293981, 30.93168 -> 松江区
2025-07-12 01:25:58,683 - INFO - 🔄 正在处理记录 2175: (121.217409, 31.013198)
2025-07-12 01:25:58,683 - INFO - 📈 进度: 1678/3473 (48.3%)
2025-07-12 01:25:59,669 - INFO - ✅ API调用成功: 121.454526, 30.908963 -> 奉贤区
2025-07-12 01:25:59,682 - INFO - 🔄 正在处理记录 2176: (121.212968, 31.035841)
2025-07-12 01:25:59,683 - INFO - 📈 进度: 1679/3473 (48.3%)
2025-07-12 01:26:00,655 - INFO - ✅ API调用成功: 121.242566, 31.115347 -> 松江区
2025-07-12 01:26:00,668 - INFO - 🔄 正在处理记录 2177: (121.48775, 31.254733)
2025-07-12 01:26:00,692 - INFO - ✅ 写入 10 条结果到 /Users/songdingan/Downloads/detect_bus/final_station_ranking_with_district.csv
2025-07-12 01:26:00,692 - INFO - 📈 进度: 1680/3473 (48.4%)
2025-07-12 01:26:01,661 - INFO - ✅ API调用成功: 121.23009, 31.105743 -> 松江区
2025-07-12 01:26:01,667 - INFO - 🔄 正在处理记录 2178: (121.492538, 31.253761)
2025-07-12 01:26:01,667 - INFO - 📈 进度: 1681/3473 (48.4%)
2025-07-12 01:26:02,696 - INFO - ✅ API调用成功: 121.307453, 31.098578 -> 松江区
2025-07-12 01:26:02,717 - INFO - 🔄 正在处理记录 2179: (121.502765, 31.270589)
2025-07-12 01:26:02,717 - INFO - 📈 进度: 1682/3473 (48.4%)
2025-07-12 01:26:03,701 - INFO - ✅ API调用成功: 121.458818, 31.208944 -> 徐汇区
2025-07-12 01:26:03,708 - INFO - 🔄 正在处理记录 2180: (121.44697, 31.236093)
2025-07-12 01:26:03,708 - INFO - 📈 进度: 1683/3473 (48.5%)
2025-07-12 01:26:04,704 - INFO - ✅ API调用成功: 121.233315, 31.288442 -> 嘉定区
2025-07-12 01:26:04,724 - INFO - 🔄 正在处理记录 2181: (121.34157, 31.082079)
2025-07-12 01:26:04,724 - INFO - 📈 进度: 1684/3473 (48.5%)
2025-07-12 01:26:05,729 - INFO - ✅ API调用成功: 121.221612, 31.289208 -> 嘉定区
2025-07-12 01:26:05,738 - INFO - 🔄 正在处理记录 2182: (121.161292, 31.274994)
2025-07-12 01:26:05,738 - INFO - 📈 进度: 1685/3473 (48.5%)
2025-07-12 01:26:06,703 - INFO - ✅ API调用成功: 121.648031, 30.915038 -> 奉贤区
2025-07-12 01:26:06,710 - INFO - 🔄 正在处理记录 2183: (121.218444, 31.00737)
2025-07-12 01:26:06,710 - INFO - 📈 进度: 1686/3473 (48.5%)
2025-07-12 01:26:07,714 - INFO - ✅ API调用成功: 121.336463, 30.73942 -> 金山区
2025-07-12 01:26:07,722 - INFO - 🔄 正在处理记录 2184: (121.2787, 31.220831)
2025-07-12 01:26:07,722 - INFO - 📈 进度: 1687/3473 (48.6%)
2025-07-12 01:26:08,725 - INFO - ✅ API调用成功: 121.354386, 30.731941 -> 金山区
2025-07-12 01:26:08,732 - INFO - 🔄 正在处理记录 2185: (121.130874, 31.147601)
2025-07-12 01:26:08,732 - INFO - 📈 进度: 1688/3473 (48.6%)
2025-07-12 01:26:09,739 - INFO - ✅ API调用成功: 121.346672, 31.015009 -> 闵行区
2025-07-12 01:26:09,755 - INFO - 🔄 正在处理记录 2186: (121.135531, 31.147609)
2025-07-12 01:26:09,756 - INFO - 📈 进度: 1689/3473 (48.6%)
2025-07-12 01:26:10,730 - INFO - ✅ API调用成功: 121.353786, 31.017712 -> 闵行区
2025-07-12 01:26:10,734 - INFO - 🔄 正在处理记录 2187: (121.44214, 31.202619)
2025-07-12 01:26:10,745 - INFO - ✅ 写入 10 条结果到 /Users/songdingan/Downloads/detect_bus/final_station_ranking_with_district.csv
2025-07-12 01:26:10,745 - INFO - 📈 进度: 1690/3473 (48.7%)
2025-07-12 01:26:11,748 - INFO - ✅ API调用成功: 121.095011, 31.175168 -> 青浦区
2025-07-12 01:26:11,755 - INFO - 🔄 正在处理记录 2188: (121.407287, 31.171294)
2025-07-12 01:26:11,756 - INFO - 📈 进度: 1691/3473 (48.7%)
2025-07-12 01:26:12,771 - INFO - ✅ API调用成功: 121.502382, 30.839742 -> 奉贤区
2025-07-12 01:26:12,777 - INFO - 🔄 正在处理记录 2189: (121.436877, 31.234377)
2025-07-12 01:26:12,777 - INFO - 📈 进度: 1692/3473 (48.7%)
2025-07-12 01:26:13,771 - INFO - ✅ API调用成功: 121.475638, 31.255682 -> 静安区
2025-07-12 01:26:13,779 - INFO - 🔄 正在处理记录 2190: (121.093087, 31.1627)
2025-07-12 01:26:13,779 - INFO - 📈 进度: 1693/3473 (48.7%)
2025-07-12 01:26:14,773 - INFO - ✅ API调用成功: 121.406117, 31.144117 -> 闵行区
2025-07-12 01:26:14,779 - INFO - 🔄 正在处理记录 2191: (121.227681, 31.233104)
2025-07-12 01:26:14,780 - INFO - 📈 进度: 1694/3473 (48.8%)
2025-07-12 01:26:15,821 - INFO - ✅ API调用成功: 121.437376, 31.299601 -> 静安区
2025-07-12 01:26:15,822 - INFO - 🔄 正在处理记录 2192: (121.374109, 31.17293)
2025-07-12 01:26:15,822 - INFO - 📈 进度: 1695/3473 (48.8%)
2025-07-12 01:26:16,794 - INFO - ✅ API调用成功: 121.348379, 30.761666 -> 金山区
2025-07-12 01:26:16,811 - INFO - 🔄 正在处理记录 2193: (121.206417, 31.216106)
2025-07-12 01:26:16,811 - INFO - 📈 进度: 1696/3473 (48.8%)
2025-07-12 01:26:17,782 - INFO - ✅ API调用成功: 121.351886, 30.762927 -> 金山区
2025-07-12 01:26:17,788 - INFO - 🔄 正在处理记录 2194: (121.635421, 31.078472)
2025-07-12 01:26:17,788 - INFO - 📈 进度: 1697/3473 (48.9%)
2025-07-12 01:26:18,768 - INFO - ✅ API调用成功: 121.389123, 31.135107 -> 闵行区
2025-07-12 01:26:18,772 - INFO - 🔄 正在处理记录 2195: (121.417273, 31.206577)
2025-07-12 01:26:18,772 - INFO - 📈 进度: 1698/3473 (48.9%)
2025-07-12 01:26:19,770 - INFO - ✅ API调用成功: 121.524564, 31.29059 -> 杨浦区
2025-07-12 01:26:19,774 - INFO - 🔄 正在处理记录 2196: (121.326992, 30.74888)
2025-07-12 01:26:19,774 - INFO - 📈 进度: 1699/3473 (48.9%)
2025-07-12 01:26:20,774 - INFO - ✅ API调用成功: 121.354386, 30.731941 -> 金山区
2025-07-12 01:26:20,779 - INFO - 🔄 正在处理记录 2197: (121.322395, 30.758921)
2025-07-12 01:26:20,789 - INFO - ✅ 写入 10 条结果到 /Users/songdingan/Downloads/detect_bus/final_station_ranking_with_district.csv
2025-07-12 01:26:20,789 - INFO - 📈 进度: 1700/3473 (48.9%)
2025-07-12 01:26:21,773 - INFO - ✅ API调用成功: 121.346751, 30.990122 -> 闵行区
2025-07-12 01:26:21,778 - INFO - 🔄 正在处理记录 2198: (121.204111, 31.04545)
2025-07-12 01:26:21,779 - INFO - 📈 进度: 1701/3473 (49.0%)
2025-07-12 01:26:22,814 - INFO - ✅ API调用成功: 121.415645, 31.159165 -> 徐汇区
2025-07-12 01:26:22,818 - INFO - 🔄 正在处理记录 2199: (121.198217, 31.051408)
2025-07-12 01:26:22,818 - INFO - 📈 进度: 1702/3473 (49.0%)
2025-07-12 01:26:23,817 - INFO - ✅ API调用成功: 121.437919, 31.171977 -> 徐汇区
2025-07-12 01:26:23,822 - INFO - 🔄 正在处理记录 2200: (121.17452, 30.980607)
2025-07-12 01:26:23,822 - INFO - 📈 进度: 1703/3473 (49.0%)
2025-07-12 01:26:24,858 - INFO - ✅ API调用成功: 121.286419, 31.173059 -> 青浦区
2025-07-12 01:26:24,864 - INFO - 🔄 正在处理记录 2201: (121.046283, 31.042213)
2025-07-12 01:26:24,864 - INFO - 📈 进度: 1704/3473 (49.1%)
2025-07-12 01:26:25,961 - INFO - ✅ API调用成功: 121.191268, 31.130451 -> 松江区
2025-07-12 01:26:25,968 - INFO - 🔄 正在处理记录 2202: (121.239418, 31.004976)
2025-07-12 01:26:25,968 - INFO - 📈 进度: 1705/3473 (49.1%)
2025-07-12 01:26:26,839 - INFO - ✅ API调用成功: 121.237637, 31.391563 -> 嘉定区
2025-07-12 01:26:26,844 - INFO - 🔄 正在处理记录 2203: (121.611425, 31.010596)
2025-07-12 01:26:26,844 - INFO - 📈 进度: 1706/3473 (49.1%)
2025-07-12 01:26:27,856 - INFO - ✅ API调用成功: 121.238497, 31.393472 -> 嘉定区
2025-07-12 01:26:27,872 - INFO - 🔄 正在处理记录 2204: (121.150162, 31.16075)
2025-07-12 01:26:27,872 - INFO - 📈 进度: 1707/3473 (49.2%)
2025-07-12 01:26:29,089 - INFO - ✅ API调用成功: 121.157565, 31.253074 -> 青浦区
2025-07-12 01:26:29,094 - INFO - 🔄 正在处理记录 2205: (121.793574, 30.89866)
2025-07-12 01:26:29,094 - INFO - 📈 进度: 1708/3473 (49.2%)
2025-07-12 01:26:29,882 - INFO - ✅ API调用成功: 121.438927, 31.271751 -> 普陀区
2025-07-12 01:26:29,905 - INFO - 🔄 正在处理记录 2206: (121.585143, 31.314086)
2025-07-12 01:26:29,905 - INFO - 📈 进度: 1709/3473 (49.2%)
2025-07-12 01:26:30,862 - INFO - ✅ API调用成功: 121.536385, 31.313612 -> 杨浦区
2025-07-12 01:26:30,869 - INFO - 🔄 正在处理记录 2207: (121.229868, 31.036325)
2025-07-12 01:26:30,883 - INFO - ✅ 写入 10 条结果到 /Users/songdingan/Downloads/detect_bus/final_station_ranking_with_district.csv
2025-07-12 01:26:30,883 - INFO - 📈 进度: 1710/3473 (49.2%)
2025-07-12 01:26:31,860 - INFO - ✅ API调用成功: 121.439902, 31.222409 -> 长宁区
2025-07-12 01:26:31,867 - INFO - 🔄 正在处理记录 2208: (121.311097, 30.744824)
2025-07-12 01:26:31,867 - INFO - 📈 进度: 1711/3473 (49.3%)
2025-07-12 01:26:32,855 - INFO - ✅ API调用成功: 121.601738, 31.229558 -> 浦东新区
2025-07-12 01:26:32,860 - INFO - 🔄 正在处理记录 2209: (121.350677, 30.737333)
2025-07-12 01:26:32,860 - INFO - 📈 进度: 1712/3473 (49.3%)
2025-07-12 01:26:33,895 - INFO - ✅ API调用成功: 121.455107, 31.19026 -> 徐汇区
2025-07-12 01:26:33,903 - INFO - 🔄 正在处理记录 2210: (121.400586, 31.635445)
2025-07-12 01:26:33,904 - INFO - 📈 进度: 1713/3473 (49.3%)
2025-07-12 01:26:34,874 - INFO - ✅ API调用成功: 121.278774, 31.47512 -> 嘉定区
2025-07-12 01:26:34,881 - INFO - 🔄 正在处理记录 2211: (121.537974, 31.234138)
2025-07-12 01:26:34,881 - INFO - 📈 进度: 1714/3473 (49.4%)
2025-07-12 01:26:35,915 - INFO - ✅ API调用成功: 121.511216, 31.33772 -> 杨浦区
2025-07-12 01:26:35,944 - INFO - 🔄 正在处理记录 2212: (121.216001, 31.051447)
2025-07-12 01:26:35,944 - INFO - 📈 进度: 1715/3473 (49.4%)
2025-07-12 01:26:36,910 - INFO - ✅ API调用成功: 121.23117, 31.021147 -> 松江区
2025-07-12 01:26:36,916 - INFO - 🔄 正在处理记录 2213: (121.458784, 30.907078)
2025-07-12 01:26:36,916 - INFO - 📈 进度: 1716/3473 (49.4%)
2025-07-12 01:26:37,903 - INFO - ✅ API调用成功: 121.501139, 31.12792 -> 浦东新区
2025-07-12 01:26:37,907 - INFO - 🔄 正在处理记录 2214: (121.245561, 30.873532)
2025-07-12 01:26:37,908 - INFO - 📈 进度: 1717/3473 (49.4%)
2025-07-12 01:26:38,929 - INFO - ✅ API调用成功: 121.217409, 31.013198 -> 松江区
2025-07-12 01:26:38,934 - INFO - 🔄 正在处理记录 2215: (121.33504, 30.746114)
2025-07-12 01:26:38,934 - INFO - 📈 进度: 1718/3473 (49.5%)
2025-07-12 01:26:39,923 - INFO - ✅ API调用成功: 121.212968, 31.035841 -> 松江区
2025-07-12 01:26:39,928 - INFO - 🔄 正在处理记录 2216: (121.389467, 31.157263)
2025-07-12 01:26:39,928 - INFO - 📈 进度: 1719/3473 (49.5%)
2025-07-12 01:26:41,177 - INFO - ✅ API调用成功: 121.48775, 31.254733 -> 虹口区
2025-07-12 01:26:41,183 - INFO - 🔄 正在处理记录 2217: (121.432104, 30.906424)
2025-07-12 01:26:41,195 - INFO - ✅ 写入 10 条结果到 /Users/songdingan/Downloads/detect_bus/final_station_ranking_with_district.csv
2025-07-12 01:26:41,195 - INFO - 📈 进度: 1720/3473 (49.5%)
2025-07-12 01:26:41,950 - INFO - ✅ API调用成功: 121.492538, 31.253761 -> 虹口区
2025-07-12 01:26:41,955 - INFO - 🔄 正在处理记录 2218: (121.204693, 31.006357)
2025-07-12 01:26:41,955 - INFO - 📈 进度: 1721/3473 (49.6%)
2025-07-12 01:26:42,928 - INFO - ✅ API调用成功: 121.502765, 31.270589 -> 虹口区
2025-07-12 01:26:42,934 - INFO - 🔄 正在处理记录 2219: (121.352185, 31.024569)
2025-07-12 01:26:42,934 - INFO - 📈 进度: 1722/3473 (49.6%)
2025-07-12 01:26:43,985 - INFO - ✅ API调用成功: 121.44697, 31.236093 -> 静安区
2025-07-12 01:26:43,991 - INFO - 🔄 正在处理记录 2220: (121.109003, 31.149977)
2025-07-12 01:26:43,991 - INFO - 📈 进度: 1723/3473 (49.6%)
2025-07-12 01:26:44,986 - INFO - ✅ API调用成功: 121.34157, 31.082079 -> 松江区
2025-07-12 01:26:44,999 - INFO - 🔄 正在处理记录 2221: (121.116976, 31.173896)
2025-07-12 01:26:44,999 - INFO - 📈 进度: 1724/3473 (49.6%)
2025-07-12 01:26:45,954 - INFO - ✅ API调用成功: 121.161292, 31.274994 -> 嘉定区
2025-07-12 01:26:45,960 - INFO - 🔄 正在处理记录 2222: (121.127082, 31.224017)
2025-07-12 01:26:45,960 - INFO - 📈 进度: 1725/3473 (49.7%)
2025-07-12 01:26:46,968 - INFO - ✅ API调用成功: 121.218444, 31.00737 -> 松江区
2025-07-12 01:26:46,974 - INFO - 🔄 正在处理记录 2223: (121.41805, 31.131338)
2025-07-12 01:26:46,974 - INFO - 📈 进度: 1726/3473 (49.7%)
2025-07-12 01:26:47,989 - INFO - ✅ API调用成功: 121.2787, 31.220831 -> 闵行区
2025-07-12 01:26:47,993 - INFO - 🔄 正在处理记录 2224: (121.170227, 31.096657)
2025-07-12 01:26:47,994 - INFO - 📈 进度: 1727/3473 (49.7%)
2025-07-12 01:26:49,005 - INFO - ✅ API调用成功: 121.130874, 31.147601 -> 青浦区
2025-07-12 01:26:49,012 - INFO - 🔄 正在处理记录 2225: (121.536162, 31.163953)
2025-07-12 01:26:49,012 - INFO - 📈 进度: 1728/3473 (49.8%)
2025-07-12 01:26:49,987 - INFO - ✅ API调用成功: 121.135531, 31.147609 -> 青浦区
2025-07-12 01:26:49,994 - INFO - 🔄 正在处理记录 2226: (121.464885, 31.223098)
2025-07-12 01:26:49,994 - INFO - 📈 进度: 1729/3473 (49.8%)
2025-07-12 01:26:51,016 - INFO - ✅ API调用成功: 121.44214, 31.202619 -> 徐汇区
2025-07-12 01:26:51,031 - INFO - 🔄 正在处理记录 2227: (121.441801, 31.268792)
2025-07-12 01:26:51,049 - INFO - ✅ 写入 10 条结果到 /Users/songdingan/Downloads/detect_bus/final_station_ranking_with_district.csv
2025-07-12 01:26:51,049 - INFO - 📈 进度: 1730/3473 (49.8%)
2025-07-12 01:26:52,021 - INFO - ✅ API调用成功: 121.407287, 31.171294 -> 徐汇区
2025-07-12 01:26:52,027 - INFO - 🔄 正在处理记录 2228: (121.367304, 31.122156)
2025-07-12 01:26:52,027 - INFO - 📈 进度: 1731/3473 (49.8%)
2025-07-12 01:26:53,044 - INFO - ✅ API调用成功: 121.436877, 31.234377 -> 静安区
2025-07-12 01:26:53,048 - INFO - 🔄 正在处理记录 2229: (121.418459, 31.155277)
2025-07-12 01:26:53,048 - INFO - 📈 进度: 1732/3473 (49.9%)
2025-07-12 01:26:54,018 - INFO - ✅ API调用成功: 121.093087, 31.1627 -> 青浦区
2025-07-12 01:26:54,023 - INFO - 🔄 正在处理记录 2230: (121.342789, 30.78946)
2025-07-12 01:26:54,023 - INFO - 📈 进度: 1733/3473 (49.9%)
2025-07-12 01:26:55,063 - INFO - ✅ API调用成功: 121.227681, 31.233104 -> 青浦区
2025-07-12 01:26:55,068 - INFO - 🔄 正在处理记录 2231: (121.294514, 30.997923)
2025-07-12 01:26:55,068 - INFO - 📈 进度: 1734/3473 (49.9%)
2025-07-12 01:26:56,037 - INFO - ✅ API调用成功: 121.374109, 31.17293 -> 闵行区
2025-07-12 01:26:56,043 - INFO - 🔄 正在处理记录 2232: (121.607672, 31.146938)
2025-07-12 01:26:56,043 - INFO - 📈 进度: 1735/3473 (50.0%)
2025-07-12 01:26:57,048 - INFO - ✅ API调用成功: 121.206417, 31.216106 -> 青浦区
2025-07-12 01:26:57,056 - INFO - 🔄 正在处理记录 2233: (121.447381, 31.249956)
2025-07-12 01:26:57,056 - INFO - 📈 进度: 1736/3473 (50.0%)
2025-07-12 01:26:58,032 - INFO - ✅ API调用成功: 121.635421, 31.078472 -> 浦东新区
2025-07-12 01:26:58,036 - INFO - 🔄 正在处理记录 2234: (121.258101, 31.395978)
2025-07-12 01:26:58,036 - INFO - 📈 进度: 1737/3473 (50.0%)
2025-07-12 01:26:59,066 - INFO - ✅ API调用成功: 121.417273, 31.206577 -> 长宁区
2025-07-12 01:26:59,083 - INFO - 🔄 正在处理记录 2235: (121.271476, 31.44557)
2025-07-12 01:26:59,083 - INFO - 📈 进度: 1738/3473 (50.0%)
2025-07-12 01:27:00,067 - INFO - ✅ API调用成功: 121.326992, 30.74888 -> 金山区
2025-07-12 01:27:00,083 - INFO - 🔄 正在处理记录 2236: (121.277113, 31.418253)
2025-07-12 01:27:00,083 - INFO - 📈 进度: 1739/3473 (50.1%)
2025-07-12 01:27:01,065 - INFO - ✅ API调用成功: 121.322395, 30.758921 -> 金山区
2025-07-12 01:27:01,075 - INFO - 🔄 正在处理记录 2237: (121.261889, 31.38914)
2025-07-12 01:27:01,089 - INFO - ✅ 写入 10 条结果到 /Users/songdingan/Downloads/detect_bus/final_station_ranking_with_district.csv
2025-07-12 01:27:01,089 - INFO - 📈 进度: 1740/3473 (50.1%)
2025-07-12 01:27:02,088 - INFO - ✅ API调用成功: 121.204111, 31.04545 -> 松江区
2025-07-12 01:27:02,094 - INFO - 🔄 正在处理记录 2238: (121.262876, 31.386574)
2025-07-12 01:27:02,094 - INFO - 📈 进度: 1741/3473 (50.1%)
2025-07-12 01:27:03,064 - INFO - ✅ API调用成功: 121.198217, 31.051408 -> 松江区
2025-07-12 01:27:03,066 - INFO - 🔄 正在处理记录 2239: (121.42724, 31.289911)
2025-07-12 01:27:03,066 - INFO - 📈 进度: 1742/3473 (50.2%)
2025-07-12 01:27:04,109 - INFO - ✅ API调用成功: 121.17452, 30.980607 -> 松江区
2025-07-12 01:27:04,118 - INFO - 🔄 正在处理记录 2240: (121.157814, 31.064464)
2025-07-12 01:27:04,118 - INFO - 📈 进度: 1743/3473 (50.2%)
2025-07-12 01:27:05,086 - INFO - ✅ API调用成功: 121.046283, 31.042213 -> 青浦区
2025-07-12 01:27:05,094 - INFO - 🔄 正在处理记录 2241: (121.029278, 31.10746)
2025-07-12 01:27:05,094 - INFO - 📈 进度: 1744/3473 (50.2%)
2025-07-12 01:27:06,106 - INFO - ✅ API调用成功: 121.239418, 31.004976 -> 松江区
2025-07-12 01:27:06,111 - INFO - 🔄 正在处理记录 2242: (121.212505, 31.128151)
2025-07-12 01:27:06,112 - INFO - 📈 进度: 1745/3473 (50.2%)
2025-07-12 01:27:07,108 - INFO - ✅ API调用成功: 121.611425, 31.010596 -> 浦东新区
2025-07-12 01:27:07,129 - INFO - 🔄 正在处理记录 2243: (121.206738, 31.061988)
2025-07-12 01:27:07,129 - INFO - 📈 进度: 1746/3473 (50.3%)
2025-07-12 01:27:08,107 - INFO - ✅ API调用成功: 121.150162, 31.16075 -> 青浦区
2025-07-12 01:27:08,110 - INFO - 🔄 正在处理记录 2244: (121.218533, 31.027851)
2025-07-12 01:27:08,110 - INFO - 📈 进度: 1747/3473 (50.3%)
2025-07-12 01:27:09,098 - INFO - ✅ API调用成功: 121.793574, 30.89866 -> 浦东新区
2025-07-12 01:27:09,105 - INFO - 🔄 正在处理记录 2245: (121.34533, 31.232411)
2025-07-12 01:27:09,105 - INFO - 📈 进度: 1748/3473 (50.3%)
2025-07-12 01:27:10,206 - INFO - ✅ API调用成功: 121.585143, 31.314086 -> 浦东新区
2025-07-12 01:27:10,212 - INFO - 🔄 正在处理记录 2246: (121.356731, 31.200301)
2025-07-12 01:27:10,213 - INFO - 📈 进度: 1749/3473 (50.4%)
2025-07-12 01:27:11,225 - INFO - ✅ API调用成功: 121.229868, 31.036325 -> 松江区
2025-07-12 01:27:11,230 - INFO - 🔄 正在处理记录 2247: (121.350612, 31.225435)
2025-07-12 01:27:11,240 - INFO - ✅ 写入 10 条结果到 /Users/songdingan/Downloads/detect_bus/final_station_ranking_with_district.csv
2025-07-12 01:27:11,240 - INFO - 📈 进度: 1750/3473 (50.4%)
2025-07-12 01:27:12,181 - INFO - ✅ API调用成功: 121.311097, 30.744824 -> 金山区
2025-07-12 01:27:12,198 - INFO - 🔄 正在处理记录 2248: (121.266267, 31.227264)
2025-07-12 01:27:12,199 - INFO - 📈 进度: 1751/3473 (50.4%)
2025-07-12 01:27:13,141 - INFO - ✅ API调用成功: 121.350677, 30.737333 -> 金山区
2025-07-12 01:27:13,157 - INFO - 🔄 正在处理记录 2249: (121.289503, 31.230947)
2025-07-12 01:27:13,157 - INFO - 📈 进度: 1752/3473 (50.4%)
2025-07-12 01:27:14,162 - INFO - ✅ API调用成功: 121.400586, 31.635445 -> 崇明区
2025-07-12 01:27:14,169 - INFO - 🔄 正在处理记录 2250: (121.473879, 31.240911)
2025-07-12 01:27:14,169 - INFO - 📈 进度: 1753/3473 (50.5%)
2025-07-12 01:27:15,157 - INFO - ✅ API调用成功: 121.537974, 31.234138 -> 浦东新区
2025-07-12 01:27:15,164 - INFO - 🔄 正在处理记录 2251: (121.25924, 31.028054)
2025-07-12 01:27:15,164 - INFO - 📈 进度: 1754/3473 (50.5%)
2025-07-12 01:27:16,145 - INFO - ✅ API调用成功: 121.216001, 31.051447 -> 松江区
2025-07-12 01:27:16,147 - INFO - 🔄 正在处理记录 2252: (121.196442, 31.027318)
2025-07-12 01:27:16,147 - INFO - 📈 进度: 1755/3473 (50.5%)
2025-07-12 01:27:17,161 - INFO - ✅ API调用成功: 121.458784, 30.907078 -> 奉贤区
2025-07-12 01:27:17,182 - INFO - 🔄 正在处理记录 2253: (121.469545, 31.045422)
2025-07-12 01:27:17,182 - INFO - 📈 进度: 1756/3473 (50.6%)
2025-07-12 01:27:18,153 - INFO - ✅ API调用成功: 121.245561, 30.873532 -> 金山区
2025-07-12 01:27:18,168 - INFO - 🔄 正在处理记录 2254: (121.44335, 31.234086)
2025-07-12 01:27:18,169 - INFO - 📈 进度: 1757/3473 (50.6%)
2025-07-12 01:27:19,177 - INFO - ✅ API调用成功: 121.33504, 30.746114 -> 金山区
2025-07-12 01:27:19,181 - INFO - 🔄 正在处理记录 2255: (121.351359, 31.175088)
2025-07-12 01:27:19,181 - INFO - 📈 进度: 1758/3473 (50.6%)
2025-07-12 01:27:20,182 - INFO - ✅ API调用成功: 121.389467, 31.157263 -> 闵行区
2025-07-12 01:27:20,190 - INFO - 🔄 正在处理记录 2256: (121.250192, 31.00961)
2025-07-12 01:27:20,190 - INFO - 📈 进度: 1759/3473 (50.6%)
2025-07-12 01:27:21,177 - INFO - ✅ API调用成功: 121.432104, 30.906424 -> 奉贤区
2025-07-12 01:27:21,181 - INFO - 🔄 正在处理记录 2257: (121.20362, 31.012356)
2025-07-12 01:27:21,197 - INFO - ✅ 写入 10 条结果到 /Users/songdingan/Downloads/detect_bus/final_station_ranking_with_district.csv
2025-07-12 01:27:21,197 - INFO - 📈 进度: 1760/3473 (50.7%)
2025-07-12 01:27:22,192 - INFO - ✅ API调用成功: 121.204693, 31.006357 -> 松江区
2025-07-12 01:27:22,197 - INFO - 🔄 正在处理记录 2258: (121.104621, 31.162565)
2025-07-12 01:27:22,197 - INFO - 📈 进度: 1761/3473 (50.7%)
2025-07-12 01:27:23,177 - INFO - ✅ API调用成功: 121.352185, 31.024569 -> 闵行区
2025-07-12 01:27:23,182 - INFO - 🔄 正在处理记录 2259: (121.115784, 31.148409)
2025-07-12 01:27:23,182 - INFO - 📈 进度: 1762/3473 (50.7%)
2025-07-12 01:27:24,212 - INFO - ✅ API调用成功: 121.109003, 31.149977 -> 青浦区
2025-07-12 01:27:24,218 - INFO - 🔄 正在处理记录 2260: (121.208192, 30.942477)
2025-07-12 01:27:24,219 - INFO - 📈 进度: 1763/3473 (50.8%)
2025-07-12 01:27:25,207 - INFO - ✅ API调用成功: 121.116976, 31.173896 -> 青浦区
2025-07-12 01:27:25,213 - INFO - 🔄 正在处理记录 2261: (121.323463, 31.436479)
2025-07-12 01:27:25,213 - INFO - 📈 进度: 1764/3473 (50.8%)
2025-07-12 01:27:26,192 - INFO - ✅ API调用成功: 121.127082, 31.224017 -> 青浦区
2025-07-12 01:27:26,199 - INFO - 🔄 正在处理记录 2262: (121.303674, 31.433366)
2025-07-12 01:27:26,199 - INFO - 📈 进度: 1765/3473 (50.8%)
2025-07-12 01:27:27,214 - INFO - ✅ API调用成功: 121.41805, 31.131338 -> 闵行区
2025-07-12 01:27:27,231 - INFO - 🔄 正在处理记录 2263: (121.306583, 31.171817)
2025-07-12 01:27:27,232 - INFO - 📈 进度: 1766/3473 (50.8%)
2025-07-12 01:27:28,186 - INFO - ✅ API调用成功: 121.170227, 31.096657 -> 松江区
2025-07-12 01:27:28,190 - INFO - 🔄 正在处理记录 2264: (121.437256, 31.212582)
2025-07-12 01:27:28,190 - INFO - 📈 进度: 1767/3473 (50.9%)
2025-07-12 01:27:29,340 - INFO - ✅ API调用成功: 121.536162, 31.163953 -> 浦东新区
2025-07-12 01:27:29,347 - INFO - 🔄 正在处理记录 2265: (121.372506, 31.239683)
2025-07-12 01:27:29,348 - INFO - 📈 进度: 1768/3473 (50.9%)
2025-07-12 01:27:30,245 - INFO - ✅ API调用成功: 121.464885, 31.223098 -> 徐汇区
2025-07-12 01:27:30,249 - INFO - 🔄 正在处理记录 2266: (121.376705, 31.154534)
2025-07-12 01:27:30,249 - INFO - 📈 进度: 1769/3473 (50.9%)
2025-07-12 01:27:31,266 - INFO - ✅ API调用成功: 121.441801, 31.268792 -> 普陀区
2025-07-12 01:27:31,283 - INFO - 🔄 正在处理记录 2267: (121.437809, 31.21888)
2025-07-12 01:27:31,300 - INFO - ✅ 写入 10 条结果到 /Users/songdingan/Downloads/detect_bus/final_station_ranking_with_district.csv
2025-07-12 01:27:31,300 - INFO - 📈 进度: 1770/3473 (51.0%)
2025-07-12 01:27:32,251 - INFO - ✅ API调用成功: 121.367304, 31.122156 -> 闵行区
2025-07-12 01:27:32,268 - INFO - 🔄 正在处理记录 2268: (121.38321, 31.2426)
2025-07-12 01:27:32,269 - INFO - 📈 进度: 1771/3473 (51.0%)
2025-07-12 01:27:33,252 - INFO - ✅ API调用成功: 121.418459, 31.155277 -> 徐汇区
2025-07-12 01:27:33,257 - INFO - 🔄 正在处理记录 2269: (121.40252, 31.165933)
2025-07-12 01:27:33,257 - INFO - 📈 进度: 1772/3473 (51.0%)
2025-07-12 01:27:34,238 - INFO - ✅ API调用成功: 121.342789, 30.78946 -> 金山区
2025-07-12 01:27:34,242 - INFO - 🔄 正在处理记录 2270: (121.317049, 31.074304)
2025-07-12 01:27:34,242 - INFO - 📈 进度: 1773/3473 (51.1%)
2025-07-12 01:27:35,422 - INFO - ✅ API调用成功: 121.294514, 30.997923 -> 松江区
2025-07-12 01:27:35,432 - INFO - 🔄 正在处理记录 2271: (121.662587, 30.922678)
2025-07-12 01:27:35,432 - INFO - 📈 进度: 1774/3473 (51.1%)
2025-07-12 01:27:36,288 - INFO - ✅ API调用成功: 121.607672, 31.146938 -> 浦东新区
2025-07-12 01:27:36,454 - INFO - 🔄 正在处理记录 2272: (121.265518, 31.166106)
2025-07-12 01:27:36,454 - INFO - 📈 进度: 1775/3473 (51.1%)
2025-07-12 01:27:37,281 - INFO - ✅ API调用成功: 121.447381, 31.249956 -> 普陀区
2025-07-12 01:27:37,298 - INFO - 🔄 正在处理记录 2273: (121.457998, 31.195748)
2025-07-12 01:27:37,298 - INFO - 📈 进度: 1776/3473 (51.1%)
2025-07-12 01:27:38,271 - INFO - ✅ API调用成功: 121.258101, 31.395978 -> 嘉定区
2025-07-12 01:27:38,275 - INFO - 🔄 正在处理记录 2274: (121.154332, 31.106927)
2025-07-12 01:27:38,275 - INFO - 📈 进度: 1777/3473 (51.2%)
2025-07-12 01:27:39,299 - INFO - ✅ API调用成功: 121.271476, 31.44557 -> 嘉定区
2025-07-12 01:27:39,304 - INFO - 🔄 正在处理记录 2275: (121.703204, 31.145068)
2025-07-12 01:27:39,304 - INFO - 📈 进度: 1778/3473 (51.2%)
2025-07-12 01:27:40,333 - INFO - ✅ API调用成功: 121.277113, 31.418253 -> 嘉定区
2025-07-12 01:27:40,338 - INFO - 🔄 正在处理记录 2276: (121.492302, 31.383306)
2025-07-12 01:27:40,338 - INFO - 📈 进度: 1779/3473 (51.2%)
2025-07-12 01:27:41,358 - INFO - ✅ API调用成功: 121.261889, 31.38914 -> 嘉定区
2025-07-12 01:27:41,376 - INFO - 🔄 正在处理记录 2277: (121.152751, 31.156362)
2025-07-12 01:27:41,396 - INFO - ✅ 写入 10 条结果到 /Users/songdingan/Downloads/detect_bus/final_station_ranking_with_district.csv
2025-07-12 01:27:41,396 - INFO - 📈 进度: 1780/3473 (51.3%)
2025-07-12 01:27:42,322 - INFO - ✅ API调用成功: 121.262876, 31.386574 -> 嘉定区
2025-07-12 01:27:42,328 - INFO - 🔄 正在处理记录 2278: (121.417353, 31.176958)
2025-07-12 01:27:42,328 - INFO - 📈 进度: 1781/3473 (51.3%)
2025-07-12 01:27:43,310 - INFO - ✅ API调用成功: 121.42724, 31.289911 -> 宝山区
2025-07-12 01:27:43,314 - INFO - 🔄 正在处理记录 2279: (121.259055, 31.115498)
2025-07-12 01:27:43,314 - INFO - 📈 进度: 1782/3473 (51.3%)
2025-07-12 01:27:44,332 - INFO - ✅ API调用成功: 121.157814, 31.064464 -> 松江区
2025-07-12 01:27:44,339 - INFO - 🔄 正在处理记录 2280: (121.786968, 30.939221)
2025-07-12 01:27:44,339 - INFO - 📈 进度: 1783/3473 (51.3%)
2025-07-12 01:27:45,349 - INFO - ✅ API调用成功: 121.029278, 31.10746 -> 青浦区
2025-07-12 01:27:45,356 - INFO - 🔄 正在处理记录 2281: (121.315873, 31.450889)
2025-07-12 01:27:45,357 - INFO - 📈 进度: 1784/3473 (51.4%)
2025-07-12 01:27:46,345 - INFO - ✅ API调用成功: 121.212505, 31.128151 -> 松江区
2025-07-12 01:27:46,350 - INFO - 🔄 正在处理记录 2282: (121.476311, 31.226337)
2025-07-12 01:27:46,350 - INFO - 📈 进度: 1785/3473 (51.4%)
2025-07-12 01:27:47,348 - INFO - ✅ API调用成功: 121.206738, 31.061988 -> 松江区
2025-07-12 01:27:47,354 - INFO - 🔄 正在处理记录 2283: (121.308739, 31.453011)
2025-07-12 01:27:47,354 - INFO - 📈 进度: 1786/3473 (51.4%)
2025-07-12 01:27:48,333 - INFO - ✅ API调用成功: 121.218533, 31.027851 -> 松江区
2025-07-12 01:27:48,339 - INFO - 🔄 正在处理记录 2284: (121.290899, 31.443357)
2025-07-12 01:27:48,339 - INFO - 📈 进度: 1787/3473 (51.5%)
2025-07-12 01:27:49,364 - INFO - ✅ API调用成功: 121.34533, 31.232411 -> 闵行区
2025-07-12 01:27:49,381 - INFO - 🔄 正在处理记录 2285: (121.34155, 30.719495)
2025-07-12 01:27:49,381 - INFO - 📈 进度: 1788/3473 (51.5%)
2025-07-12 01:27:50,345 - INFO - ✅ API调用成功: 121.356731, 31.200301 -> 长宁区
2025-07-12 01:27:50,350 - INFO - 🔄 正在处理记录 2286: (121.250795, 31.398622)
2025-07-12 01:27:50,350 - INFO - 📈 进度: 1789/3473 (51.5%)
2025-07-12 01:27:51,350 - INFO - ✅ API调用成功: 121.350612, 31.225435 -> 长宁区
2025-07-12 01:27:51,356 - INFO - 🔄 正在处理记录 2287: (121.253344, 31.400972)
2025-07-12 01:27:51,373 - INFO - ✅ 写入 10 条结果到 /Users/songdingan/Downloads/detect_bus/final_station_ranking_with_district.csv
2025-07-12 01:27:51,373 - INFO - 📈 进度: 1790/3473 (51.5%)
2025-07-12 01:27:52,395 - INFO - ✅ API调用成功: 121.266267, 31.227264 -> 闵行区
2025-07-12 01:27:52,401 - INFO - 🔄 正在处理记录 2288: (121.144154, 31.150859)
2025-07-12 01:27:52,401 - INFO - 📈 进度: 1791/3473 (51.6%)
2025-07-12 01:27:53,391 - INFO - ✅ API调用成功: 121.289503, 31.230947 -> 闵行区
2025-07-12 01:27:53,399 - INFO - 🔄 正在处理记录 2289: (121.246619, 31.390411)
2025-07-12 01:27:53,399 - INFO - 📈 进度: 1792/3473 (51.6%)
2025-07-12 01:27:54,702 - INFO - ✅ API调用成功: 121.473879, 31.240911 -> 黄浦区
2025-07-12 01:27:54,708 - INFO - 🔄 正在处理记录 2290: (121.358559, 31.245408)
2025-07-12 01:27:54,708 - INFO - 📈 进度: 1793/3473 (51.6%)
2025-07-12 01:27:55,401 - INFO - ✅ API调用成功: 121.25924, 31.028054 -> 松江区
2025-07-12 01:27:55,406 - INFO - 🔄 正在处理记录 2291: (121.309252, 31.234798)
2025-07-12 01:27:55,406 - INFO - 📈 进度: 1794/3473 (51.7%)
2025-07-12 01:27:56,411 - INFO - ✅ API调用成功: 121.196442, 31.027318 -> 松江区
2025-07-12 01:27:56,444 - INFO - 🔄 正在处理记录 2292: (121.526105, 31.261924)
2025-07-12 01:27:56,444 - INFO - 📈 进度: 1795/3473 (51.7%)
2025-07-12 01:27:57,421 - INFO - ✅ API调用成功: 121.469545, 31.045422 -> 闵行区
2025-07-12 01:27:57,439 - INFO - 🔄 正在处理记录 2293: (121.482715, 30.928324)
2025-07-12 01:27:57,439 - INFO - 📈 进度: 1796/3473 (51.7%)
2025-07-12 01:27:58,408 - INFO - ✅ API调用成功: 121.44335, 31.234086 -> 静安区
2025-07-12 01:27:58,416 - INFO - 🔄 正在处理记录 2294: (121.387702, 30.807772)
2025-07-12 01:27:58,416 - INFO - 📈 进度: 1797/3473 (51.7%)
2025-07-12 01:27:59,418 - INFO - ✅ API调用成功: 121.351359, 31.175088 -> 闵行区
2025-07-12 01:27:59,424 - INFO - 🔄 正在处理记录 2295: (121.128939, 31.153242)
2025-07-12 01:27:59,425 - INFO - 📈 进度: 1798/3473 (51.8%)
2025-07-12 01:28:00,409 - INFO - ✅ API调用成功: 121.250192, 31.00961 -> 松江区
2025-07-12 01:28:00,417 - INFO - 🔄 正在处理记录 2296: (121.098113, 31.162929)
2025-07-12 01:28:00,417 - INFO - 📈 进度: 1799/3473 (51.8%)
2025-07-12 01:28:01,417 - INFO - ✅ API调用成功: 121.20362, 31.012356 -> 松江区
2025-07-12 01:28:01,435 - INFO - 🔄 正在处理记录 2297: (121.506613, 31.297314)
2025-07-12 01:28:01,452 - INFO - ✅ 写入 10 条结果到 /Users/songdingan/Downloads/detect_bus/final_station_ranking_with_district.csv
2025-07-12 01:28:01,452 - INFO - 📈 进度: 1800/3473 (51.8%)
2025-07-12 01:28:02,460 - INFO - ✅ API调用成功: 121.104621, 31.162565 -> 青浦区
2025-07-12 01:28:02,467 - INFO - 🔄 正在处理记录 2298: (121.326038, 31.477603)
2025-07-12 01:28:02,467 - INFO - 📈 进度: 1801/3473 (51.9%)
2025-07-12 01:28:03,461 - INFO - ✅ API调用成功: 121.115784, 31.148409 -> 青浦区
2025-07-12 01:28:03,467 - INFO - 🔄 正在处理记录 2299: (121.4848, 31.204624)
2025-07-12 01:28:03,467 - INFO - 📈 进度: 1802/3473 (51.9%)
2025-07-12 01:28:04,438 - INFO - ✅ API调用成功: 121.208192, 30.942477 -> 松江区
2025-07-12 01:28:04,446 - INFO - 🔄 正在处理记录 2300: (121.547815, 31.225473)
2025-07-12 01:28:04,446 - INFO - 📈 进度: 1803/3473 (51.9%)
2025-07-12 01:28:05,464 - INFO - ✅ API调用成功: 121.323463, 31.436479 -> 嘉定区
2025-07-12 01:28:05,469 - INFO - 🔄 正在处理记录 2301: (121.324548, 31.117935)
2025-07-12 01:28:05,470 - INFO - 📈 进度: 1804/3473 (51.9%)
2025-07-12 01:28:06,455 - INFO - ✅ API调用成功: 121.303674, 31.433366 -> 嘉定区
2025-07-12 01:28:06,475 - INFO - 🔄 正在处理记录 2302: (121.539325, 31.313043)
2025-07-12 01:28:06,475 - INFO - 📈 进度: 1805/3473 (52.0%)
2025-07-12 01:28:07,474 - INFO - ✅ API调用成功: 121.306583, 31.171817 -> 青浦区
2025-07-12 01:28:07,482 - INFO - 🔄 正在处理记录 2303: (121.424582, 31.347902)
2025-07-12 01:28:07,483 - INFO - 📈 进度: 1806/3473 (52.0%)
2025-07-12 01:28:08,485 - INFO - ✅ API调用成功: 121.437256, 31.212582 -> 长宁区
2025-07-12 01:28:08,492 - INFO - 🔄 正在处理记录 2304: (121.502659, 30.97893)
2025-07-12 01:28:08,492 - INFO - 📈 进度: 1807/3473 (52.0%)
2025-07-12 01:28:09,498 - INFO - ✅ API调用成功: 121.372506, 31.239683 -> 普陀区
2025-07-12 01:28:09,509 - INFO - 🔄 正在处理记录 2305: (121.309055, 31.093937)
2025-07-12 01:28:09,509 - INFO - 📈 进度: 1808/3473 (52.1%)
2025-07-12 01:28:10,511 - INFO - ✅ API调用成功: 121.376705, 31.154534 -> 闵行区
2025-07-12 01:28:10,517 - INFO - 🔄 正在处理记录 2306: (121.724542, 31.247457)
2025-07-12 01:28:10,517 - INFO - 📈 进度: 1809/3473 (52.1%)
2025-07-12 01:28:11,489 - INFO - ✅ API调用成功: 121.437809, 31.21888 -> 长宁区
2025-07-12 01:28:11,494 - INFO - 🔄 正在处理记录 2307: (121.348379, 30.761666)
2025-07-12 01:28:11,509 - INFO - ✅ 写入 10 条结果到 /Users/songdingan/Downloads/detect_bus/final_station_ranking_with_district.csv
2025-07-12 01:28:11,509 - INFO - 📈 进度: 1810/3473 (52.1%)
2025-07-12 01:28:12,527 - INFO - ✅ API调用成功: 121.38321, 31.2426 -> 普陀区
2025-07-12 01:28:12,542 - INFO - 🔄 正在处理记录 2308: (121.226786, 31.045472)
2025-07-12 01:28:12,542 - INFO - 📈 进度: 1811/3473 (52.1%)
2025-07-12 01:28:13,533 - INFO - ✅ API调用成功: 121.40252, 31.165933 -> 徐汇区
2025-07-12 01:28:13,542 - INFO - 🔄 正在处理记录 2309: (121.284764, 31.08473)
2025-07-12 01:28:13,543 - INFO - 📈 进度: 1812/3473 (52.2%)
2025-07-12 01:28:14,510 - INFO - ✅ API调用成功: 121.317049, 31.074304 -> 松江区
2025-07-12 01:28:14,515 - INFO - 🔄 正在处理记录 2310: (121.256542, 31.38984)
2025-07-12 01:28:14,515 - INFO - 📈 进度: 1813/3473 (52.2%)
2025-07-12 01:28:15,529 - INFO - ✅ API调用成功: 121.662587, 30.922678 -> 奉贤区
2025-07-12 01:28:15,535 - INFO - 🔄 正在处理记录 2311: (121.335646, 31.268692)
2025-07-12 01:28:15,535 - INFO - 📈 进度: 1814/3473 (52.2%)
2025-07-12 01:28:16,532 - INFO - ✅ API调用成功: 121.265518, 31.166106 -> 青浦区
2025-07-12 01:28:16,536 - INFO - 🔄 正在处理记录 2312: (121.504025, 31.314351)
2025-07-12 01:28:16,536 - INFO - 📈 进度: 1815/3473 (52.3%)
2025-07-12 01:28:17,550 - INFO - ✅ API调用成功: 121.457998, 31.195748 -> 徐汇区
2025-07-12 01:28:17,575 - INFO - 🔄 正在处理记录 2313: (120.930105, 31.072114)
2025-07-12 01:28:17,575 - INFO - 📈 进度: 1816/3473 (52.3%)
2025-07-12 01:28:18,701 - INFO - ✅ API调用成功: 121.154332, 31.106927 -> 青浦区
2025-07-12 01:28:18,704 - INFO - 🔄 正在处理记录 2314: (121.147175, 31.060203)
2025-07-12 01:28:18,704 - INFO - 📈 进度: 1817/3473 (52.3%)
2025-07-12 01:28:19,523 - INFO - ✅ API调用成功: 121.703204, 31.145068 -> 浦东新区
2025-07-12 01:28:19,532 - INFO - 🔄 正在处理记录 2315: (121.529761, 31.005832)
2025-07-12 01:28:19,532 - INFO - 📈 进度: 1818/3473 (52.3%)
2025-07-12 01:28:20,553 - INFO - ✅ API调用成功: 121.492302, 31.383306 -> 宝山区
2025-07-12 01:28:20,568 - INFO - 🔄 正在处理记录 2316: (121.233431, 31.471565)
2025-07-12 01:28:20,568 - INFO - 📈 进度: 1819/3473 (52.4%)
2025-07-12 01:28:21,511 - INFO - ✅ API调用成功: 121.152751, 31.156362 -> 青浦区
2025-07-12 01:28:21,533 - INFO - 🔄 正在处理记录 2317: (121.538514, 31.042184)
2025-07-12 01:28:21,556 - INFO - ✅ 写入 10 条结果到 /Users/songdingan/Downloads/detect_bus/final_station_ranking_with_district.csv
2025-07-12 01:28:21,556 - INFO - 📈 进度: 1820/3473 (52.4%)
2025-07-12 01:28:22,542 - INFO - ✅ API调用成功: 121.417353, 31.176958 -> 徐汇区
2025-07-12 01:28:22,549 - INFO - 🔄 正在处理记录 2318: (121.482031, 31.238973)
2025-07-12 01:28:22,549 - INFO - 📈 进度: 1821/3473 (52.4%)
2025-07-12 01:28:23,571 - INFO - ✅ API调用成功: 121.259055, 31.115498 -> 松江区
2025-07-12 01:28:23,575 - INFO - 🔄 正在处理记录 2319: (121.228383, 31.015741)
2025-07-12 01:28:23,575 - INFO - 📈 进度: 1822/3473 (52.5%)
2025-07-12 01:28:24,554 - INFO - ✅ API调用成功: 121.786968, 30.939221 -> 浦东新区
2025-07-12 01:28:24,559 - INFO - 🔄 正在处理记录 2320: (121.296506, 31.379115)
2025-07-12 01:28:24,559 - INFO - 📈 进度: 1823/3473 (52.5%)
2025-07-12 01:28:25,716 - INFO - ✅ API调用成功: 121.315873, 31.450889 -> 嘉定区
2025-07-12 01:28:25,721 - INFO - 🔄 正在处理记录 2321: (121.246565, 31.403663)
2025-07-12 01:28:25,721 - INFO - 📈 进度: 1824/3473 (52.5%)
2025-07-12 01:28:26,575 - INFO - ✅ API调用成功: 121.476311, 31.226337 -> 黄浦区
2025-07-12 01:28:26,590 - INFO - 🔄 正在处理记录 2322: (121.724957, 31.140756)
2025-07-12 01:28:26,590 - INFO - 📈 进度: 1825/3473 (52.5%)
2025-07-12 01:28:27,562 - INFO - ✅ API调用成功: 121.308739, 31.453011 -> 嘉定区
2025-07-12 01:28:27,571 - INFO - 🔄 正在处理记录 2323: (121.586907, 31.338728)
2025-07-12 01:28:27,571 - INFO - 📈 进度: 1826/3473 (52.6%)
2025-07-12 01:28:28,577 - INFO - ✅ API调用成功: 121.290899, 31.443357 -> 嘉定区
2025-07-12 01:28:28,582 - INFO - 🔄 正在处理记录 2324: (121.340657, 31.421914)
2025-07-12 01:28:28,582 - INFO - 📈 进度: 1827/3473 (52.6%)
2025-07-12 01:28:29,617 - INFO - ✅ API调用成功: 121.34155, 30.719495 -> 金山区
2025-07-12 01:28:29,623 - INFO - 🔄 正在处理记录 2325: (121.509006, 31.256111)
2025-07-12 01:28:29,623 - INFO - 📈 进度: 1828/3473 (52.6%)
2025-07-12 01:28:30,578 - INFO - ✅ API调用成功: 121.250795, 31.398622 -> 嘉定区
2025-07-12 01:28:30,582 - INFO - 🔄 正在处理记录 2326: (121.233431, 31.471565)
2025-07-12 01:28:30,582 - INFO - 📈 进度: 1829/3473 (52.7%)
2025-07-12 01:28:31,603 - INFO - ✅ API调用成功: 121.253344, 31.400972 -> 嘉定区
2025-07-12 01:28:31,608 - INFO - 🔄 正在处理记录 2327: (121.700393, 31.035816)
2025-07-12 01:28:31,625 - INFO - ✅ 写入 10 条结果到 /Users/songdingan/Downloads/detect_bus/final_station_ranking_with_district.csv
2025-07-12 01:28:31,625 - INFO - 📈 进度: 1830/3473 (52.7%)
2025-07-12 01:28:32,610 - INFO - ✅ API调用成功: 121.144154, 31.150859 -> 青浦区
2025-07-12 01:28:32,614 - INFO - 🔄 正在处理记录 2328: (121.4709, 31.226699)
2025-07-12 01:28:32,614 - INFO - 📈 进度: 1831/3473 (52.7%)
2025-07-12 01:28:33,617 - INFO - ✅ API调用成功: 121.246619, 31.390411 -> 嘉定区
2025-07-12 01:28:33,623 - INFO - 🔄 正在处理记录 2329: (121.486253, 31.286753)
2025-07-12 01:28:33,623 - INFO - 📈 进度: 1832/3473 (52.7%)
2025-07-12 01:28:34,641 - INFO - ✅ API调用成功: 121.358559, 31.245408 -> 嘉定区
2025-07-12 01:28:34,645 - INFO - 🔄 正在处理记录 2330: (121.467953, 31.221236)
2025-07-12 01:28:34,645 - INFO - 📈 进度: 1833/3473 (52.8%)
2025-07-12 01:28:35,845 - INFO - ✅ API调用成功: 121.309252, 31.234798 -> 闵行区
2025-07-12 01:28:35,852 - INFO - 🔄 正在处理记录 2331: (121.458912, 30.910178)
2025-07-12 01:28:35,853 - INFO - 📈 进度: 1834/3473 (52.8%)
2025-07-12 01:28:36,616 - INFO - ✅ API调用成功: 121.526105, 31.261924 -> 杨浦区
2025-07-12 01:28:36,623 - INFO - 🔄 正在处理记录 2332: (121.396298, 31.301344)
2025-07-12 01:28:36,623 - INFO - 📈 进度: 1835/3473 (52.8%)
2025-07-12 01:28:37,715 - INFO - ✅ API调用成功: 121.482715, 30.928324 -> 奉贤区
2025-07-12 01:28:37,720 - INFO - 🔄 正在处理记录 2333: (121.421113, 31.367006)
2025-07-12 01:28:37,720 - INFO - 📈 进度: 1836/3473 (52.9%)
2025-07-12 01:28:38,611 - INFO - ✅ API调用成功: 121.387702, 30.807772 -> 金山区
2025-07-12 01:28:38,634 - INFO - 🔄 正在处理记录 2334: (121.555743, 31.007181)
2025-07-12 01:28:38,635 - INFO - 📈 进度: 1837/3473 (52.9%)
2025-07-12 01:28:39,671 - INFO - ✅ API调用成功: 121.128939, 31.153242 -> 青浦区
2025-07-12 01:28:39,677 - INFO - 🔄 正在处理记录 2335: (121.460024, 31.342435)
2025-07-12 01:28:39,677 - INFO - 📈 进度: 1838/3473 (52.9%)
2025-07-12 01:28:40,737 - INFO - ✅ API调用成功: 121.098113, 31.162929 -> 青浦区
2025-07-12 01:28:40,743 - INFO - 🔄 正在处理记录 2336: (121.182995, 30.980083)
2025-07-12 01:28:40,744 - INFO - 📈 进度: 1839/3473 (53.0%)
2025-07-12 01:28:41,660 - INFO - ✅ API调用成功: 121.506613, 31.297314 -> 虹口区
2025-07-12 01:28:41,673 - INFO - 🔄 正在处理记录 2337: (121.614056, 31.244142)
2025-07-12 01:28:41,690 - INFO - ✅ 写入 10 条结果到 /Users/songdingan/Downloads/detect_bus/final_station_ranking_with_district.csv
2025-07-12 01:28:41,690 - INFO - 📈 进度: 1840/3473 (53.0%)
2025-07-12 01:28:42,645 - INFO - ✅ API调用成功: 121.326038, 31.477603 -> 宝山区
2025-07-12 01:28:42,650 - INFO - 🔄 正在处理记录 2338: (121.033398, 31.128744)
2025-07-12 01:28:42,650 - INFO - 📈 进度: 1841/3473 (53.0%)
2025-07-12 01:28:43,873 - INFO - ✅ API调用成功: 121.4848, 31.204624 -> 黄浦区
2025-07-12 01:28:43,877 - INFO - 🔄 正在处理记录 2339: (121.701968, 31.198717)
2025-07-12 01:28:43,878 - INFO - 📈 进度: 1842/3473 (53.0%)
2025-07-12 01:28:44,680 - INFO - ✅ API调用成功: 121.547815, 31.225473 -> 浦东新区
2025-07-12 01:28:44,685 - INFO - 🔄 正在处理记录 2340: (121.660133, 31.228567)
2025-07-12 01:28:44,685 - INFO - 📈 进度: 1843/3473 (53.1%)
2025-07-12 01:28:45,693 - INFO - ✅ API调用成功: 121.324548, 31.117935 -> 松江区
2025-07-12 01:28:45,698 - INFO - 🔄 正在处理记录 2341: (121.485383, 31.047142)
2025-07-12 01:28:45,698 - INFO - 📈 进度: 1844/3473 (53.1%)
2025-07-12 01:28:46,858 - INFO - ✅ API调用成功: 121.539325, 31.313043 -> 杨浦区
2025-07-12 01:28:46,864 - INFO - 🔄 正在处理记录 2342: (121.509751, 31.062479)
2025-07-12 01:28:46,864 - INFO - 📈 进度: 1845/3473 (53.1%)
2025-07-12 01:28:47,698 - INFO - ✅ API调用成功: 121.424582, 31.347902 -> 宝山区
2025-07-12 01:28:47,702 - INFO - 🔄 正在处理记录 2343: (121.585722, 31.132135)
2025-07-12 01:28:47,702 - INFO - 📈 进度: 1846/3473 (53.2%)
2025-07-12 01:28:48,674 - INFO - ✅ API调用成功: 121.502659, 30.97893 -> 奉贤区
2025-07-12 01:28:48,685 - INFO - 🔄 正在处理记录 2344: (121.472187, 31.32006)
2025-07-12 01:28:48,685 - INFO - 📈 进度: 1847/3473 (53.2%)
2025-07-12 01:28:49,707 - INFO - ✅ API调用成功: 121.309055, 31.093937 -> 松江区
2025-07-12 01:28:49,715 - INFO - 🔄 正在处理记录 2345: (121.485608, 31.239261)
2025-07-12 01:28:49,715 - INFO - 📈 进度: 1848/3473 (53.2%)
2025-07-12 01:28:50,712 - INFO - ✅ API调用成功: 121.724542, 31.247457 -> 浦东新区
2025-07-12 01:28:50,720 - INFO - 🔄 正在处理记录 2346: (121.589156, 31.358578)
2025-07-12 01:28:50,720 - INFO - 📈 进度: 1849/3473 (53.2%)
2025-07-12 01:28:51,705 - INFO - ✅ API调用成功: 121.348379, 30.761666 -> 金山区
2025-07-12 01:28:51,710 - INFO - 🔄 正在处理记录 2347: (121.75796, 31.077767)
2025-07-12 01:28:51,724 - INFO - ✅ 写入 10 条结果到 /Users/songdingan/Downloads/detect_bus/final_station_ranking_with_district.csv
2025-07-12 01:28:51,724 - INFO - 📈 进度: 1850/3473 (53.3%)
2025-07-12 01:28:52,701 - INFO - ✅ API调用成功: 121.226786, 31.045472 -> 松江区
2025-07-12 01:28:52,706 - INFO - 🔄 正在处理记录 2348: (121.342834, 30.89108)
2025-07-12 01:28:52,706 - INFO - 📈 进度: 1851/3473 (53.3%)
2025-07-12 01:28:53,720 - INFO - ✅ API调用成功: 121.284764, 31.08473 -> 松江区
2025-07-12 01:28:53,732 - INFO - 🔄 正在处理记录 2349: (121.372037, 30.735204)
2025-07-12 01:28:53,732 - INFO - 📈 进度: 1852/3473 (53.3%)
2025-07-12 01:28:54,963 - INFO - ✅ API调用成功: 121.256542, 31.38984 -> 嘉定区
2025-07-12 01:28:54,967 - INFO - 🔄 正在处理记录 2350: (121.41786, 30.786565)
2025-07-12 01:28:54,967 - INFO - 📈 进度: 1853/3473 (53.4%)
2025-07-12 01:28:55,747 - INFO - ✅ API调用成功: 121.335646, 31.268692 -> 嘉定区
2025-07-12 01:28:55,760 - INFO - 🔄 正在处理记录 2351: (121.381358, 31.321951)
2025-07-12 01:28:55,760 - INFO - 📈 进度: 1854/3473 (53.4%)
2025-07-12 01:28:56,730 - INFO - ✅ API调用成功: 121.504025, 31.314351 -> 杨浦区
2025-07-12 01:28:56,735 - INFO - 🔄 正在处理记录 2352: (121.606966, 31.208858)
2025-07-12 01:28:56,735 - INFO - 📈 进度: 1855/3473 (53.4%)
2025-07-12 01:28:57,730 - INFO - ✅ API调用成功: 120.930105, 31.072114 -> 青浦区
2025-07-12 01:28:57,737 - INFO - 🔄 正在处理记录 2353: (121.739798, 31.131592)
2025-07-12 01:28:57,737 - INFO - 📈 进度: 1856/3473 (53.4%)
2025-07-12 01:28:58,753 - INFO - ✅ API调用成功: 121.147175, 31.060203 -> 松江区
2025-07-12 01:28:58,758 - INFO - 🔄 正在处理记录 2354: (121.585722, 31.132135)
2025-07-12 01:28:58,758 - INFO - 📈 进度: 1857/3473 (53.5%)
2025-07-12 01:28:59,761 - INFO - ✅ API调用成功: 121.529761, 31.005832 -> 闵行区
2025-07-12 01:28:59,775 - INFO - 🔄 正在处理记录 2355: (121.584323, 31.283784)
2025-07-12 01:28:59,775 - INFO - 📈 进度: 1858/3473 (53.5%)
2025-07-12 01:29:00,753 - INFO - ✅ API调用成功: 121.233431, 31.471565 -> 嘉定区
2025-07-12 01:29:00,765 - INFO - 🔄 正在处理记录 2356: (121.3527, 31.226904)
2025-07-12 01:29:00,765 - INFO - 📈 进度: 1859/3473 (53.5%)
2025-07-12 01:29:01,779 - INFO - ✅ API调用成功: 121.538514, 31.042184 -> 闵行区
2025-07-12 01:29:01,788 - INFO - 🔄 正在处理记录 2357: (121.417252, 31.406989)
2025-07-12 01:29:01,803 - INFO - ✅ 写入 10 条结果到 /Users/songdingan/Downloads/detect_bus/final_station_ranking_with_district.csv
2025-07-12 01:29:01,803 - INFO - 📈 进度: 1860/3473 (53.6%)
2025-07-12 01:29:02,796 - INFO - ✅ API调用成功: 121.482031, 31.238973 -> 黄浦区
2025-07-12 01:29:02,800 - INFO - 🔄 正在处理记录 2358: (121.696736, 31.028496)
2025-07-12 01:29:02,800 - INFO - 📈 进度: 1861/3473 (53.6%)
2025-07-12 01:29:03,785 - INFO - ✅ API调用成功: 121.228383, 31.015741 -> 松江区
2025-07-12 01:29:03,790 - INFO - 🔄 正在处理记录 2359: (121.491132, 31.175424)
2025-07-12 01:29:03,790 - INFO - 📈 进度: 1862/3473 (53.6%)
2025-07-12 01:29:04,779 - INFO - ✅ API调用成功: 121.296506, 31.379115 -> 嘉定区
2025-07-12 01:29:04,796 - INFO - 🔄 正在处理记录 2360: (121.496932, 31.157344)
2025-07-12 01:29:04,796 - INFO - 📈 进度: 1863/3473 (53.6%)
2025-07-12 01:29:05,826 - INFO - ✅ API调用成功: 121.246565, 31.403663 -> 嘉定区
2025-07-12 01:29:05,836 - INFO - 🔄 正在处理记录 2361: (121.543674, 31.280861)
2025-07-12 01:29:05,836 - INFO - 📈 进度: 1864/3473 (53.7%)
2025-07-12 01:29:06,811 - INFO - ✅ API调用成功: 121.724957, 31.140756 -> 浦东新区
2025-07-12 01:29:06,816 - INFO - 🔄 正在处理记录 2362: (121.578758, 31.087598)
2025-07-12 01:29:06,816 - INFO - 📈 进度: 1865/3473 (53.7%)
2025-07-12 01:29:07,805 - INFO - ✅ API调用成功: 121.586907, 31.338728 -> 浦东新区
2025-07-12 01:29:07,810 - INFO - 🔄 正在处理记录 2363: (121.351571, 31.429147)
2025-07-12 01:29:07,810 - INFO - 📈 进度: 1866/3473 (53.7%)
2025-07-12 01:29:08,823 - INFO - ✅ API调用成功: 121.340657, 31.421914 -> 宝山区
2025-07-12 01:29:08,828 - INFO - 🔄 正在处理记录 2364: (121.351664, 31.344974)
2025-07-12 01:29:08,828 - INFO - 📈 进度: 1867/3473 (53.8%)
2025-07-12 01:29:09,832 - INFO - ✅ API调用成功: 121.509006, 31.256111 -> 虹口区
2025-07-12 01:29:09,839 - INFO - 🔄 正在处理记录 2365: (121.661726, 31.085255)
2025-07-12 01:29:09,839 - INFO - 📈 进度: 1868/3473 (53.8%)
2025-07-12 01:29:10,816 - INFO - ✅ API调用成功: 121.233431, 31.471565 -> 嘉定区
2025-07-12 01:29:10,821 - INFO - 🔄 正在处理记录 2366: (121.537979, 31.368578)
2025-07-12 01:29:10,821 - INFO - 📈 进度: 1869/3473 (53.8%)
2025-07-12 01:29:11,852 - INFO - ✅ API调用成功: 121.700393, 31.035816 -> 浦东新区
2025-07-12 01:29:11,859 - INFO - 🔄 正在处理记录 2367: (121.580895, 31.138027)
2025-07-12 01:29:11,878 - INFO - ✅ 写入 10 条结果到 /Users/songdingan/Downloads/detect_bus/final_station_ranking_with_district.csv
2025-07-12 01:29:11,878 - INFO - 📈 进度: 1870/3473 (53.8%)
2025-07-12 01:29:12,894 - INFO - ✅ API调用成功: 121.4709, 31.226699 -> 黄浦区
2025-07-12 01:29:12,898 - INFO - 🔄 正在处理记录 2368: (121.625639, 31.329731)
2025-07-12 01:29:12,898 - INFO - 📈 进度: 1871/3473 (53.9%)
2025-07-12 01:29:13,882 - INFO - ✅ API调用成功: 121.486253, 31.286753 -> 虹口区
2025-07-12 01:29:13,892 - INFO - 🔄 正在处理记录 2369: (121.217529, 31.310593)
2025-07-12 01:29:13,892 - INFO - 📈 进度: 1872/3473 (53.9%)
2025-07-12 01:29:14,890 - INFO - ✅ API调用成功: 121.467953, 31.221236 -> 黄浦区
2025-07-12 01:29:14,906 - INFO - 🔄 正在处理记录 2370: (121.394489, 31.309083)
2025-07-12 01:29:14,906 - INFO - 📈 进度: 1873/3473 (53.9%)
2025-07-12 01:44:24,352 - INFO - ✅ API调用成功: 121.458912, 30.910178 -> 奉贤区
2025-07-12 01:44:24,355 - INFO - ✅ API调用成功: 121.396298, 31.301344 -> 宝山区
2025-07-12 01:44:24,363 - INFO - 🔄 正在处理记录 2371: (121.501451, 31.077468)
2025-07-12 01:44:24,363 - INFO - 📈 进度: 1874/3473 (54.0%)
2025-07-12 01:44:24,368 - INFO - 🔄 正在处理记录 2372: (121.723703, 30.917558)
2025-07-12 01:44:24,368 - INFO - 📈 进度: 1875/3473 (54.0%)
2025-07-12 01:44:25,424 - INFO - ✅ API调用成功: 121.421113, 31.367006 -> 宝山区
2025-07-12 01:44:25,427 - INFO - 🔄 正在处理记录 2373: (121.30405, 31.15238)
2025-07-12 01:44:25,427 - INFO - 📈 进度: 1876/3473 (54.0%)
2025-07-12 01:44:26,105 - INFO - ✅ API调用成功: 121.555743, 31.007181 -> 闵行区
2025-07-12 01:44:26,114 - INFO - 🔄 正在处理记录 2374: (120.914578, 31.119577)
2025-07-12 01:44:26,114 - INFO - 📈 进度: 1877/3473 (54.0%)
2025-07-12 01:44:27,097 - INFO - ✅ API调用成功: 121.460024, 31.342435 -> 宝山区
2025-07-12 01:44:27,108 - INFO - 🔄 正在处理记录 2375: (121.574613, 31.051795)
2025-07-12 01:44:27,108 - INFO - 📈 进度: 1878/3473 (54.1%)
2025-07-12 01:44:28,200 - INFO - ✅ API调用成功: 121.182995, 30.980083 -> 松江区
2025-07-12 01:44:28,204 - INFO - 🔄 正在处理记录 2376: (121.328335, 30.886675)
2025-07-12 01:44:28,205 - INFO - 📈 进度: 1879/3473 (54.1%)
2025-07-12 01:44:29,123 - INFO - ✅ API调用成功: 121.614056, 31.244142 -> 浦东新区
2025-07-12 01:44:29,126 - INFO - 🔄 正在处理记录 2377: (121.234011, 30.773533)
2025-07-12 01:44:29,139 - INFO - ✅ 写入 10 条结果到 /Users/songdingan/Downloads/detect_bus/final_station_ranking_with_district.csv
2025-07-12 01:44:29,139 - INFO - 📈 进度: 1880/3473 (54.1%)
2025-07-12 01:44:30,106 - INFO - ✅ API调用成功: 121.033398, 31.128744 -> 青浦区
2025-07-12 01:44:30,112 - INFO - 🔄 正在处理记录 2378: (121.467659, 30.826547)
2025-07-12 01:44:30,112 - INFO - 📈 进度: 1881/3473 (54.2%)
2025-07-12 01:44:31,135 - INFO - ✅ API调用成功: 121.701968, 31.198717 -> 浦东新区
2025-07-12 01:44:31,147 - INFO - 🔄 正在处理记录 2379: (121.222413, 30.814371)
2025-07-12 01:44:31,148 - INFO - 📈 进度: 1882/3473 (54.2%)
2025-07-12 01:44:32,145 - INFO - ✅ API调用成功: 121.660133, 31.228567 -> 浦东新区
2025-07-12 01:44:32,150 - INFO - 🔄 正在处理记录 2380: (121.427456, 31.391938)
2025-07-12 01:44:32,150 - INFO - 📈 进度: 1883/3473 (54.2%)
2025-07-12 01:44:33,153 - INFO - ✅ API调用成功: 121.485383, 31.047142 -> 闵行区
2025-07-12 01:44:33,162 - INFO - 🔄 正在处理记录 2381: (121.737803, 31.049428)
2025-07-12 01:44:33,162 - INFO - 📈 进度: 1884/3473 (54.2%)
2025-07-12 01:44:34,146 - INFO - ✅ API调用成功: 121.509751, 31.062479 -> 闵行区
2025-07-12 01:44:34,149 - INFO - 🔄 正在处理记录 2382: (121.482439, 31.247451)
2025-07-12 01:44:34,149 - INFO - 📈 进度: 1885/3473 (54.3%)
2025-07-12 01:44:35,149 - INFO - ✅ API调用成功: 121.585722, 31.132135 -> 浦东新区
2025-07-12 01:44:35,151 - INFO - 🔄 正在处理记录 2383: (121.578603, 31.209655)
2025-07-12 01:44:35,151 - INFO - 📈 进度: 1886/3473 (54.3%)
2025-07-12 01:44:36,287 - INFO - ✅ API调用成功: 121.472187, 31.32006 -> 静安区
2025-07-12 01:44:36,292 - INFO - 🔄 正在处理记录 2384: (121.130351, 31.076305)
2025-07-12 01:44:36,292 - INFO - 📈 进度: 1887/3473 (54.3%)
2025-07-12 01:44:37,306 - INFO - ✅ API调用成功: 121.485608, 31.239261 -> 黄浦区
2025-07-12 01:44:37,312 - INFO - 🔄 正在处理记录 2385: (121.685716, 31.209255)
2025-07-12 01:44:37,312 - INFO - 📈 进度: 1888/3473 (54.4%)
2025-07-12 01:44:38,164 - INFO - ✅ API调用成功: 121.589156, 31.358578 -> 浦东新区
2025-07-12 01:44:38,189 - INFO - 🔄 正在处理记录 2386: (121.361004, 31.23479)
2025-07-12 01:44:38,189 - INFO - 📈 进度: 1889/3473 (54.4%)
2025-07-12 01:44:39,159 - INFO - ✅ API调用成功: 121.75796, 31.077767 -> 浦东新区
2025-07-12 01:44:39,161 - INFO - 🔄 正在处理记录 2387: (121.612785, 31.21979)
2025-07-12 01:44:39,167 - INFO - ✅ 写入 10 条结果到 /Users/songdingan/Downloads/detect_bus/final_station_ranking_with_district.csv
2025-07-12 01:44:39,167 - INFO - 📈 进度: 1890/3473 (54.4%)
2025-07-12 01:44:40,169 - INFO - ✅ API调用成功: 121.342834, 30.89108 -> 金山区
2025-07-12 01:44:40,174 - INFO - 🔄 正在处理记录 2388: (121.524637, 31.057923)
2025-07-12 01:44:40,174 - INFO - 📈 进度: 1891/3473 (54.4%)
2025-07-12 01:44:41,141 - INFO - ✅ API调用成功: 121.372037, 30.735204 -> 金山区
2025-07-12 01:44:41,146 - INFO - 🔄 正在处理记录 2389: (121.36263, 31.140796)
2025-07-12 01:44:41,147 - INFO - 📈 进度: 1892/3473 (54.5%)
2025-07-12 01:44:42,152 - INFO - ✅ API调用成功: 121.41786, 30.786565 -> 金山区
2025-07-12 01:44:42,156 - INFO - 🔄 正在处理记录 2390: (121.536646, 31.21219)
2025-07-12 01:44:42,156 - INFO - 📈 进度: 1893/3473 (54.5%)
2025-07-12 01:44:43,208 - INFO - ✅ API调用成功: 121.381358, 31.321951 -> 宝山区
2025-07-12 01:44:43,214 - INFO - 🔄 正在处理记录 2391: (121.373804, 30.852206)
2025-07-12 01:44:43,214 - INFO - 📈 进度: 1894/3473 (54.5%)
2025-07-12 01:44:44,226 - INFO - ✅ API调用成功: 121.606966, 31.208858 -> 浦东新区
2025-07-12 01:44:44,231 - INFO - 🔄 正在处理记录 2392: (121.518517, 31.229799)
2025-07-12 01:44:44,231 - INFO - 📈 进度: 1895/3473 (54.6%)
2025-07-12 01:44:45,174 - INFO - ✅ API调用成功: 121.739798, 31.131592 -> 浦东新区
2025-07-12 01:44:45,179 - INFO - 🔄 正在处理记录 2393: (121.209532, 30.928821)
2025-07-12 01:44:45,179 - INFO - 📈 进度: 1896/3473 (54.6%)
2025-07-12 01:44:46,213 - INFO - ✅ API调用成功: 121.585722, 31.132135 -> 浦东新区
2025-07-12 01:44:46,218 - INFO - 🔄 正在处理记录 2394: (121.35865, 31.248395)
2025-07-12 01:44:46,218 - INFO - 📈 进度: 1897/3473 (54.6%)
2025-07-12 01:44:47,201 - INFO - ✅ API调用成功: 121.584323, 31.283784 -> 浦东新区
2025-07-12 01:44:47,206 - INFO - 🔄 正在处理记录 2395: (121.310115, 31.066496)
2025-07-12 01:44:47,207 - INFO - 📈 进度: 1898/3473 (54.7%)
2025-07-12 01:44:48,336 - INFO - ✅ API调用成功: 121.3527, 31.226904 -> 长宁区
2025-07-12 01:44:48,339 - INFO - 🔄 正在处理记录 2396: (121.656995, 31.201994)
2025-07-12 01:44:48,339 - INFO - 📈 进度: 1899/3473 (54.7%)
2025-07-12 01:44:49,439 - INFO - ✅ API调用成功: 121.417252, 31.406989 -> 宝山区
2025-07-12 01:44:49,443 - INFO - 🔄 正在处理记录 2397: (121.461817, 30.925358)
2025-07-12 01:44:49,455 - INFO - ✅ 写入 10 条结果到 /Users/songdingan/Downloads/detect_bus/final_station_ranking_with_district.csv
2025-07-12 01:44:49,455 - INFO - 📈 进度: 1900/3473 (54.7%)
2025-07-12 01:44:50,233 - INFO - ✅ API调用成功: 121.696736, 31.028496 -> 浦东新区
2025-07-12 01:44:50,237 - INFO - 🔄 正在处理记录 2398: (121.766751, 31.105687)
2025-07-12 01:44:50,237 - INFO - 📈 进度: 1901/3473 (54.7%)
2025-07-12 01:44:51,265 - INFO - ✅ API调用成功: 121.491132, 31.175424 -> 浦东新区
2025-07-12 01:44:51,272 - INFO - 🔄 正在处理记录 2399: (121.602503, 31.267674)
2025-07-12 01:44:51,272 - INFO - 📈 进度: 1902/3473 (54.8%)
2025-07-12 01:44:52,237 - INFO - ✅ API调用成功: 121.496932, 31.157344 -> 浦东新区
2025-07-12 01:44:52,241 - INFO - 🔄 正在处理记录 2400: (121.450846, 31.097466)
2025-07-12 01:44:52,242 - INFO - 📈 进度: 1903/3473 (54.8%)
2025-07-12 01:44:53,278 - INFO - ✅ API调用成功: 121.543674, 31.280861 -> 杨浦区
2025-07-12 01:44:53,285 - INFO - 🔄 正在处理记录 2401: (121.572457, 31.24494)
2025-07-12 01:44:53,285 - INFO - 📈 进度: 1904/3473 (54.8%)
2025-07-12 01:44:54,236 - INFO - ✅ API调用成功: 121.578758, 31.087598 -> 浦东新区
2025-07-12 01:44:54,251 - INFO - 🔄 正在处理记录 2402: (121.292978, 31.207541)
2025-07-12 01:44:54,251 - INFO - 📈 进度: 1905/3473 (54.9%)
2025-07-12 01:44:55,278 - INFO - ✅ API调用成功: 121.351571, 31.429147 -> 宝山区
2025-07-12 01:44:55,284 - INFO - 🔄 正在处理记录 2403: (121.708908, 30.998147)
2025-07-12 01:44:55,284 - INFO - 📈 进度: 1906/3473 (54.9%)
2025-07-12 01:44:56,270 - INFO - ✅ API调用成功: 121.351664, 31.344974 -> 嘉定区
2025-07-12 01:44:56,275 - INFO - 🔄 正在处理记录 2404: (121.461721, 31.312668)
2025-07-12 01:44:56,275 - INFO - 📈 进度: 1907/3473 (54.9%)
2025-07-12 01:44:57,274 - INFO - ✅ API调用成功: 121.661726, 31.085255 -> 浦东新区
2025-07-12 01:44:57,279 - INFO - 🔄 正在处理记录 2405: (121.563119, 31.249361)
2025-07-12 01:44:57,280 - INFO - 📈 进度: 1908/3473 (54.9%)
2025-07-12 01:44:58,283 - INFO - ✅ API调用成功: 121.537979, 31.368578 -> 浦东新区
2025-07-12 01:44:58,298 - INFO - 🔄 正在处理记录 2406: (121.335244, 30.733881)
2025-07-12 01:44:58,298 - INFO - 📈 进度: 1909/3473 (55.0%)
2025-07-12 01:44:59,289 - INFO - ✅ API调用成功: 121.580895, 31.138027 -> 浦东新区
2025-07-12 01:44:59,294 - INFO - 🔄 正在处理记录 2407: (121.338458, 30.732976)
2025-07-12 01:44:59,309 - INFO - ✅ 写入 10 条结果到 /Users/songdingan/Downloads/detect_bus/final_station_ranking_with_district.csv
2025-07-12 01:44:59,309 - INFO - 📈 进度: 1910/3473 (55.0%)
2025-07-12 01:45:00,313 - INFO - ✅ API调用成功: 121.625639, 31.329731 -> 浦东新区
2025-07-12 01:45:00,320 - INFO - 🔄 正在处理记录 2408: (121.362911, 31.184534)
2025-07-12 01:45:00,320 - INFO - 📈 进度: 1911/3473 (55.0%)
2025-07-12 01:45:01,311 - INFO - ✅ API调用成功: 121.217529, 31.310593 -> 嘉定区
2025-07-12 01:45:01,315 - INFO - 🔄 正在处理记录 2409: (121.307013, 31.216494)
2025-07-12 01:45:01,315 - INFO - 📈 进度: 1912/3473 (55.1%)
2025-07-12 01:45:02,311 - INFO - ✅ API调用成功: 121.394489, 31.309083 -> 宝山区
2025-07-12 01:45:02,329 - INFO - 🔄 正在处理记录 2410: (121.516483, 31.210062)
2025-07-12 01:45:02,329 - INFO - 📈 进度: 1913/3473 (55.1%)
2025-07-12 01:45:03,341 - INFO - ✅ API调用成功: 121.501451, 31.077468 -> 闵行区
2025-07-12 01:45:03,346 - INFO - 🔄 正在处理记录 2411: (121.398038, 31.213169)
2025-07-12 01:45:03,346 - INFO - 📈 进度: 1914/3473 (55.1%)
2025-07-12 01:45:04,302 - INFO - ✅ API调用成功: 121.723703, 30.917558 -> 奉贤区
2025-07-12 01:45:04,311 - INFO - 🔄 正在处理记录 2412: (121.471218, 31.102495)
2025-07-12 01:45:04,311 - INFO - 📈 进度: 1915/3473 (55.1%)
2025-07-12 01:47:03,467 - INFO - ✅ API调用成功: 121.30405, 31.15238 -> 松江区
2025-07-12 01:47:03,587 - INFO - 🔄 正在处理记录 2413: (121.204588, 31.010432)
2025-07-12 01:47:03,587 - INFO - 📈 进度: 1916/3473 (55.2%)
2025-07-12 01:47:04,165 - INFO - ✅ API调用成功: 120.914578, 31.119577 -> 青浦区
2025-07-12 01:47:04,194 - INFO - 🔄 正在处理记录 2414: (121.383008, 31.216601)
2025-07-12 01:47:04,194 - INFO - 📈 进度: 1917/3473 (55.2%)
2025-07-12 01:47:05,155 - INFO - ✅ API调用成功: 121.574613, 31.051795 -> 浦东新区
2025-07-12 01:47:05,174 - INFO - 🔄 正在处理记录 2415: (121.345917, 30.715995)
2025-07-12 01:47:05,175 - INFO - 📈 进度: 1918/3473 (55.2%)
2025-07-12 01:47:06,248 - INFO - ✅ API调用成功: 121.328335, 30.886675 -> 金山区
2025-07-12 01:47:06,263 - INFO - 🔄 正在处理记录 2416: (121.673675, 31.277011)
2025-07-12 01:47:06,263 - INFO - 📈 进度: 1919/3473 (55.3%)
2025-07-12 01:47:07,097 - INFO - ✅ API调用成功: 121.234011, 30.773533 -> 平湖市
2025-07-12 01:47:07,116 - INFO - 🔄 正在处理记录 2417: (121.424084, 31.177539)
2025-07-12 01:47:07,128 - INFO - ✅ 写入 10 条结果到 /Users/songdingan/Downloads/detect_bus/final_station_ranking_with_district.csv
2025-07-12 01:47:07,129 - INFO - 📈 进度: 1920/3473 (55.3%)
2025-07-12 01:47:08,098 - INFO - ✅ API调用成功: 121.467659, 30.826547 -> 奉贤区
2025-07-12 01:47:08,113 - INFO - 🔄 正在处理记录 2418: (121.192115, 31.096035)
2025-07-12 01:47:08,113 - INFO - 📈 进度: 1921/3473 (55.3%)
2025-07-12 01:47:09,286 - INFO - ✅ API调用成功: 121.222413, 30.814371 -> 金山区
2025-07-12 01:47:09,295 - INFO - 🔄 正在处理记录 2419: (121.411636, 31.219723)
2025-07-12 01:47:09,296 - INFO - 📈 进度: 1922/3473 (55.3%)
2025-07-12 01:47:10,191 - INFO - ✅ API调用成功: 121.427456, 31.391938 -> 宝山区
2025-07-12 01:47:10,196 - INFO - 🔄 正在处理记录 2420: (121.789087, 31.029286)
2025-07-12 01:47:10,196 - INFO - 📈 进度: 1923/3473 (55.4%)
2025-07-12 01:47:11,126 - INFO - ✅ API调用成功: 121.737803, 31.049428 -> 浦东新区
2025-07-12 01:47:11,130 - INFO - 🔄 正在处理记录 2421: (121.77889, 31.043588)
2025-07-12 01:47:11,130 - INFO - 📈 进度: 1924/3473 (55.4%)
2025-07-12 01:47:12,152 - INFO - ✅ API调用成功: 121.482439, 31.247451 -> 静安区
2025-07-12 01:47:12,156 - INFO - 🔄 正在处理记录 2422: (121.661575, 31.10283)
2025-07-12 01:47:12,157 - INFO - 📈 进度: 1925/3473 (55.4%)
2025-07-12 01:47:13,157 - INFO - ✅ API调用成功: 121.578603, 31.209655 -> 浦东新区
2025-07-12 01:47:13,168 - INFO - 🔄 正在处理记录 2423: (121.6474, 31.122644)
2025-07-12 01:47:13,168 - INFO - 📈 进度: 1926/3473 (55.5%)
2025-07-12 01:47:14,125 - INFO - ✅ API调用成功: 121.130351, 31.076305 -> 松江区
2025-07-12 01:47:14,140 - INFO - 🔄 正在处理记录 2424: (121.60668, 31.294982)
2025-07-12 01:47:14,141 - INFO - 📈 进度: 1927/3473 (55.5%)
2025-07-12 01:47:15,151 - INFO - ✅ API调用成功: 121.685716, 31.209255 -> 浦东新区
2025-07-12 01:47:15,156 - INFO - 🔄 正在处理记录 2425: (121.327408, 31.132234)
2025-07-12 01:47:15,156 - INFO - 📈 进度: 1928/3473 (55.5%)
2025-07-12 01:47:16,153 - INFO - ✅ API调用成功: 121.361004, 31.23479 -> 长宁区
2025-07-12 01:47:16,159 - INFO - 🔄 正在处理记录 2426: (121.254176, 31.189841)
2025-07-12 01:47:16,159 - INFO - 📈 进度: 1929/3473 (55.5%)
2025-07-12 01:47:17,131 - INFO - ✅ API调用成功: 121.612785, 31.21979 -> 浦东新区
2025-07-12 01:47:17,137 - INFO - 🔄 正在处理记录 2427: (121.354846, 31.220086)
2025-07-12 01:47:17,150 - INFO - ✅ 写入 10 条结果到 /Users/songdingan/Downloads/detect_bus/final_station_ranking_with_district.csv
2025-07-12 01:47:17,150 - INFO - 📈 进度: 1930/3473 (55.6%)
2025-07-12 01:47:18,129 - INFO - ✅ API调用成功: 121.524637, 31.057923 -> 闵行区
2025-07-12 01:47:18,133 - INFO - 🔄 正在处理记录 2428: (121.258687, 31.109281)
2025-07-12 01:47:18,133 - INFO - 📈 进度: 1931/3473 (55.6%)
2025-07-12 01:47:19,196 - INFO - ✅ API调用成功: 121.36263, 31.140796 -> 闵行区
2025-07-12 01:47:19,202 - INFO - 🔄 正在处理记录 2429: (121.02945, 31.104214)
2025-07-12 01:47:19,202 - INFO - 📈 进度: 1932/3473 (55.6%)
2025-07-12 01:47:20,145 - INFO - ✅ API调用成功: 121.536646, 31.21219 -> 浦东新区
2025-07-12 01:47:20,152 - INFO - 🔄 正在处理记录 2430: (121.36263, 31.140796)
2025-07-12 01:47:20,153 - INFO - 📈 进度: 1933/3473 (55.7%)
2025-07-12 01:47:21,137 - INFO - ✅ API调用成功: 121.373804, 30.852206 -> 金山区
2025-07-12 01:47:21,144 - INFO - 🔄 正在处理记录 2431: (121.492299, 31.15775)
2025-07-12 01:47:21,144 - INFO - 📈 进度: 1934/3473 (55.7%)
2025-07-12 01:47:22,295 - INFO - ✅ API调用成功: 121.518517, 31.229799 -> 浦东新区
2025-07-12 01:47:22,303 - INFO - 🔄 正在处理记录 2432: (121.573368, 31.27411)
2025-07-12 01:47:22,304 - INFO - 📈 进度: 1935/3473 (55.7%)
2025-07-12 01:47:23,211 - INFO - ✅ API调用成功: 121.209532, 30.928821 -> 松江区
2025-07-12 01:47:23,229 - INFO - 🔄 正在处理记录 2433: (121.037721, 31.123656)
2025-07-12 01:47:23,229 - INFO - 📈 进度: 1936/3473 (55.7%)
2025-07-12 01:47:24,241 - INFO - ✅ API调用成功: 121.35865, 31.248395 -> 嘉定区
2025-07-12 01:47:24,248 - INFO - 🔄 正在处理记录 2434: (121.690435, 31.182841)
2025-07-12 01:47:24,248 - INFO - 📈 进度: 1937/3473 (55.8%)
2025-07-12 01:47:26,183 - INFO - ✅ API调用成功: 121.656995, 31.201994 -> 浦东新区
2025-07-12 01:47:26,189 - INFO - 🔄 正在处理记录 2435: (121.340645, 30.743279)
2025-07-12 01:47:26,190 - INFO - 📈 进度: 1938/3473 (55.8%)
2025-07-12 01:47:26,200 - INFO - ✅ API调用成功: 121.310115, 31.066496 -> 松江区
2025-07-12 01:47:26,208 - INFO - 🔄 正在处理记录 2436: (121.392428, 31.0514)
2025-07-12 01:47:26,208 - INFO - 📈 进度: 1939/3473 (55.8%)
2025-07-12 01:47:27,175 - INFO - ✅ API调用成功: 121.461817, 30.925358 -> 奉贤区
2025-07-12 01:47:27,181 - INFO - 🔄 正在处理记录 2437: (121.113412, 31.148345)
2025-07-12 01:47:27,189 - INFO - ✅ 写入 10 条结果到 /Users/songdingan/Downloads/detect_bus/final_station_ranking_with_district.csv
2025-07-12 01:47:27,189 - INFO - 📈 进度: 1940/3473 (55.9%)
2025-07-12 01:47:28,211 - INFO - ✅ API调用成功: 121.766751, 31.105687 -> 浦东新区
2025-07-12 01:47:28,216 - INFO - 🔄 正在处理记录 2438: (121.298071, 31.183945)
2025-07-12 01:47:28,216 - INFO - 📈 进度: 1941/3473 (55.9%)
2025-07-12 01:47:29,225 - INFO - ✅ API调用成功: 121.602503, 31.267674 -> 浦东新区
2025-07-12 01:47:29,229 - INFO - 🔄 正在处理记录 2439: (121.526548, 31.098668)
2025-07-12 01:47:29,229 - INFO - 📈 进度: 1942/3473 (55.9%)
2025-07-12 01:47:30,201 - INFO - ✅ API调用成功: 121.450846, 31.097466 -> 闵行区
2025-07-12 01:47:30,205 - INFO - 🔄 正在处理记录 2440: (121.453569, 31.245438)
2025-07-12 01:47:30,205 - INFO - 📈 进度: 1943/3473 (55.9%)
2025-07-12 01:47:31,191 - INFO - ✅ API调用成功: 121.572457, 31.24494 -> 浦东新区
2025-07-12 01:47:31,198 - INFO - 🔄 正在处理记录 2441: (121.918836, 30.913881)
2025-07-12 01:47:31,198 - INFO - 📈 进度: 1944/3473 (56.0%)
2025-07-12 01:47:32,240 - INFO - ✅ API调用成功: 121.292978, 31.207541 -> 闵行区
2025-07-12 01:47:32,245 - INFO - 🔄 正在处理记录 2442: (121.687752, 31.105187)
2025-07-12 01:47:32,245 - INFO - 📈 进度: 1945/3473 (56.0%)
2025-07-12 01:47:33,205 - INFO - ✅ API调用成功: 121.708908, 30.998147 -> 浦东新区
2025-07-12 01:47:33,210 - INFO - 🔄 正在处理记录 2443: (121.325035, 31.414676)
2025-07-12 01:47:33,210 - INFO - 📈 进度: 1946/3473 (56.0%)
2025-07-12 01:47:34,233 - INFO - ✅ API调用成功: 121.461721, 31.312668 -> 静安区
2025-07-12 01:47:34,237 - INFO - 🔄 正在处理记录 2444: (121.475051, 30.917842)
2025-07-12 01:47:34,237 - INFO - 📈 进度: 1947/3473 (56.1%)
2025-07-12 01:47:35,207 - INFO - ✅ API调用成功: 121.563119, 31.249361 -> 浦东新区
2025-07-12 01:47:35,213 - INFO - 🔄 正在处理记录 2445: (121.611356, 31.256851)
2025-07-12 01:47:35,213 - INFO - 📈 进度: 1948/3473 (56.1%)
2025-07-12 01:47:36,198 - INFO - ✅ API调用成功: 121.335244, 30.733881 -> 金山区
2025-07-12 01:47:36,202 - INFO - 🔄 正在处理记录 2446: (121.741426, 31.049613)
2025-07-12 01:47:36,202 - INFO - 📈 进度: 1949/3473 (56.1%)
2025-07-12 01:47:37,226 - INFO - ✅ API调用成功: 121.338458, 30.732976 -> 金山区
2025-07-12 01:47:37,231 - INFO - 🔄 正在处理记录 2447: (121.524637, 31.057923)
2025-07-12 01:47:37,243 - INFO - ✅ 写入 10 条结果到 /Users/songdingan/Downloads/detect_bus/final_station_ranking_with_district.csv
2025-07-12 01:47:37,243 - INFO - 📈 进度: 1950/3473 (56.1%)
2025-07-12 01:47:38,229 - INFO - ✅ API调用成功: 121.362911, 31.184534 -> 闵行区
2025-07-12 01:47:38,234 - INFO - 🔄 正在处理记录 2448: (121.488124, 31.208821)
2025-07-12 01:47:38,234 - INFO - 📈 进度: 1951/3473 (56.2%)
2025-07-12 01:47:39,219 - INFO - ✅ API调用成功: 121.307013, 31.216494 -> 闵行区
2025-07-12 01:47:39,228 - INFO - 🔄 正在处理记录 2449: (121.427178, 31.215448)
2025-07-12 01:47:39,228 - INFO - 📈 进度: 1952/3473 (56.2%)
2025-07-12 01:47:40,215 - INFO - ✅ API调用成功: 121.516483, 31.210062 -> 浦东新区
2025-07-12 01:47:40,222 - INFO - 🔄 正在处理记录 2450: (121.556748, 31.242126)
2025-07-12 01:47:40,222 - INFO - 📈 进度: 1953/3473 (56.2%)
2025-07-12 01:47:41,278 - INFO - ✅ API调用成功: 121.398038, 31.213169 -> 长宁区
2025-07-12 01:47:41,282 - INFO - 🔄 正在处理记录 2451: (121.324849, 31.28881)
2025-07-12 01:47:41,283 - INFO - 📈 进度: 1954/3473 (56.3%)
2025-07-12 01:47:42,225 - INFO - ✅ API调用成功: 121.471218, 31.102495 -> 闵行区
2025-07-12 01:47:42,230 - INFO - 🔄 正在处理记录 2452: (121.593602, 31.02981)
2025-07-12 01:47:42,230 - INFO - 📈 进度: 1955/3473 (56.3%)
2025-07-12 01:47:43,231 - INFO - ✅ API调用成功: 121.204588, 31.010432 -> 松江区
2025-07-12 01:47:43,236 - INFO - 🔄 正在处理记录 2453: (121.355486, 31.155225)
2025-07-12 01:47:43,236 - INFO - 📈 进度: 1956/3473 (56.3%)
2025-07-12 01:47:44,239 - INFO - ✅ API调用成功: 121.383008, 31.216601 -> 长宁区
2025-07-12 01:47:44,245 - INFO - 🔄 正在处理记录 2454: (121.461817, 30.925358)
2025-07-12 01:47:44,245 - INFO - 📈 进度: 1957/3473 (56.3%)
2025-07-12 01:47:45,257 - INFO - ✅ API调用成功: 121.345917, 30.715995 -> 金山区
2025-07-12 01:47:45,261 - INFO - 🔄 正在处理记录 2455: (121.225989, 31.206661)
2025-07-12 01:47:45,261 - INFO - 📈 进度: 1958/3473 (56.4%)
2025-07-12 01:47:46,288 - INFO - ✅ API调用成功: 121.673675, 31.277011 -> 浦东新区
2025-07-12 01:47:46,294 - INFO - 🔄 正在处理记录 2456: (121.420817, 31.200071)
2025-07-12 01:47:46,294 - INFO - 📈 进度: 1959/3473 (56.4%)
2025-07-12 01:47:47,239 - INFO - ✅ API调用成功: 121.424084, 31.177539 -> 徐汇区
2025-07-12 01:47:47,254 - INFO - 🔄 正在处理记录 2457: (121.547693, 31.248691)
2025-07-12 01:47:47,274 - INFO - ✅ 写入 10 条结果到 /Users/songdingan/Downloads/detect_bus/final_station_ranking_with_district.csv
2025-07-12 01:47:47,275 - INFO - 📈 进度: 1960/3473 (56.4%)
2025-07-12 01:47:48,242 - INFO - ✅ API调用成功: 121.192115, 31.096035 -> 松江区
2025-07-12 01:47:48,249 - INFO - 🔄 正在处理记录 2458: (121.546701, 31.270392)
2025-07-12 01:47:48,249 - INFO - 📈 进度: 1961/3473 (56.5%)
2025-07-12 01:47:49,235 - INFO - ✅ API调用成功: 121.411636, 31.219723 -> 长宁区
2025-07-12 01:47:49,240 - INFO - 🔄 正在处理记录 2459: (121.545539, 31.204981)
2025-07-12 01:47:49,240 - INFO - 📈 进度: 1962/3473 (56.5%)
2025-07-12 01:47:50,231 - INFO - ✅ API调用成功: 121.789087, 31.029286 -> 浦东新区
2025-07-12 01:47:50,236 - INFO - 🔄 正在处理记录 2460: (121.35865, 31.248395)
2025-07-12 01:47:50,236 - INFO - 📈 进度: 1963/3473 (56.5%)
2025-07-12 01:47:51,271 - INFO - ✅ API调用成功: 121.77889, 31.043588 -> 浦东新区
2025-07-12 01:47:51,278 - INFO - 🔄 正在处理记录 2461: (121.487872, 31.292994)
2025-07-12 01:47:51,278 - INFO - 📈 进度: 1964/3473 (56.6%)
2025-07-12 01:47:52,234 - INFO - ✅ API调用成功: 121.661575, 31.10283 -> 浦东新区
2025-07-12 01:47:52,239 - INFO - 🔄 正在处理记录 2462: (121.728498, 31.242728)
2025-07-12 01:47:52,239 - INFO - 📈 进度: 1965/3473 (56.6%)
2025-07-12 01:47:53,251 - INFO - ✅ API调用成功: 121.6474, 31.122644 -> 浦东新区
2025-07-12 01:47:53,258 - INFO - 🔄 正在处理记录 2463: (121.346131, 31.167611)
2025-07-12 01:47:53,258 - INFO - 📈 进度: 1966/3473 (56.6%)
2025-07-12 01:47:54,267 - INFO - ✅ API调用成功: 121.60668, 31.294982 -> 浦东新区
2025-07-12 01:47:54,283 - INFO - 🔄 正在处理记录 2464: (121.674644, 31.194476)
2025-07-12 01:47:54,283 - INFO - 📈 进度: 1967/3473 (56.6%)
2025-07-12 01:47:55,266 - INFO - ✅ API调用成功: 121.327408, 31.132234 -> 松江区
2025-07-12 01:47:55,274 - INFO - 🔄 正在处理记录 2465: (121.564987, 31.199397)
2025-07-12 01:47:55,274 - INFO - 📈 进度: 1968/3473 (56.7%)
2025-07-12 01:47:56,288 - INFO - ✅ API调用成功: 121.254176, 31.189841 -> 青浦区
2025-07-12 01:47:56,293 - INFO - 🔄 正在处理记录 2466: (121.292978, 31.207541)
2025-07-12 01:47:56,293 - INFO - 📈 进度: 1969/3473 (56.7%)
2025-07-12 01:47:57,283 - INFO - ✅ API调用成功: 121.354846, 31.220086 -> 长宁区
2025-07-12 01:47:57,288 - INFO - 🔄 正在处理记录 2467: (121.359217, 31.23625)
2025-07-12 01:47:57,300 - INFO - ✅ 写入 10 条结果到 /Users/songdingan/Downloads/detect_bus/final_station_ranking_with_district.csv
2025-07-12 01:47:57,300 - INFO - 📈 进度: 1970/3473 (56.7%)
2025-07-12 01:47:58,541 - INFO - ✅ API调用成功: 121.258687, 31.109281 -> 松江区
2025-07-12 01:47:58,545 - INFO - 🔄 正在处理记录 2468: (121.421847, 31.017763)
2025-07-12 01:47:58,545 - INFO - 📈 进度: 1971/3473 (56.8%)
2025-07-12 01:47:59,333 - INFO - ✅ API调用成功: 121.02945, 31.104214 -> 青浦区
2025-07-12 01:47:59,340 - INFO - 🔄 正在处理记录 2469: (121.297291, 30.842247)
2025-07-12 01:47:59,340 - INFO - 📈 进度: 1972/3473 (56.8%)
2025-07-12 01:48:00,282 - INFO - ✅ API调用成功: 121.36263, 31.140796 -> 闵行区
2025-07-12 01:48:00,286 - INFO - 🔄 正在处理记录 2470: (121.514311, 31.281441)
2025-07-12 01:48:00,287 - INFO - 📈 进度: 1973/3473 (56.8%)
2025-07-12 01:48:01,280 - INFO - ✅ API调用成功: 121.492299, 31.15775 -> 浦东新区
2025-07-12 01:48:01,284 - INFO - 🔄 正在处理记录 2471: (121.498879, 31.302996)
2025-07-12 01:48:01,284 - INFO - 📈 进度: 1974/3473 (56.8%)
2025-07-12 01:48:02,316 - INFO - ✅ API调用成功: 121.573368, 31.27411 -> 浦东新区
2025-07-12 01:48:02,322 - INFO - 🔄 正在处理记录 2472: (121.496922, 31.185253)
2025-07-12 01:48:02,322 - INFO - 📈 进度: 1975/3473 (56.9%)
2025-07-12 01:48:03,302 - INFO - ✅ API调用成功: 121.037721, 31.123656 -> 青浦区
2025-07-12 01:48:03,305 - INFO - 🔄 正在处理记录 2473: (121.822275, 30.862058)
2025-07-12 01:48:03,305 - INFO - 📈 进度: 1976/3473 (56.9%)
2025-07-12 01:48:04,364 - INFO - ✅ API调用成功: 121.690435, 31.182841 -> 浦东新区
2025-07-12 01:48:04,370 - INFO - 🔄 正在处理记录 2474: (121.469016, 31.236296)
2025-07-12 01:48:04,370 - INFO - 📈 进度: 1977/3473 (56.9%)
2025-07-12 01:48:05,309 - INFO - ✅ API调用成功: 121.340645, 30.743279 -> 金山区
2025-07-12 01:48:05,316 - INFO - 🔄 正在处理记录 2475: (121.590032, 31.129631)
2025-07-12 01:48:05,316 - INFO - 📈 进度: 1978/3473 (57.0%)
2025-07-12 01:48:06,313 - INFO - ✅ API调用成功: 121.392428, 31.0514 -> 闵行区
2025-07-12 01:48:06,321 - INFO - 🔄 正在处理记录 2476: (121.61629, 31.540804)
2025-07-12 01:48:06,321 - INFO - 📈 进度: 1979/3473 (57.0%)
2025-07-12 01:48:07,306 - INFO - ✅ API调用成功: 121.113412, 31.148345 -> 青浦区
2025-07-12 01:48:07,324 - INFO - 🔄 正在处理记录 2477: (121.449044, 31.228977)
2025-07-12 01:48:07,336 - INFO - ✅ 写入 10 条结果到 /Users/songdingan/Downloads/detect_bus/final_station_ranking_with_district.csv
2025-07-12 01:48:07,336 - INFO - 📈 进度: 1980/3473 (57.0%)
2025-07-12 01:48:08,300 - INFO - ✅ API调用成功: 121.298071, 31.183945 -> 青浦区
2025-07-12 01:48:08,305 - INFO - 🔄 正在处理记录 2478: (121.244268, 31.38662)
2025-07-12 01:48:08,306 - INFO - 📈 进度: 1981/3473 (57.0%)
2025-07-12 01:48:09,448 - INFO - ✅ API调用成功: 121.526548, 31.098668 -> 闵行区
2025-07-12 01:48:09,453 - INFO - 🔄 正在处理记录 2479: (121.525346, 31.240332)
2025-07-12 01:48:09,453 - INFO - 📈 进度: 1982/3473 (57.1%)
2025-07-12 01:48:10,559 - INFO - ✅ API调用成功: 121.453569, 31.245438 -> 静安区
2025-07-12 01:48:10,565 - INFO - 🔄 正在处理记录 2480: (121.918836, 30.913881)
2025-07-12 01:48:10,565 - INFO - 📈 进度: 1983/3473 (57.1%)
2025-07-12 01:48:11,321 - INFO - ✅ API调用成功: 121.918836, 30.913881 -> 浦东新区
2025-07-12 01:48:11,326 - INFO - 🔄 正在处理记录 2481: (121.575893, 31.251509)
2025-07-12 01:48:11,326 - INFO - 📈 进度: 1984/3473 (57.1%)
2025-07-12 01:48:12,319 - INFO - ✅ API调用成功: 121.687752, 31.105187 -> 浦东新区
2025-07-12 01:48:12,324 - INFO - 🔄 正在处理记录 2482: (121.759978, 31.127486)
2025-07-12 01:48:12,324 - INFO - 📈 进度: 1985/3473 (57.2%)
2025-07-12 01:48:13,338 - INFO - ✅ API调用成功: 121.325035, 31.414676 -> 宝山区
2025-07-12 01:48:13,347 - INFO - 🔄 正在处理记录 2483: (121.368613, 31.192751)
2025-07-12 01:48:13,347 - INFO - 📈 进度: 1986/3473 (57.2%)
2025-07-12 01:48:14,339 - INFO - ✅ API调用成功: 121.475051, 30.917842 -> 奉贤区
2025-07-12 01:48:14,354 - INFO - 🔄 正在处理记录 2484: (121.143138, 31.11581)
2025-07-12 01:48:14,354 - INFO - 📈 进度: 1987/3473 (57.2%)
2025-07-12 01:48:15,351 - INFO - ✅ API调用成功: 121.611356, 31.256851 -> 浦东新区
2025-07-12 01:48:15,356 - INFO - 🔄 正在处理记录 2485: (121.271315, 31.165416)
2025-07-12 01:48:15,356 - INFO - 📈 进度: 1988/3473 (57.2%)
2025-07-12 01:48:16,339 - INFO - ✅ API调用成功: 121.741426, 31.049613 -> 浦东新区
2025-07-12 01:48:16,343 - INFO - 🔄 正在处理记录 2486: (121.36953, 31.131415)
2025-07-12 01:48:16,343 - INFO - 📈 进度: 1989/3473 (57.3%)
2025-07-12 01:48:17,316 - INFO - ✅ API调用成功: 121.524637, 31.057923 -> 闵行区
2025-07-12 01:48:17,320 - INFO - 🔄 正在处理记录 2487: (121.449314, 31.117566)
2025-07-12 01:48:17,330 - INFO - ✅ 写入 10 条结果到 /Users/songdingan/Downloads/detect_bus/final_station_ranking_with_district.csv
2025-07-12 01:48:17,330 - INFO - 📈 进度: 1990/3473 (57.3%)
2025-07-12 01:48:18,341 - INFO - ✅ API调用成功: 121.488124, 31.208821 -> 黄浦区
2025-07-12 01:48:18,346 - INFO - 🔄 正在处理记录 2488: (121.61629, 31.540804)
2025-07-12 01:48:18,346 - INFO - 📈 进度: 1991/3473 (57.3%)
2025-07-12 01:48:19,366 - INFO - ✅ API调用成功: 121.427178, 31.215448 -> 长宁区
2025-07-12 01:48:19,379 - INFO - 🔄 正在处理记录 2489: (121.484267, 31.384391)
2025-07-12 01:48:19,379 - INFO - 📈 进度: 1992/3473 (57.4%)
2025-07-12 01:48:20,361 - INFO - ✅ API调用成功: 121.556748, 31.242126 -> 浦东新区
2025-07-12 01:48:20,367 - INFO - 🔄 正在处理记录 2490: (121.735488, 30.974988)
2025-07-12 01:48:20,367 - INFO - 📈 进度: 1993/3473 (57.4%)
2025-07-12 01:48:21,356 - INFO - ✅ API调用成功: 121.324849, 31.28881 -> 嘉定区
2025-07-12 01:48:21,362 - INFO - 🔄 正在处理记录 2491: (121.569672, 31.271123)
2025-07-12 01:48:21,363 - INFO - 📈 进度: 1994/3473 (57.4%)
2025-07-12 01:48:22,546 - INFO - ✅ API调用成功: 121.593602, 31.02981 -> 浦东新区
2025-07-12 01:48:22,553 - INFO - 🔄 正在处理记录 2492: (121.30539, 31.115131)
2025-07-12 01:48:22,553 - INFO - 📈 进度: 1995/3473 (57.4%)
2025-07-12 01:48:23,340 - INFO - ✅ API调用成功: 121.355486, 31.155225 -> 闵行区
2025-07-12 01:48:23,353 - INFO - 🔄 正在处理记录 2493: (121.443558, 31.241078)
2025-07-12 01:48:23,354 - INFO - 📈 进度: 1996/3473 (57.5%)
2025-07-12 01:48:24,368 - INFO - ✅ API调用成功: 121.461817, 30.925358 -> 奉贤区
2025-07-12 01:48:24,384 - INFO - 🔄 正在处理记录 2494: (121.464369, 30.917632)
2025-07-12 01:48:24,384 - INFO - 📈 进度: 1997/3473 (57.5%)
2025-07-12 01:48:25,373 - INFO - ✅ API调用成功: 121.225989, 31.206661 -> 青浦区
2025-07-12 01:48:25,378 - INFO - 🔄 正在处理记录 2495: (121.29753, 30.727169)
2025-07-12 01:48:25,378 - INFO - 📈 进度: 1998/3473 (57.5%)
2025-07-12 01:48:26,363 - INFO - ✅ API调用成功: 121.420817, 31.200071 -> 长宁区
2025-07-12 01:48:26,368 - INFO - 🔄 正在处理记录 2496: (121.419211, 31.295839)
2025-07-12 01:48:26,368 - INFO - 📈 进度: 1999/3473 (57.6%)
2025-07-12 01:48:27,355 - INFO - ✅ API调用成功: 121.547693, 31.248691 -> 浦东新区
2025-07-12 01:48:27,359 - INFO - 🔄 正在处理记录 2497: (121.473442, 31.092105)
2025-07-12 01:48:27,370 - INFO - ✅ 写入 10 条结果到 /Users/songdingan/Downloads/detect_bus/final_station_ranking_with_district.csv
2025-07-12 01:48:27,371 - INFO - 📈 进度: 2000/3473 (57.6%)
2025-07-12 01:48:28,376 - INFO - ✅ API调用成功: 121.546701, 31.270392 -> 杨浦区
2025-07-12 01:48:28,384 - INFO - 🔄 正在处理记录 2498: (121.721235, 31.233487)
2025-07-12 01:48:28,384 - INFO - 📈 进度: 2001/3473 (57.6%)
2025-07-12 01:48:29,366 - INFO - ✅ API调用成功: 121.545539, 31.204981 -> 浦东新区
2025-07-12 01:48:29,370 - INFO - 🔄 正在处理记录 2499: (121.428885, 31.013735)
2025-07-12 01:48:29,371 - INFO - 📈 进度: 2002/3473 (57.6%)
2025-07-12 01:48:30,357 - INFO - ✅ API调用成功: 121.35865, 31.248395 -> 嘉定区
2025-07-12 01:48:30,362 - INFO - 🔄 正在处理记录 2500: (121.099498, 31.190929)
2025-07-12 01:48:30,362 - INFO - 📈 进度: 2003/3473 (57.7%)
2025-07-12 01:48:31,392 - INFO - ✅ API调用成功: 121.487872, 31.292994 -> 虹口区
2025-07-12 01:48:31,399 - INFO - 🔄 正在处理记录 2501: (121.449044, 31.228977)
2025-07-12 01:48:31,400 - INFO - 📈 进度: 2004/3473 (57.7%)
2025-07-12 01:48:32,374 - INFO - ✅ API调用成功: 121.728498, 31.242728 -> 浦东新区
2025-07-12 01:48:32,385 - INFO - 🔄 正在处理记录 2502: (121.529276, 31.214792)
2025-07-12 01:48:32,385 - INFO - 📈 进度: 2005/3473 (57.7%)
2025-07-12 01:48:33,382 - INFO - ✅ API调用成功: 121.346131, 31.167611 -> 闵行区
2025-07-12 01:48:33,387 - INFO - 🔄 正在处理记录 2503: (121.339072, 30.754396)
2025-07-12 01:48:33,387 - INFO - 📈 进度: 2006/3473 (57.8%)
2025-07-12 01:48:34,568 - INFO - ✅ API调用成功: 121.674644, 31.194476 -> 浦东新区
2025-07-12 01:48:34,576 - INFO - 🔄 正在处理记录 2504: (121.537809, 31.289933)
2025-07-12 01:48:34,576 - INFO - 📈 进度: 2007/3473 (57.8%)
2025-07-12 01:48:35,401 - INFO - ✅ API调用成功: 121.564987, 31.199397 -> 浦东新区
2025-07-12 01:48:35,415 - INFO - 🔄 正在处理记录 2505: (121.685065, 31.198749)
2025-07-12 01:48:35,415 - INFO - 📈 进度: 2008/3473 (57.8%)
2025-07-12 01:48:36,382 - INFO - ✅ API调用成功: 121.292978, 31.207541 -> 闵行区
2025-07-12 01:48:36,386 - INFO - 🔄 正在处理记录 2506: (121.535742, 31.155457)
2025-07-12 01:48:36,386 - INFO - 📈 进度: 2009/3473 (57.8%)
2025-07-12 01:48:37,383 - INFO - ✅ API调用成功: 121.359217, 31.23625 -> 长宁区
2025-07-12 01:48:37,389 - INFO - 🔄 正在处理记录 2507: (121.768785, 31.065595)
2025-07-12 01:48:37,402 - INFO - ✅ 写入 10 条结果到 /Users/songdingan/Downloads/detect_bus/final_station_ranking_with_district.csv
2025-07-12 01:48:37,402 - INFO - 📈 进度: 2010/3473 (57.9%)
2025-07-12 01:48:38,416 - INFO - ✅ API调用成功: 121.421847, 31.017763 -> 闵行区
2025-07-12 01:48:38,421 - INFO - 🔄 正在处理记录 2508: (121.626775, 31.178624)
2025-07-12 01:48:38,422 - INFO - 📈 进度: 2011/3473 (57.9%)
2025-07-12 01:48:39,391 - INFO - ✅ API调用成功: 121.297291, 30.842247 -> 金山区
2025-07-12 01:48:39,405 - INFO - 🔄 正在处理记录 2509: (121.860813, 30.999384)
2025-07-12 01:48:39,405 - INFO - 📈 进度: 2012/3473 (57.9%)
2025-07-12 01:48:40,460 - INFO - ✅ API调用成功: 121.514311, 31.281441 -> 杨浦区
2025-07-12 01:48:40,475 - INFO - 🔄 正在处理记录 2510: (121.57053, 31.003245)
2025-07-12 01:48:40,475 - INFO - 📈 进度: 2013/3473 (58.0%)
2025-07-12 01:48:41,412 - INFO - ✅ API调用成功: 121.498879, 31.302996 -> 杨浦区
2025-07-12 01:48:41,427 - INFO - 🔄 正在处理记录 2511: (121.439927, 31.225649)
2025-07-12 01:48:41,427 - INFO - 📈 进度: 2014/3473 (58.0%)
2025-07-12 01:48:42,412 - INFO - ✅ API调用成功: 121.496922, 31.185253 -> 浦东新区
2025-07-12 01:48:42,416 - INFO - 🔄 正在处理记录 2512: (121.369541, 31.113864)
2025-07-12 01:48:42,416 - INFO - 📈 进度: 2015/3473 (58.0%)
2025-07-12 01:48:43,444 - INFO - ✅ API调用成功: 121.822275, 30.862058 -> 浦东新区
2025-07-12 01:48:43,448 - INFO - 🔄 正在处理记录 2513: (121.269664, 31.417664)
2025-07-12 01:48:43,448 - INFO - 📈 进度: 2016/3473 (58.0%)
2025-07-12 01:48:44,396 - INFO - ✅ API调用成功: 121.469016, 31.236296 -> 静安区
2025-07-12 01:48:44,400 - INFO - 🔄 正在处理记录 2514: (121.401861, 31.627242)
2025-07-12 01:48:44,400 - INFO - 📈 进度: 2017/3473 (58.1%)
2025-07-12 01:48:45,410 - INFO - ✅ API调用成功: 121.590032, 31.129631 -> 浦东新区
2025-07-12 01:48:45,417 - INFO - 🔄 正在处理记录 2515: (121.359189, 31.207317)
2025-07-12 01:48:45,417 - INFO - 📈 进度: 2018/3473 (58.1%)
2025-07-12 01:48:46,609 - INFO - ✅ API调用成功: 121.61629, 31.540804 -> 崇明区
2025-07-12 01:48:46,617 - INFO - 🔄 正在处理记录 2516: (121.211388, 30.933709)
2025-07-12 01:48:46,617 - INFO - 📈 进度: 2019/3473 (58.1%)
2025-07-12 01:48:47,435 - INFO - ✅ API调用成功: 121.449044, 31.228977 -> 静安区
2025-07-12 01:48:47,446 - INFO - 🔄 正在处理记录 2517: (121.418733, 31.283808)
2025-07-12 01:48:47,456 - INFO - ✅ 写入 10 条结果到 /Users/songdingan/Downloads/detect_bus/final_station_ranking_with_district.csv
2025-07-12 01:48:47,456 - INFO - 📈 进度: 2020/3473 (58.2%)
2025-07-12 01:48:48,429 - INFO - ✅ API调用成功: 121.244268, 31.38662 -> 嘉定区
2025-07-12 01:48:48,443 - INFO - 🔄 正在处理记录 2518: (121.595379, 31.125896)
2025-07-12 01:48:48,444 - INFO - 📈 进度: 2021/3473 (58.2%)
2025-07-12 01:48:49,420 - INFO - ✅ API调用成功: 121.525346, 31.240332 -> 浦东新区
2025-07-12 01:48:49,426 - INFO - 🔄 正在处理记录 2519: (121.575893, 31.251509)
2025-07-12 01:48:49,427 - INFO - 📈 进度: 2022/3473 (58.2%)
2025-07-12 01:48:50,450 - INFO - ✅ API调用成功: 121.918836, 30.913881 -> 浦东新区
2025-07-12 01:48:50,455 - INFO - 🔄 正在处理记录 2520: (121.408044, 31.178822)
2025-07-12 01:48:50,455 - INFO - 📈 进度: 2023/3473 (58.2%)
2025-07-12 01:48:51,465 - INFO - ✅ API调用成功: 121.575893, 31.251509 -> 浦东新区
2025-07-12 01:48:51,473 - INFO - 🔄 正在处理记录 2521: (121.405867, 31.126494)
2025-07-12 01:48:51,473 - INFO - 📈 进度: 2024/3473 (58.3%)
2025-07-12 01:48:52,445 - INFO - ✅ API调用成功: 121.759978, 31.127486 -> 浦东新区
2025-07-12 01:48:52,450 - INFO - 🔄 正在处理记录 2522: (121.204588, 31.010432)
2025-07-12 01:48:52,450 - INFO - 📈 进度: 2025/3473 (58.3%)
2025-07-12 01:48:53,449 - INFO - ✅ API调用成功: 121.368613, 31.192751 -> 长宁区
2025-07-12 01:48:53,455 - INFO - 🔄 正在处理记录 2523: (121.283735, 30.802145)
2025-07-12 01:48:53,455 - INFO - 📈 进度: 2026/3473 (58.3%)
2025-07-12 01:48:54,467 - INFO - ✅ API调用成功: 121.143138, 31.11581 -> 青浦区
2025-07-12 01:48:54,485 - INFO - 🔄 正在处理记录 2524: (121.241479, 30.825467)
2025-07-12 01:48:54,485 - INFO - 📈 进度: 2027/3473 (58.4%)
2025-07-12 01:48:55,446 - INFO - ✅ API调用成功: 121.271315, 31.165416 -> 青浦区
2025-07-12 01:48:55,455 - INFO - 🔄 正在处理记录 2525: (121.50816, 31.286506)
2025-07-12 01:48:55,455 - INFO - 📈 进度: 2028/3473 (58.4%)
2025-07-12 01:48:56,451 - INFO - ✅ API调用成功: 121.36953, 31.131415 -> 闵行区
2025-07-12 01:48:56,457 - INFO - 🔄 正在处理记录 2526: (121.509951, 31.177761)
2025-07-12 01:48:56,457 - INFO - 📈 进度: 2029/3473 (58.4%)
2025-07-12 01:48:57,480 - INFO - ✅ API调用成功: 121.449314, 31.117566 -> 闵行区
2025-07-12 01:48:57,484 - INFO - 🔄 正在处理记录 2527: (121.573664, 31.324292)
2025-07-12 01:48:57,491 - INFO - ✅ 写入 10 条结果到 /Users/songdingan/Downloads/detect_bus/final_station_ranking_with_district.csv
2025-07-12 01:48:57,491 - INFO - 📈 进度: 2030/3473 (58.5%)
2025-07-12 01:48:58,657 - INFO - ✅ API调用成功: 121.61629, 31.540804 -> 崇明区
2025-07-12 01:48:58,668 - INFO - 🔄 正在处理记录 2528: (121.578505, 31.268453)
2025-07-12 01:48:58,669 - INFO - 📈 进度: 2031/3473 (58.5%)
2025-07-12 01:48:59,461 - INFO - ✅ API调用成功: 121.484267, 31.384391 -> 宝山区
2025-07-12 01:48:59,466 - INFO - 🔄 正在处理记录 2529: (121.311039, 31.195536)
2025-07-12 01:48:59,466 - INFO - 📈 进度: 2032/3473 (58.5%)
2025-07-12 01:49:00,455 - INFO - ✅ API调用成功: 121.735488, 30.974988 -> 奉贤区
2025-07-12 01:49:00,459 - INFO - 🔄 正在处理记录 2530: (121.757173, 31.051291)
2025-07-12 01:49:00,460 - INFO - 📈 进度: 2033/3473 (58.5%)
2025-07-12 01:49:01,490 - INFO - ✅ API调用成功: 121.569672, 31.271123 -> 浦东新区
2025-07-12 01:49:01,497 - INFO - 🔄 正在处理记录 2531: (121.429954, 31.262822)
2025-07-12 01:49:01,497 - INFO - 📈 进度: 2034/3473 (58.6%)
2025-07-12 01:49:02,458 - INFO - ✅ API调用成功: 121.30539, 31.115131 -> 松江区
2025-07-12 01:49:02,462 - INFO - 🔄 正在处理记录 2532: (121.391137, 31.16812)
2025-07-12 01:49:02,462 - INFO - 📈 进度: 2035/3473 (58.6%)
2025-07-12 01:49:03,463 - INFO - ✅ API调用成功: 121.443558, 31.241078 -> 静安区
2025-07-12 01:49:03,468 - INFO - 🔄 正在处理记录 2533: (121.269652, 31.114352)
2025-07-12 01:49:03,468 - INFO - 📈 进度: 2036/3473 (58.6%)
2025-07-12 01:49:04,626 - INFO - ✅ API调用成功: 121.464369, 30.917632 -> 奉贤区
2025-07-12 01:49:04,630 - INFO - 🔄 正在处理记录 2534: (121.710413, 31.030007)
2025-07-12 01:49:04,631 - INFO - 📈 进度: 2037/3473 (58.7%)
2025-07-12 01:49:05,476 - INFO - ✅ API调用成功: 121.29753, 30.727169 -> 金山区
2025-07-12 01:49:05,480 - INFO - 🔄 正在处理记录 2535: (121.315726, 31.128341)
2025-07-12 01:49:05,480 - INFO - 📈 进度: 2038/3473 (58.7%)
2025-07-12 01:49:06,459 - INFO - ✅ API调用成功: 121.419211, 31.295839 -> 宝山区
2025-07-12 01:49:06,464 - INFO - 🔄 正在处理记录 2536: (121.386296, 31.144041)
2025-07-12 01:49:06,464 - INFO - 📈 进度: 2039/3473 (58.7%)
2025-07-12 01:49:07,473 - INFO - ✅ API调用成功: 121.473442, 31.092105 -> 闵行区
2025-07-12 01:49:07,478 - INFO - 🔄 正在处理记录 2537: (121.515679, 31.208514)
2025-07-12 01:49:07,489 - INFO - ✅ 写入 10 条结果到 /Users/songdingan/Downloads/detect_bus/final_station_ranking_with_district.csv
2025-07-12 01:49:07,489 - INFO - 📈 进度: 2040/3473 (58.7%)
2025-07-12 01:49:08,491 - INFO - ✅ API调用成功: 121.721235, 31.233487 -> 浦东新区
2025-07-12 01:49:08,509 - INFO - 🔄 正在处理记录 2538: (121.516483, 31.210062)
2025-07-12 01:49:08,509 - INFO - 📈 进度: 2041/3473 (58.8%)
2025-07-12 01:49:09,512 - INFO - ✅ API调用成功: 121.428885, 31.013735 -> 闵行区
2025-07-12 01:49:09,517 - INFO - 🔄 正在处理记录 2539: (121.528594, 31.162824)
2025-07-12 01:49:09,518 - INFO - 📈 进度: 2042/3473 (58.8%)
2025-07-12 01:49:10,640 - INFO - ✅ API调用成功: 121.099498, 31.190929 -> 青浦区
2025-07-12 01:49:10,646 - INFO - 🔄 正在处理记录 2540: (121.463379, 31.21093)
2025-07-12 01:49:10,646 - INFO - 📈 进度: 2043/3473 (58.8%)
2025-07-12 01:49:11,636 - INFO - ✅ API调用成功: 121.449044, 31.228977 -> 静安区
2025-07-12 01:49:11,642 - INFO - 🔄 正在处理记录 2541: (121.274766, 31.189839)
2025-07-12 01:49:11,642 - INFO - 📈 进度: 2044/3473 (58.9%)
2025-07-12 01:49:12,494 - INFO - ✅ API调用成功: 121.529276, 31.214792 -> 浦东新区
2025-07-12 01:49:12,499 - INFO - 🔄 正在处理记录 2542: (121.593602, 31.02981)
2025-07-12 01:49:12,499 - INFO - 📈 进度: 2045/3473 (58.9%)
2025-07-12 01:49:13,493 - INFO - ✅ API调用成功: 121.339072, 30.754396 -> 金山区
2025-07-12 01:49:13,501 - INFO - 🔄 正在处理记录 2543: (121.501389, 31.257208)
2025-07-12 01:49:13,501 - INFO - 📈 进度: 2046/3473 (58.9%)
2025-07-12 01:49:14,528 - INFO - ✅ API调用成功: 121.537809, 31.289933 -> 杨浦区
2025-07-12 01:49:14,534 - INFO - 🔄 正在处理记录 2544: (121.358218, 30.731066)
2025-07-12 01:49:14,534 - INFO - 📈 进度: 2047/3473 (58.9%)
2025-07-12 01:49:15,491 - INFO - ✅ API调用成功: 121.685065, 31.198749 -> 浦东新区
2025-07-12 01:49:15,504 - INFO - 🔄 正在处理记录 2545: (121.305214, 30.882812)
2025-07-12 01:49:15,504 - INFO - 📈 进度: 2048/3473 (59.0%)
2025-07-12 01:49:16,507 - INFO - ✅ API调用成功: 121.535742, 31.155457 -> 浦东新区
2025-07-12 01:49:16,515 - INFO - 🔄 正在处理记录 2546: (121.766751, 31.105687)
2025-07-12 01:49:16,515 - INFO - 📈 进度: 2049/3473 (59.0%)
2025-07-12 01:49:17,535 - INFO - ✅ API调用成功: 121.768785, 31.065595 -> 浦东新区
2025-07-12 01:49:17,542 - INFO - 🔄 正在处理记录 2547: (121.545532, 31.241406)
2025-07-12 01:49:17,557 - INFO - ✅ 写入 10 条结果到 /Users/songdingan/Downloads/detect_bus/final_station_ranking_with_district.csv
2025-07-12 01:49:17,557 - INFO - 📈 进度: 2050/3473 (59.0%)
2025-07-12 01:49:18,536 - INFO - ✅ API调用成功: 121.626775, 31.178624 -> 浦东新区
2025-07-12 01:49:18,541 - INFO - 🔄 正在处理记录 2548: (121.339519, 30.757342)
2025-07-12 01:49:18,541 - INFO - 📈 进度: 2051/3473 (59.1%)
2025-07-12 01:49:19,525 - INFO - ✅ API调用成功: 121.860813, 30.999384 -> 浦东新区
2025-07-12 01:49:19,531 - INFO - 🔄 正在处理记录 2549: (121.573368, 31.27411)
2025-07-12 01:49:19,531 - INFO - 📈 进度: 2052/3473 (59.1%)
2025-07-12 01:49:20,512 - INFO - ✅ API调用成功: 121.57053, 31.003245 -> 闵行区
2025-07-12 01:49:20,531 - INFO - 🔄 正在处理记录 2550: (121.578505, 31.268453)
2025-07-12 01:49:20,531 - INFO - 📈 进度: 2053/3473 (59.1%)
2025-07-12 01:49:21,527 - INFO - ✅ API调用成功: 121.439927, 31.225649 -> 长宁区
2025-07-12 01:49:21,532 - INFO - 🔄 正在处理记录 2551: (121.31053, 30.750365)
2025-07-12 01:49:21,532 - INFO - 📈 进度: 2054/3473 (59.1%)
2025-07-12 01:49:22,636 - INFO - ✅ API调用成功: 121.369541, 31.113864 -> 闵行区
2025-07-12 01:49:22,644 - INFO - 🔄 正在处理记录 2552: (121.331673, 30.750411)
2025-07-12 01:49:22,644 - INFO - 📈 进度: 2055/3473 (59.2%)
2025-07-12 01:49:23,521 - INFO - ✅ API调用成功: 121.269664, 31.417664 -> 嘉定区
2025-07-12 01:49:23,533 - INFO - 🔄 正在处理记录 2553: (121.330886, 30.725913)
2025-07-12 01:49:23,533 - INFO - 📈 进度: 2056/3473 (59.2%)
2025-07-12 01:49:24,552 - INFO - ✅ API调用成功: 121.401861, 31.627242 -> 崇明区
2025-07-12 01:49:24,559 - INFO - 🔄 正在处理记录 2554: (121.36234, 31.221643)
2025-07-12 01:49:24,559 - INFO - 📈 进度: 2057/3473 (59.2%)
2025-07-12 01:49:25,550 - INFO - ✅ API调用成功: 121.359189, 31.207317 -> 长宁区
2025-07-12 01:49:25,554 - INFO - 🔄 正在处理记录 2555: (121.346083, 30.791874)
2025-07-12 01:49:25,554 - INFO - 📈 进度: 2058/3473 (59.3%)
2025-07-12 01:49:26,558 - INFO - ✅ API调用成功: 121.211388, 30.933709 -> 松江区
2025-07-12 01:49:26,563 - INFO - 🔄 正在处理记录 2556: (121.116686, 31.157731)
2025-07-12 01:49:26,563 - INFO - 📈 进度: 2059/3473 (59.3%)
2025-07-12 01:49:27,505 - INFO - ✅ API调用成功: 121.418733, 31.283808 -> 宝山区
2025-07-12 01:49:27,511 - INFO - 🔄 正在处理记录 2557: (121.487872, 31.292994)
2025-07-12 01:49:27,521 - INFO - ✅ 写入 10 条结果到 /Users/songdingan/Downloads/detect_bus/final_station_ranking_with_district.csv
2025-07-12 01:49:27,521 - INFO - 📈 进度: 2060/3473 (59.3%)
2025-07-12 01:49:28,521 - INFO - ✅ API调用成功: 121.595379, 31.125896 -> 浦东新区
2025-07-12 01:49:28,526 - INFO - 🔄 正在处理记录 2558: (121.252595, 31.353315)
2025-07-12 01:49:28,526 - INFO - 📈 进度: 2061/3473 (59.3%)
2025-07-12 01:49:29,547 - INFO - ✅ API调用成功: 121.575893, 31.251509 -> 浦东新区
2025-07-12 01:49:29,555 - INFO - 🔄 正在处理记录 2559: (121.33404, 30.953647)
2025-07-12 01:49:29,555 - INFO - 📈 进度: 2062/3473 (59.4%)
2025-07-12 01:49:30,552 - INFO - ✅ API调用成功: 121.408044, 31.178822 -> 徐汇区
2025-07-12 01:49:30,557 - INFO - 🔄 正在处理记录 2560: (121.19241, 31.071484)
2025-07-12 01:49:30,557 - INFO - 📈 进度: 2063/3473 (59.4%)
2025-07-12 01:49:31,547 - INFO - ✅ API调用成功: 121.405867, 31.126494 -> 闵行区
2025-07-12 01:49:31,563 - INFO - 🔄 正在处理记录 2561: (121.215765, 31.061869)
2025-07-12 01:49:31,564 - INFO - 📈 进度: 2064/3473 (59.4%)
2025-07-12 01:49:32,558 - INFO - ✅ API调用成功: 121.204588, 31.010432 -> 松江区
2025-07-12 01:49:32,567 - INFO - 🔄 正在处理记录 2562: (121.418097, 31.117795)
2025-07-12 01:49:32,567 - INFO - 📈 进度: 2065/3473 (59.5%)
2025-07-12 01:49:33,578 - INFO - ✅ API调用成功: 121.283735, 30.802145 -> 金山区
2025-07-12 01:49:33,585 - INFO - 🔄 正在处理记录 2563: (121.42078, 31.001556)
2025-07-12 01:49:33,585 - INFO - 📈 进度: 2066/3473 (59.5%)
2025-07-12 01:49:34,686 - INFO - ✅ API调用成功: 121.241479, 30.825467 -> 金山区
2025-07-12 01:49:34,696 - INFO - 🔄 正在处理记录 2564: (121.40269, 31.294296)
2025-07-12 01:49:34,696 - INFO - 📈 进度: 2067/3473 (59.5%)
2025-07-12 01:49:35,600 - INFO - ✅ API调用成功: 121.50816, 31.286506 -> 杨浦区
2025-07-12 01:49:35,606 - INFO - 🔄 正在处理记录 2565: (121.345172, 31.211646)
2025-07-12 01:49:35,607 - INFO - 📈 进度: 2068/3473 (59.5%)
2025-07-12 01:49:36,538 - INFO - ✅ API调用成功: 121.509951, 31.177761 -> 浦东新区
2025-07-12 01:49:36,544 - INFO - 🔄 正在处理记录 2566: (121.187489, 31.16317)
2025-07-12 01:49:36,544 - INFO - 📈 进度: 2069/3473 (59.6%)
2025-07-12 01:49:37,570 - INFO - ✅ API调用成功: 121.573664, 31.324292 -> 浦东新区
2025-07-12 01:49:37,592 - INFO - 🔄 正在处理记录 2567: (121.383567, 30.898017)
2025-07-12 01:49:37,610 - INFO - ✅ 写入 10 条结果到 /Users/songdingan/Downloads/detect_bus/final_station_ranking_with_district.csv
2025-07-12 01:49:37,610 - INFO - 📈 进度: 2070/3473 (59.6%)
2025-07-12 01:49:38,607 - INFO - ✅ API调用成功: 121.578505, 31.268453 -> 浦东新区
2025-07-12 01:49:38,615 - INFO - 🔄 正在处理记录 2568: (121.230635, 31.032396)
2025-07-12 01:49:38,615 - INFO - 📈 进度: 2071/3473 (59.6%)
2025-07-12 01:49:39,593 - INFO - ✅ API调用成功: 121.311039, 31.195536 -> 青浦区
2025-07-12 01:49:39,602 - INFO - 🔄 正在处理记录 2569: (121.368814, 31.236561)
2025-07-12 01:49:39,602 - INFO - 📈 进度: 2072/3473 (59.7%)
2025-07-12 01:49:40,567 - INFO - ✅ API调用成功: 121.757173, 31.051291 -> 浦东新区
2025-07-12 01:49:40,573 - INFO - 🔄 正在处理记录 2570: (121.452348, 31.120681)
2025-07-12 01:49:40,574 - INFO - 📈 进度: 2073/3473 (59.7%)
2025-07-12 01:49:41,964 - INFO - ✅ API调用成功: 121.429954, 31.262822 -> 普陀区
2025-07-12 01:49:41,970 - INFO - 🔄 正在处理记录 2571: (121.225195, 31.143992)
2025-07-12 01:49:41,970 - INFO - 📈 进度: 2074/3473 (59.7%)
2025-07-12 01:49:42,548 - INFO - ✅ API调用成功: 121.391137, 31.16812 -> 闵行区
2025-07-12 01:49:42,562 - INFO - 🔄 正在处理记录 2572: (121.184265, 31.015317)
2025-07-12 01:49:42,562 - INFO - 📈 进度: 2075/3473 (59.7%)
2025-07-12 01:49:43,570 - INFO - ✅ API调用成功: 121.269652, 31.114352 -> 松江区
2025-07-12 01:49:43,575 - INFO - 🔄 正在处理记录 2573: (121.479747, 31.216878)
2025-07-12 01:49:43,575 - INFO - 📈 进度: 2076/3473 (59.8%)
2025-07-12 01:49:44,600 - INFO - ✅ API调用成功: 121.710413, 31.030007 -> 浦东新区
2025-07-12 01:49:44,607 - INFO - 🔄 正在处理记录 2574: (121.38636, 31.211337)
2025-07-12 01:49:44,607 - INFO - 📈 进度: 2077/3473 (59.8%)
2025-07-12 01:49:45,572 - INFO - ✅ API调用成功: 121.315726, 31.128341 -> 松江区
2025-07-12 01:49:45,579 - INFO - 🔄 正在处理记录 2575: (121.400353, 31.207387)
2025-07-12 01:49:45,579 - INFO - 📈 进度: 2078/3473 (59.8%)
2025-07-12 01:49:46,685 - INFO - ✅ API调用成功: 121.386296, 31.144041 -> 闵行区
2025-07-12 01:49:46,692 - INFO - 🔄 正在处理记录 2576: (121.39779, 31.176928)
2025-07-12 01:49:46,692 - INFO - 📈 进度: 2079/3473 (59.9%)
2025-07-12 01:49:47,637 - INFO - ✅ API调用成功: 121.515679, 31.208514 -> 浦东新区
2025-07-12 01:49:47,643 - INFO - 🔄 正在处理记录 2577: (121.185494, 31.026026)
2025-07-12 01:49:47,654 - INFO - ✅ 写入 10 条结果到 /Users/songdingan/Downloads/detect_bus/final_station_ranking_with_district.csv
2025-07-12 01:49:47,654 - INFO - 📈 进度: 2080/3473 (59.9%)
2025-07-12 01:49:48,578 - INFO - ✅ API调用成功: 121.516483, 31.210062 -> 浦东新区
2025-07-12 01:49:48,582 - INFO - 🔄 正在处理记录 2578: (121.137299, 31.152661)
2025-07-12 01:49:48,582 - INFO - 📈 进度: 2081/3473 (59.9%)
2025-07-12 01:49:49,612 - INFO - ✅ API调用成功: 121.528594, 31.162824 -> 浦东新区
2025-07-12 01:49:49,618 - INFO - 🔄 正在处理记录 2579: (121.444202, 31.290611)
2025-07-12 01:49:49,618 - INFO - 📈 进度: 2082/3473 (59.9%)
2025-07-12 01:49:51,013 - INFO - ✅ API调用成功: 121.463379, 31.21093 -> 徐汇区
2025-07-12 01:49:51,019 - INFO - 🔄 正在处理记录 2580: (121.514801, 31.287443)
2025-07-12 01:49:51,019 - INFO - 📈 进度: 2083/3473 (60.0%)
2025-07-12 01:49:51,620 - INFO - ✅ API调用成功: 121.274766, 31.189839 -> 青浦区
2025-07-12 01:49:51,625 - INFO - 🔄 正在处理记录 2581: (121.310229, 30.888364)
2025-07-12 01:49:51,625 - INFO - 📈 进度: 2084/3473 (60.0%)
2025-07-12 01:49:52,604 - INFO - ✅ API调用成功: 121.593602, 31.02981 -> 浦东新区
2025-07-12 01:49:52,610 - INFO - 🔄 正在处理记录 2582: (121.373033, 31.207055)
2025-07-12 01:49:52,610 - INFO - 📈 进度: 2085/3473 (60.0%)
2025-07-12 01:49:53,623 - INFO - ✅ API调用成功: 121.501389, 31.257208 -> 虹口区
2025-07-12 01:49:53,640 - INFO - 🔄 正在处理记录 2583: (121.376561, 31.110627)
2025-07-12 01:49:53,640 - INFO - 📈 进度: 2086/3473 (60.1%)
2025-07-12 01:49:54,645 - INFO - ✅ API调用成功: 121.358218, 30.731066 -> 金山区
2025-07-12 01:49:54,652 - INFO - 🔄 正在处理记录 2584: (121.474031, 31.227512)
2025-07-12 01:49:54,652 - INFO - 📈 进度: 2087/3473 (60.1%)
2025-07-12 01:49:55,626 - INFO - ✅ API调用成功: 121.305214, 30.882812 -> 金山区
2025-07-12 01:49:55,631 - INFO - 🔄 正在处理记录 2585: (121.222855, 31.005754)
2025-07-12 01:49:55,631 - INFO - 📈 进度: 2088/3473 (60.1%)
2025-07-12 01:49:56,614 - INFO - ✅ API调用成功: 121.766751, 31.105687 -> 浦东新区
2025-07-12 01:49:56,622 - INFO - 🔄 正在处理记录 2586: (121.196461, 31.058536)
2025-07-12 01:49:56,623 - INFO - 📈 进度: 2089/3473 (60.1%)
2025-07-12 01:49:57,613 - INFO - ✅ API调用成功: 121.545532, 31.241406 -> 浦东新区
2025-07-12 01:49:57,618 - INFO - 🔄 正在处理记录 2587: (121.170731, 31.285942)
2025-07-12 01:49:57,630 - INFO - ✅ 写入 10 条结果到 /Users/songdingan/Downloads/detect_bus/final_station_ranking_with_district.csv
2025-07-12 01:49:57,630 - INFO - 📈 进度: 2090/3473 (60.2%)
2025-07-12 01:49:58,801 - INFO - ✅ API调用成功: 121.339519, 30.757342 -> 金山区
2025-07-12 01:49:58,805 - INFO - 🔄 正在处理记录 2588: (121.462339, 31.202775)
2025-07-12 01:49:58,805 - INFO - 📈 进度: 2091/3473 (60.2%)
2025-07-12 01:49:59,616 - INFO - ✅ API调用成功: 121.573368, 31.27411 -> 浦东新区
2025-07-12 01:49:59,621 - INFO - 🔄 正在处理记录 2589: (121.336458, 30.754905)
2025-07-12 01:49:59,621 - INFO - 📈 进度: 2092/3473 (60.2%)
2025-07-12 01:50:00,634 - INFO - ✅ API调用成功: 121.578505, 31.268453 -> 浦东新区
2025-07-12 01:50:00,640 - INFO - 🔄 正在处理记录 2590: (121.349071, 31.19443)
2025-07-12 01:50:00,640 - INFO - 📈 进度: 2093/3473 (60.3%)
2025-07-12 01:50:01,646 - INFO - ✅ API调用成功: 121.31053, 30.750365 -> 金山区
2025-07-12 01:50:01,652 - INFO - 🔄 正在处理记录 2591: (121.367882, 31.169861)
2025-07-12 01:50:01,652 - INFO - 📈 进度: 2094/3473 (60.3%)
2025-07-12 01:50:02,640 - INFO - ✅ API调用成功: 121.331673, 30.750411 -> 金山区
2025-07-12 01:50:02,645 - INFO - 🔄 正在处理记录 2592: (121.532644, 31.316734)
2025-07-12 01:50:02,645 - INFO - 📈 进度: 2095/3473 (60.3%)
2025-07-12 01:50:03,635 - INFO - ✅ API调用成功: 121.330886, 30.725913 -> 金山区
2025-07-12 01:50:03,651 - INFO - 🔄 正在处理记录 2593: (121.584826, 31.056276)
2025-07-12 01:50:03,651 - INFO - 📈 进度: 2096/3473 (60.4%)
2025-07-12 01:50:04,797 - INFO - ✅ API调用成功: 121.36234, 31.221643 -> 长宁区
2025-07-12 01:50:04,803 - INFO - 🔄 正在处理记录 2594: (121.37648, 31.196884)
2025-07-12 01:50:04,803 - INFO - 📈 进度: 2097/3473 (60.4%)
2025-07-12 01:50:05,627 - INFO - ✅ API调用成功: 121.346083, 30.791874 -> 金山区
2025-07-12 01:50:05,631 - INFO - 🔄 正在处理记录 2595: (121.452118, 30.905661)
2025-07-12 01:50:05,631 - INFO - 📈 进度: 2098/3473 (60.4%)
2025-07-12 01:50:06,678 - INFO - ✅ API调用成功: 121.116686, 31.157731 -> 青浦区
2025-07-12 01:50:06,685 - INFO - 🔄 正在处理记录 2596: (121.452118, 30.905661)
2025-07-12 01:50:06,686 - INFO - 📈 进度: 2099/3473 (60.4%)
2025-07-12 01:50:07,666 - INFO - ✅ API调用成功: 121.487872, 31.292994 -> 虹口区
2025-07-12 01:50:07,691 - INFO - 🔄 正在处理记录 2597: (121.509208, 31.025987)
2025-07-12 01:50:07,711 - INFO - ✅ 写入 10 条结果到 /Users/songdingan/Downloads/detect_bus/final_station_ranking_with_district.csv
2025-07-12 01:50:07,711 - INFO - 📈 进度: 2100/3473 (60.5%)
2025-07-12 01:50:08,741 - INFO - ✅ API调用成功: 121.252595, 31.353315 -> 嘉定区
2025-07-12 01:50:08,747 - INFO - 🔄 正在处理记录 2598: (121.350571, 31.016082)
2025-07-12 01:50:08,747 - INFO - 📈 进度: 2101/3473 (60.5%)
2025-07-12 01:50:09,698 - INFO - ✅ API调用成功: 121.33404, 30.953647 -> 松江区
2025-07-12 01:50:09,705 - INFO - 🔄 正在处理记录 2599: (121.107496, 31.155053)
2025-07-12 01:50:09,706 - INFO - 📈 进度: 2102/3473 (60.5%)
2025-07-12 01:50:10,779 - INFO - ✅ API调用成功: 121.19241, 31.071484 -> 松江区
2025-07-12 01:50:10,787 - INFO - 🔄 正在处理记录 2600: (121.28853, 31.010817)
2025-07-12 01:50:10,787 - INFO - 📈 进度: 2103/3473 (60.6%)
2025-07-12 01:50:11,645 - INFO - ✅ API调用成功: 121.215765, 31.061869 -> 松江区
2025-07-12 01:50:11,651 - INFO - 🔄 正在处理记录 2601: (121.532911, 31.320236)
2025-07-12 01:50:11,651 - INFO - 📈 进度: 2104/3473 (60.6%)
2025-07-12 01:50:12,679 - INFO - ✅ API调用成功: 121.418097, 31.117795 -> 闵行区
2025-07-12 01:50:12,686 - INFO - 🔄 正在处理记录 2602: (121.471029, 31.281094)
2025-07-12 01:50:12,686 - INFO - 📈 进度: 2105/3473 (60.6%)
2025-07-12 01:50:13,673 - INFO - ✅ API调用成功: 121.42078, 31.001556 -> 闵行区
2025-07-12 01:50:13,688 - INFO - 🔄 正在处理记录 2603: (121.323263, 31.146084)
2025-07-12 01:50:13,688 - INFO - 📈 进度: 2106/3473 (60.6%)
2025-07-12 01:50:14,714 - INFO - ✅ API调用成功: 121.40269, 31.294296 -> 普陀区
2025-07-12 01:50:14,721 - INFO - 🔄 正在处理记录 2604: (121.453809, 31.274382)
2025-07-12 01:50:14,721 - INFO - 📈 进度: 2107/3473 (60.7%)
2025-07-12 01:50:15,705 - INFO - ✅ API调用成功: 121.345172, 31.211646 -> 长宁区
2025-07-12 01:50:15,711 - INFO - 🔄 正在处理记录 2605: (121.415598, 31.652444)
2025-07-12 01:50:15,711 - INFO - 📈 进度: 2108/3473 (60.7%)
2025-07-12 01:50:16,841 - INFO - ✅ API调用成功: 121.187489, 31.16317 -> 青浦区
2025-07-12 01:50:16,850 - INFO - 🔄 正在处理记录 2606: (121.49579, 31.357403)
2025-07-12 01:50:16,850 - INFO - 📈 进度: 2109/3473 (60.7%)
2025-07-12 01:50:17,673 - INFO - ✅ API调用成功: 121.383567, 30.898017 -> 奉贤区
2025-07-12 01:50:17,679 - INFO - 🔄 正在处理记录 2607: (121.44313, 30.903754)
2025-07-12 01:50:17,690 - INFO - ✅ 写入 10 条结果到 /Users/songdingan/Downloads/detect_bus/final_station_ranking_with_district.csv
2025-07-12 01:50:17,690 - INFO - 📈 进度: 2110/3473 (60.8%)
2025-07-12 01:50:18,722 - INFO - ✅ API调用成功: 121.230635, 31.032396 -> 松江区
2025-07-12 01:50:18,728 - INFO - 🔄 正在处理记录 2608: (121.367882, 31.347057)
2025-07-12 01:50:18,729 - INFO - 📈 进度: 2111/3473 (60.8%)
2025-07-12 01:50:19,704 - INFO - ✅ API调用成功: 121.368814, 31.236561 -> 普陀区
2025-07-12 01:50:19,708 - INFO - 🔄 正在处理记录 2609: (121.444202, 31.290611)
2025-07-12 01:50:19,708 - INFO - 📈 进度: 2112/3473 (60.8%)
2025-07-12 01:50:20,709 - INFO - ✅ API调用成功: 121.452348, 31.120681 -> 闵行区
2025-07-12 01:50:20,715 - INFO - 🔄 正在处理记录 2610: (121.581563, 31.12079)
2025-07-12 01:50:20,715 - INFO - 📈 进度: 2113/3473 (60.8%)
2025-07-12 01:50:21,717 - INFO - ✅ API调用成功: 121.225195, 31.143992 -> 松江区
2025-07-12 01:50:21,736 - INFO - 🔄 正在处理记录 2611: (121.432659, 31.277449)
2025-07-12 01:50:21,736 - INFO - 📈 进度: 2114/3473 (60.9%)
2025-07-12 01:50:22,750 - INFO - ✅ API调用成功: 121.184265, 31.015317 -> 松江区
2025-07-12 01:50:22,757 - INFO - 🔄 正在处理记录 2612: (121.612587, 31.548963)
2025-07-12 01:50:22,757 - INFO - 📈 进度: 2115/3473 (60.9%)
2025-07-12 01:50:23,718 - INFO - ✅ API调用成功: 121.479747, 31.216878 -> 黄浦区
2025-07-12 01:50:23,723 - INFO - 🔄 正在处理记录 2613: (121.435401, 31.141328)
2025-07-12 01:50:23,723 - INFO - 📈 进度: 2116/3473 (60.9%)
2025-07-12 01:50:24,715 - INFO - ✅ API调用成功: 121.38636, 31.211337 -> 长宁区
2025-07-12 01:50:24,720 - INFO - 🔄 正在处理记录 2614: (121.131402, 31.15691)
2025-07-12 01:50:24,721 - INFO - 📈 进度: 2117/3473 (61.0%)
2025-07-12 01:50:25,731 - INFO - ✅ API调用成功: 121.400353, 31.207387 -> 长宁区
2025-07-12 01:50:25,736 - INFO - 🔄 正在处理记录 2615: (121.356913, 31.235602)
2025-07-12 01:50:25,736 - INFO - 📈 进度: 2118/3473 (61.0%)
2025-07-12 01:50:26,716 - INFO - ✅ API调用成功: 121.39779, 31.176928 -> 闵行区
2025-07-12 01:50:26,721 - INFO - 🔄 正在处理记录 2616: (121.012706, 31.100697)
2025-07-12 01:50:26,721 - INFO - 📈 进度: 2119/3473 (61.0%)
2025-07-12 01:50:27,717 - INFO - ✅ API调用成功: 121.185494, 31.026026 -> 松江区
2025-07-12 01:50:27,721 - INFO - 🔄 正在处理记录 2617: (121.386425, 31.382278)
2025-07-12 01:50:27,732 - INFO - ✅ 写入 10 条结果到 /Users/songdingan/Downloads/detect_bus/final_station_ranking_with_district.csv
2025-07-12 01:50:27,732 - INFO - 📈 进度: 2120/3473 (61.0%)
2025-07-12 01:50:28,711 - INFO - ✅ API调用成功: 121.137299, 31.152661 -> 青浦区
2025-07-12 01:50:28,716 - INFO - 🔄 正在处理记录 2618: (121.604316, 30.92166)
2025-07-12 01:50:28,716 - INFO - 📈 进度: 2121/3473 (61.1%)
2025-07-12 01:50:29,735 - INFO - ✅ API调用成功: 121.444202, 31.290611 -> 静安区
2025-07-12 01:50:29,741 - INFO - 🔄 正在处理记录 2619: (121.406809, 31.129675)
2025-07-12 01:50:29,741 - INFO - 📈 进度: 2122/3473 (61.1%)
2025-07-12 01:50:30,724 - INFO - ✅ API调用成功: 121.514801, 31.287443 -> 杨浦区
2025-07-12 01:50:30,733 - INFO - 🔄 正在处理记录 2620: (121.178476, 31.034621)
2025-07-12 01:50:30,733 - INFO - 📈 进度: 2123/3473 (61.1%)
2025-07-12 01:50:31,955 - INFO - ✅ API调用成功: 121.310229, 30.888364 -> 金山区
2025-07-12 01:50:31,963 - INFO - 🔄 正在处理记录 2621: (121.484646, 31.344606)
2025-07-12 01:50:31,963 - INFO - 📈 进度: 2124/3473 (61.2%)
2025-07-12 01:50:32,716 - INFO - ✅ API调用成功: 121.373033, 31.207055 -> 长宁区
2025-07-12 01:50:32,721 - INFO - 🔄 正在处理记录 2622: (121.433442, 31.313717)
2025-07-12 01:50:32,721 - INFO - 📈 进度: 2125/3473 (61.2%)
2025-07-12 01:50:33,775 - INFO - ✅ API调用成功: 121.376561, 31.110627 -> 闵行区
2025-07-12 01:50:33,791 - INFO - 🔄 正在处理记录 2623: (121.507277, 31.305951)
2025-07-12 01:50:33,791 - INFO - 📈 进度: 2126/3473 (61.2%)
2025-07-12 01:50:34,862 - INFO - ✅ API调用成功: 121.474031, 31.227512 -> 黄浦区
2025-07-12 01:50:34,871 - INFO - 🔄 正在处理记录 2624: (121.341229, 31.65226)
2025-07-12 01:50:34,872 - INFO - 📈 进度: 2127/3473 (61.2%)
2025-07-12 01:50:35,732 - INFO - ✅ API调用成功: 121.222855, 31.005754 -> 松江区
2025-07-12 01:50:35,738 - INFO - 🔄 正在处理记录 2625: (121.484828, 31.224885)
2025-07-12 01:50:35,739 - INFO - 📈 进度: 2128/3473 (61.3%)
2025-07-12 01:50:36,818 - INFO - ✅ API调用成功: 121.196461, 31.058536 -> 松江区
2025-07-12 01:50:36,826 - INFO - 🔄 正在处理记录 2626: (121.378505, 31.217486)
2025-07-12 01:50:36,826 - INFO - 📈 进度: 2129/3473 (61.3%)
2025-07-12 01:50:37,773 - INFO - ✅ API调用成功: 121.170731, 31.285942 -> 嘉定区
2025-07-12 01:50:37,780 - INFO - 🔄 正在处理记录 2627: (121.503101, 31.334239)
2025-07-12 01:50:37,802 - INFO - ✅ 写入 10 条结果到 /Users/songdingan/Downloads/detect_bus/final_station_ranking_with_district.csv
2025-07-12 01:50:37,802 - INFO - 📈 进度: 2130/3473 (61.3%)
2025-07-12 01:50:38,755 - INFO - ✅ API调用成功: 121.462339, 31.202775 -> 徐汇区
2025-07-12 01:50:38,760 - INFO - 🔄 正在处理记录 2628: (121.510835, 31.312886)
2025-07-12 01:50:38,760 - INFO - 📈 进度: 2131/3473 (61.4%)
2025-07-12 01:50:39,784 - INFO - ✅ API调用成功: 121.336458, 30.754905 -> 金山区
2025-07-12 01:50:39,804 - INFO - 🔄 正在处理记录 2629: (121.23063, 31.038396)
2025-07-12 01:50:39,804 - INFO - 📈 进度: 2132/3473 (61.4%)
2025-07-12 01:50:40,786 - INFO - ✅ API调用成功: 121.349071, 31.19443 -> 长宁区
2025-07-12 01:50:40,794 - INFO - 🔄 正在处理记录 2630: (121.385699, 31.233279)
2025-07-12 01:50:40,794 - INFO - 📈 进度: 2133/3473 (61.4%)
2025-07-12 01:50:41,766 - INFO - ✅ API调用成功: 121.367882, 31.169861 -> 闵行区
2025-07-12 01:50:41,771 - INFO - 🔄 正在处理记录 2631: (121.200987, 31.346515)
2025-07-12 01:50:41,771 - INFO - 📈 进度: 2134/3473 (61.4%)
2025-07-12 01:50:42,799 - INFO - ✅ API调用成功: 121.532644, 31.316734 -> 杨浦区
2025-07-12 01:50:42,811 - INFO - 🔄 正在处理记录 2632: (121.223305, 31.150782)
2025-07-12 01:50:42,811 - INFO - 📈 进度: 2135/3473 (61.5%)
2025-07-12 01:50:43,760 - INFO - ✅ API调用成功: 121.584826, 31.056276 -> 浦东新区
2025-07-12 01:50:43,765 - INFO - 🔄 正在处理记录 2633: (121.367014, 31.253433)
2025-07-12 01:50:43,765 - INFO - 📈 进度: 2136/3473 (61.5%)
2025-07-12 01:50:44,788 - INFO - ✅ API调用成功: 121.37648, 31.196884 -> 长宁区
2025-07-12 01:50:44,793 - INFO - 🔄 正在处理记录 2634: (121.404154, 31.007511)
2025-07-12 01:50:44,793 - INFO - 📈 进度: 2137/3473 (61.5%)
2025-07-12 01:50:45,781 - INFO - ✅ API调用成功: 121.452118, 30.905661 -> 奉贤区
2025-07-12 01:50:45,788 - INFO - 🔄 正在处理记录 2635: (121.416415, 31.018346)
2025-07-12 01:50:45,788 - INFO - 📈 进度: 2138/3473 (61.6%)
2025-07-12 01:50:46,790 - INFO - ✅ API调用成功: 121.452118, 30.905661 -> 奉贤区
2025-07-12 01:50:46,796 - INFO - 🔄 正在处理记录 2636: (121.435557, 31.013003)
2025-07-12 01:50:46,796 - INFO - 📈 进度: 2139/3473 (61.6%)
2025-07-12 01:50:47,787 - INFO - ✅ API调用成功: 121.509208, 31.025987 -> 闵行区
2025-07-12 01:50:47,791 - INFO - 🔄 正在处理记录 2637: (121.138219, 31.155564)
2025-07-12 01:50:47,804 - INFO - ✅ 写入 10 条结果到 /Users/songdingan/Downloads/detect_bus/final_station_ranking_with_district.csv
2025-07-12 01:50:47,804 - INFO - 📈 进度: 2140/3473 (61.6%)
2025-07-12 01:50:48,796 - INFO - ✅ API调用成功: 121.350571, 31.016082 -> 闵行区
2025-07-12 01:50:48,805 - INFO - 🔄 正在处理记录 2638: (121.458965, 31.253334)
2025-07-12 01:50:48,805 - INFO - 📈 进度: 2141/3473 (61.6%)
2025-07-12 01:50:49,793 - INFO - ✅ API调用成功: 121.107496, 31.155053 -> 青浦区
2025-07-12 01:50:49,801 - INFO - 🔄 正在处理记录 2639: (121.429118, 30.991815)
2025-07-12 01:50:49,801 - INFO - 📈 进度: 2142/3473 (61.7%)
2025-07-12 01:50:50,797 - INFO - ✅ API调用成功: 121.28853, 31.010817 -> 松江区
2025-07-12 01:50:50,802 - INFO - 🔄 正在处理记录 2640: (121.176664, 30.859613)
2025-07-12 01:50:50,802 - INFO - 📈 进度: 2143/3473 (61.7%)
2025-07-12 01:50:51,775 - INFO - ✅ API调用成功: 121.532911, 31.320236 -> 杨浦区
2025-07-12 01:50:51,782 - INFO - 🔄 正在处理记录 2641: (121.429575, 31.206029)
2025-07-12 01:50:51,782 - INFO - 📈 进度: 2144/3473 (61.7%)
2025-07-12 01:50:52,796 - INFO - ✅ API调用成功: 121.471029, 31.281094 -> 虹口区
2025-07-12 01:50:52,816 - INFO - 🔄 正在处理记录 2642: (121.30928, 31.06668)
2025-07-12 01:50:52,816 - INFO - 📈 进度: 2145/3473 (61.8%)
2025-07-12 01:50:53,821 - INFO - ✅ API调用成功: 121.323263, 31.146084 -> 松江区
2025-07-12 01:50:53,837 - INFO - 🔄 正在处理记录 2643: (121.30022, 31.143636)
2025-07-12 01:50:53,837 - INFO - 📈 进度: 2146/3473 (61.8%)
2025-07-12 01:50:54,853 - INFO - ✅ API调用成功: 121.453809, 31.274382 -> 静安区
2025-07-12 01:50:54,862 - INFO - 🔄 正在处理记录 2644: (121.443703, 30.947414)
2025-07-12 01:50:54,862 - INFO - 📈 进度: 2147/3473 (61.8%)
2025-07-12 01:50:55,816 - INFO - ✅ API调用成功: 121.415598, 31.652444 -> 崇明区
2025-07-12 01:50:55,824 - INFO - 🔄 正在处理记录 2645: (121.313348, 30.881562)
2025-07-12 01:50:55,825 - INFO - 📈 进度: 2148/3473 (61.8%)
2025-07-12 01:50:56,818 - INFO - ✅ API调用成功: 121.49579, 31.357403 -> 宝山区
2025-07-12 01:50:56,825 - INFO - 🔄 正在处理记录 2646: (121.198808, 31.248834)
2025-07-12 01:50:56,825 - INFO - 📈 进度: 2149/3473 (61.9%)
2025-07-12 01:50:57,811 - INFO - ✅ API调用成功: 121.44313, 30.903754 -> 奉贤区
2025-07-12 01:50:57,817 - INFO - 🔄 正在处理记录 2647: (121.364379, 31.183498)
2025-07-12 01:50:57,833 - INFO - ✅ 写入 10 条结果到 /Users/songdingan/Downloads/detect_bus/final_station_ranking_with_district.csv
2025-07-12 01:50:57,833 - INFO - 📈 进度: 2150/3473 (61.9%)
2025-07-12 01:50:58,833 - INFO - ✅ API调用成功: 121.367882, 31.347057 -> 宝山区
2025-07-12 01:50:58,854 - INFO - 🔄 正在处理记录 2648: (121.57392, 31.283553)
2025-07-12 01:50:58,855 - INFO - 📈 进度: 2151/3473 (61.9%)
2025-07-12 01:50:59,842 - INFO - ✅ API调用成功: 121.444202, 31.290611 -> 静安区
2025-07-12 01:50:59,847 - INFO - 🔄 正在处理记录 2649: (121.405924, 31.165993)
2025-07-12 01:50:59,847 - INFO - 📈 进度: 2152/3473 (62.0%)
2025-07-12 01:51:00,841 - INFO - ✅ API调用成功: 121.581563, 31.12079 -> 浦东新区
2025-07-12 01:51:00,847 - INFO - 🔄 正在处理记录 2650: (121.550296, 31.226149)
2025-07-12 01:51:00,848 - INFO - 📈 进度: 2153/3473 (62.0%)
2025-07-12 01:51:01,837 - INFO - ✅ API调用成功: 121.432659, 31.277449 -> 普陀区
2025-07-12 01:51:01,843 - INFO - 🔄 正在处理记录 2651: (121.155783, 30.981153)
2025-07-12 01:51:01,843 - INFO - 📈 进度: 2154/3473 (62.0%)
2025-07-12 01:51:02,852 - INFO - ✅ API调用成功: 121.612587, 31.548963 -> 崇明区
2025-07-12 01:51:02,874 - INFO - 🔄 正在处理记录 2652: (121.752723, 31.055767)
2025-07-12 01:51:02,874 - INFO - 📈 进度: 2155/3473 (62.1%)
2025-07-12 01:51:03,846 - INFO - ✅ API调用成功: 121.435401, 31.141328 -> 徐汇区
2025-07-12 01:51:03,854 - INFO - 🔄 正在处理记录 2653: (121.275696, 31.112102)
2025-07-12 01:51:03,854 - INFO - 📈 进度: 2156/3473 (62.1%)
2025-07-12 01:51:04,977 - INFO - ✅ API调用成功: 121.131402, 31.15691 -> 青浦区
2025-07-12 01:51:04,986 - INFO - 🔄 正在处理记录 2654: (121.495049, 31.126983)
2025-07-12 01:51:04,986 - INFO - 📈 进度: 2157/3473 (62.1%)
2025-07-12 01:51:06,073 - INFO - ✅ API调用成功: 121.356913, 31.235602 -> 长宁区
2025-07-12 01:51:06,077 - INFO - 🔄 正在处理记录 2655: (121.328906, 30.715173)
2025-07-12 01:51:06,077 - INFO - 📈 进度: 2158/3473 (62.1%)
2025-07-12 01:51:06,844 - INFO - ✅ API调用成功: 121.012706, 31.100697 -> 青浦区
2025-07-12 01:51:06,848 - INFO - 🔄 正在处理记录 2656: (121.403675, 31.17472)
2025-07-12 01:51:06,848 - INFO - 📈 进度: 2159/3473 (62.2%)
2025-07-12 01:51:07,819 - INFO - ✅ API调用成功: 121.386425, 31.382278 -> 宝山区
2025-07-12 01:51:07,823 - INFO - 🔄 正在处理记录 2657: (121.399685, 31.638329)
2025-07-12 01:51:07,835 - INFO - ✅ 写入 10 条结果到 /Users/songdingan/Downloads/detect_bus/final_station_ranking_with_district.csv
2025-07-12 01:51:07,835 - INFO - 📈 进度: 2160/3473 (62.2%)
2025-07-12 01:51:08,859 - INFO - ✅ API调用成功: 121.604316, 30.92166 -> 奉贤区
2025-07-12 01:51:08,864 - INFO - 🔄 正在处理记录 2658: (121.482807, 31.210337)
2025-07-12 01:51:08,864 - INFO - 📈 进度: 2161/3473 (62.2%)
2025-07-12 01:51:09,853 - INFO - ✅ API调用成功: 121.406809, 31.129675 -> 闵行区
2025-07-12 01:51:09,859 - INFO - 🔄 正在处理记录 2659: (121.270262, 31.168103)
2025-07-12 01:51:09,859 - INFO - 📈 进度: 2162/3473 (62.3%)
2025-07-12 01:51:10,943 - INFO - ✅ API调用成功: 121.178476, 31.034621 -> 松江区
2025-07-12 01:51:10,952 - INFO - 🔄 正在处理记录 2660: (121.577436, 31.106808)
2025-07-12 01:51:10,952 - INFO - 📈 进度: 2163/3473 (62.3%)
2025-07-12 01:51:11,874 - INFO - ✅ API调用成功: 121.484646, 31.344606 -> 宝山区
2025-07-12 01:51:11,880 - INFO - 🔄 正在处理记录 2661: (121.415166, 31.267022)
2025-07-12 01:51:11,880 - INFO - 📈 进度: 2164/3473 (62.3%)
2025-07-12 01:51:12,845 - INFO - ✅ API调用成功: 121.433442, 31.313717 -> 宝山区
2025-07-12 01:51:12,849 - INFO - 🔄 正在处理记录 2662: (121.44313, 30.903754)
2025-07-12 01:51:12,849 - INFO - 📈 进度: 2165/3473 (62.3%)
2025-07-12 01:51:13,877 - INFO - ✅ API调用成功: 121.507277, 31.305951 -> 杨浦区
2025-07-12 01:51:13,882 - INFO - 🔄 正在处理记录 2663: (121.831484, 30.99656)
2025-07-12 01:51:13,882 - INFO - 📈 进度: 2166/3473 (62.4%)
2025-07-12 01:51:14,871 - INFO - ✅ API调用成功: 121.341229, 31.65226 -> 崇明区
2025-07-12 01:51:14,878 - INFO - 🔄 正在处理记录 2664: (121.418563, 31.198403)
2025-07-12 01:51:14,878 - INFO - 📈 进度: 2167/3473 (62.4%)
2025-07-12 01:51:15,895 - INFO - ✅ API调用成功: 121.484828, 31.224885 -> 黄浦区
2025-07-12 01:51:15,903 - INFO - 🔄 正在处理记录 2665: (121.229646, 31.192226)
2025-07-12 01:51:15,903 - INFO - 📈 进度: 2168/3473 (62.4%)
2025-07-12 01:51:17,022 - INFO - ✅ API调用成功: 121.378505, 31.217486 -> 长宁区
2025-07-12 01:51:17,026 - INFO - 🔄 正在处理记录 2666: (121.715346, 31.155055)
2025-07-12 01:51:17,027 - INFO - 📈 进度: 2169/3473 (62.5%)
2025-07-12 01:51:17,907 - INFO - ✅ API调用成功: 121.503101, 31.334239 -> 宝山区
2025-07-12 01:51:17,912 - INFO - 🔄 正在处理记录 2667: (121.527549, 31.223823)
2025-07-12 01:51:17,930 - INFO - ✅ 写入 10 条结果到 /Users/songdingan/Downloads/detect_bus/final_station_ranking_with_district.csv
2025-07-12 01:51:17,930 - INFO - 📈 进度: 2170/3473 (62.5%)
2025-07-12 01:51:18,881 - INFO - ✅ API调用成功: 121.510835, 31.312886 -> 杨浦区
2025-07-12 01:51:18,885 - INFO - 🔄 正在处理记录 2668: (121.222855, 31.005754)
2025-07-12 01:51:18,885 - INFO - 📈 进度: 2171/3473 (62.5%)
2025-07-12 01:51:19,942 - INFO - ✅ API调用成功: 121.23063, 31.038396 -> 松江区
2025-07-12 01:51:19,951 - INFO - 🔄 正在处理记录 2669: (121.492087, 31.308125)
2025-07-12 01:51:19,951 - INFO - 📈 进度: 2172/3473 (62.5%)
2025-07-12 01:51:20,890 - INFO - ✅ API调用成功: 121.385699, 31.233279 -> 普陀区
2025-07-12 01:51:20,909 - INFO - 🔄 正在处理记录 2670: (121.25683, 31.025099)
2025-07-12 01:51:20,909 - INFO - 📈 进度: 2173/3473 (62.6%)
2025-07-12 01:51:21,902 - INFO - ✅ API调用成功: 121.200987, 31.346515 -> 嘉定区
2025-07-12 01:51:21,917 - INFO - 🔄 正在处理记录 2671: (121.737731, 31.053741)
2025-07-12 01:51:21,917 - INFO - 📈 进度: 2174/3473 (62.6%)
2025-07-12 01:51:22,928 - INFO - ✅ API调用成功: 121.223305, 31.150782 -> 青浦区
2025-07-12 01:51:22,930 - INFO - 🔄 正在处理记录 2672: (121.354251, 30.763678)
2025-07-12 01:51:22,930 - INFO - 📈 进度: 2175/3473 (62.6%)
2025-07-12 01:51:23,899 - INFO - ✅ API调用成功: 121.367014, 31.253433 -> 嘉定区
2025-07-12 01:51:23,901 - INFO - 🔄 正在处理记录 2673: (121.334612, 30.743882)
2025-07-12 01:51:23,902 - INFO - 📈 进度: 2176/3473 (62.7%)
2025-07-12 01:51:24,911 - INFO - ✅ API调用成功: 121.404154, 31.007511 -> 闵行区
2025-07-12 01:51:24,918 - INFO - 🔄 正在处理记录 2674: (121.269574, 31.083903)
2025-07-12 01:51:24,918 - INFO - 📈 进度: 2177/3473 (62.7%)
2025-07-12 01:51:25,928 - INFO - ✅ API调用成功: 121.416415, 31.018346 -> 闵行区
2025-07-12 01:51:25,933 - INFO - 🔄 正在处理记录 2675: (121.390228, 31.273699)
2025-07-12 01:51:25,933 - INFO - 📈 进度: 2178/3473 (62.7%)
2025-07-12 01:51:26,901 - INFO - ✅ API调用成功: 121.435557, 31.013003 -> 闵行区
2025-07-12 01:51:26,905 - INFO - 🔄 正在处理记录 2676: (121.447499, 31.045935)
2025-07-12 01:51:26,905 - INFO - 📈 进度: 2179/3473 (62.7%)
2025-07-12 01:51:27,919 - INFO - ✅ API调用成功: 121.138219, 31.155564 -> 青浦区
2025-07-12 01:51:27,923 - INFO - 🔄 正在处理记录 2677: (121.453972, 31.243624)
2025-07-12 01:51:27,937 - INFO - ✅ 写入 10 条结果到 /Users/songdingan/Downloads/detect_bus/final_station_ranking_with_district.csv
2025-07-12 01:51:27,938 - INFO - 📈 进度: 2180/3473 (62.8%)
2025-07-12 01:51:28,936 - INFO - ✅ API调用成功: 121.458965, 31.253334 -> 静安区
2025-07-12 01:51:28,943 - INFO - 🔄 正在处理记录 2678: (121.396718, 31.173265)
2025-07-12 01:51:28,943 - INFO - 📈 进度: 2181/3473 (62.8%)
2025-07-12 01:51:29,940 - INFO - ✅ API调用成功: 121.429118, 30.991815 -> 奉贤区
2025-07-12 01:51:29,947 - INFO - 🔄 正在处理记录 2679: (121.335738, 31.13022)
2025-07-12 01:51:29,948 - INFO - 📈 进度: 2182/3473 (62.8%)
2025-07-12 01:51:30,928 - INFO - ✅ API调用成功: 121.176664, 30.859613 -> 金山区
2025-07-12 01:51:30,934 - INFO - 🔄 正在处理记录 2680: (121.179609, 31.028049)
2025-07-12 01:51:30,935 - INFO - 📈 进度: 2183/3473 (62.9%)
2025-07-12 01:51:31,946 - INFO - ✅ API调用成功: 121.429575, 31.206029 -> 长宁区
2025-07-12 01:51:31,952 - INFO - 🔄 正在处理记录 2681: (121.12425, 31.161151)
2025-07-12 01:51:31,952 - INFO - 📈 进度: 2184/3473 (62.9%)
2025-07-12 01:51:32,924 - INFO - ✅ API调用成功: 121.30928, 31.06668 -> 松江区
2025-07-12 01:51:32,928 - INFO - 🔄 正在处理记录 2682: (121.729761, 31.552137)
2025-07-12 01:51:32,928 - INFO - 📈 进度: 2185/3473 (62.9%)
2025-07-12 01:51:33,941 - INFO - ✅ API调用成功: 121.30022, 31.143636 -> 松江区
2025-07-12 01:51:33,950 - INFO - 🔄 正在处理记录 2683: (121.311511, 31.295679)
2025-07-12 01:51:33,951 - INFO - 📈 进度: 2186/3473 (62.9%)
2025-07-12 01:51:35,020 - INFO - ✅ API调用成功: 121.443703, 30.947414 -> 奉贤区
2025-07-12 01:51:35,037 - INFO - 🔄 正在处理记录 2684: (121.199589, 31.062049)
2025-07-12 01:51:35,037 - INFO - 📈 进度: 2187/3473 (63.0%)
2025-07-12 01:51:35,972 - INFO - ✅ API调用成功: 121.313348, 30.881562 -> 金山区
2025-07-12 01:51:35,978 - INFO - 🔄 正在处理记录 2685: (121.356498, 31.219116)
2025-07-12 01:51:35,978 - INFO - 📈 进度: 2188/3473 (63.0%)
2025-07-12 01:51:36,952 - INFO - ✅ API调用成功: 121.198808, 31.248834 -> 青浦区
2025-07-12 01:51:36,957 - INFO - 🔄 正在处理记录 2686: (121.480225, 31.240055)
2025-07-12 01:51:36,957 - INFO - 📈 进度: 2189/3473 (63.0%)
2025-07-12 01:51:37,973 - INFO - ✅ API调用成功: 121.364379, 31.183498 -> 闵行区
2025-07-12 01:51:37,982 - INFO - 🔄 正在处理记录 2687: (121.491576, 31.085823)
2025-07-12 01:51:38,001 - INFO - ✅ 写入 10 条结果到 /Users/songdingan/Downloads/detect_bus/final_station_ranking_with_district.csv
2025-07-12 01:51:38,001 - INFO - 📈 进度: 2190/3473 (63.1%)
2025-07-12 01:51:38,979 - INFO - ✅ API调用成功: 121.57392, 31.283553 -> 杨浦区
2025-07-12 01:51:38,984 - INFO - 🔄 正在处理记录 2688: (121.406919, 31.304872)
2025-07-12 01:51:38,984 - INFO - 📈 进度: 2191/3473 (63.1%)
2025-07-12 01:51:39,993 - INFO - ✅ API调用成功: 121.405924, 31.165993 -> 闵行区
2025-07-12 01:51:40,009 - INFO - 🔄 正在处理记录 2689: (121.266339, 31.240217)
2025-07-12 01:51:40,010 - INFO - 📈 进度: 2192/3473 (63.1%)
2025-07-12 01:51:40,972 - INFO - ✅ API调用成功: 121.550296, 31.226149 -> 浦东新区
2025-07-12 01:51:40,980 - INFO - 🔄 正在处理记录 2690: (121.588392, 31.07449)
2025-07-12 01:51:40,980 - INFO - 📈 进度: 2193/3473 (63.1%)
2025-07-12 01:51:41,940 - INFO - ✅ API调用成功: 121.155783, 30.981153 -> 松江区
2025-07-12 01:51:41,946 - INFO - 🔄 正在处理记录 2691: (121.518818, 31.330862)
2025-07-12 01:51:41,946 - INFO - 📈 进度: 2194/3473 (63.2%)
2025-07-12 01:51:42,985 - INFO - ✅ API调用成功: 121.752723, 31.055767 -> 浦东新区
2025-07-12 01:51:42,989 - INFO - 🔄 正在处理记录 2692: (121.42945, 31.231583)
2025-07-12 01:51:42,989 - INFO - 📈 进度: 2195/3473 (63.2%)
2025-07-12 01:51:44,012 - INFO - ✅ API调用成功: 121.275696, 31.112102 -> 松江区
2025-07-12 01:51:44,015 - INFO - 🔄 正在处理记录 2693: (121.205954, 31.118103)
2025-07-12 01:51:44,015 - INFO - 📈 进度: 2196/3473 (63.2%)
2025-07-12 01:51:44,973 - INFO - ✅ API调用成功: 121.495049, 31.126983 -> 闵行区
2025-07-12 01:51:44,980 - INFO - 🔄 正在处理记录 2694: (121.45338, 31.092356)
2025-07-12 01:51:44,980 - INFO - 📈 进度: 2197/3473 (63.3%)
2025-07-12 01:51:45,967 - INFO - ✅ API调用成功: 121.328906, 30.715173 -> 金山区
2025-07-12 01:51:45,973 - INFO - 🔄 正在处理记录 2695: (121.616489, 31.610939)
2025-07-12 01:51:45,973 - INFO - 📈 进度: 2198/3473 (63.3%)
2025-07-12 01:51:47,014 - INFO - ✅ API调用成功: 121.403675, 31.17472 -> 徐汇区
2025-07-12 01:51:47,026 - INFO - 🔄 正在处理记录 2696: (121.481147, 31.290978)
2025-07-12 01:51:47,027 - INFO - 📈 进度: 2199/3473 (63.3%)
2025-07-12 01:51:47,998 - INFO - ✅ API调用成功: 121.399685, 31.638329 -> 崇明区
2025-07-12 01:51:48,002 - INFO - 🔄 正在处理记录 2697: (121.529702, 31.263741)
2025-07-12 01:51:48,013 - INFO - ✅ 写入 10 条结果到 /Users/songdingan/Downloads/detect_bus/final_station_ranking_with_district.csv
2025-07-12 01:51:48,013 - INFO - 📈 进度: 2200/3473 (63.3%)
2025-07-12 01:51:49,002 - INFO - ✅ API调用成功: 121.482807, 31.210337 -> 黄浦区
2025-07-12 01:51:49,005 - INFO - 🔄 正在处理记录 2698: (121.214989, 31.030679)
2025-07-12 01:51:49,005 - INFO - 📈 进度: 2201/3473 (63.4%)
2025-07-12 01:51:49,991 - INFO - ✅ API调用成功: 121.270262, 31.168103 -> 青浦区
2025-07-12 01:51:49,999 - INFO - 🔄 正在处理记录 2699: (121.714842, 31.071821)
2025-07-12 01:51:50,000 - INFO - 📈 进度: 2202/3473 (63.4%)
2025-07-12 01:51:50,998 - INFO - ✅ API调用成功: 121.577436, 31.106808 -> 浦东新区
2025-07-12 01:51:51,004 - INFO - 🔄 正在处理记录 2700: (121.311382, 31.221906)
2025-07-12 01:51:51,004 - INFO - 📈 进度: 2203/3473 (63.4%)
2025-07-12 01:51:51,986 - INFO - ✅ API调用成功: 121.415166, 31.267022 -> 普陀区
2025-07-12 01:51:51,993 - INFO - 🔄 正在处理记录 2701: (121.44428, 31.200803)
2025-07-12 01:51:51,993 - INFO - 📈 进度: 2204/3473 (63.5%)
2025-07-12 01:51:52,997 - INFO - ✅ API调用成功: 121.44313, 30.903754 -> 奉贤区
2025-07-12 01:51:53,002 - INFO - 🔄 正在处理记录 2702: (121.264336, 31.202517)
2025-07-12 01:51:53,002 - INFO - 📈 进度: 2205/3473 (63.5%)
2025-07-12 01:51:54,014 - INFO - ✅ API调用成功: 121.831484, 30.99656 -> 浦东新区
2025-07-12 01:51:54,029 - INFO - 🔄 正在处理记录 2703: (121.308421, 31.147151)
2025-07-12 01:51:54,029 - INFO - 📈 进度: 2206/3473 (63.5%)
2025-07-12 01:51:55,004 - INFO - ✅ API调用成功: 121.418563, 31.198403 -> 长宁区
2025-07-12 01:51:55,011 - INFO - 🔄 正在处理记录 2704: (121.45476, 30.932074)
2025-07-12 01:51:55,011 - INFO - 📈 进度: 2207/3473 (63.5%)
2025-07-12 01:51:56,018 - INFO - ✅ API调用成功: 121.229646, 31.192226 -> 青浦区
2025-07-12 01:51:56,025 - INFO - 🔄 正在处理记录 2705: (121.532011, 31.306322)
2025-07-12 01:51:56,025 - INFO - 📈 进度: 2208/3473 (63.6%)
2025-07-12 01:51:57,005 - INFO - ✅ API调用成功: 121.715346, 31.155055 -> 浦东新区
2025-07-12 01:51:57,013 - INFO - 🔄 正在处理记录 2706: (121.431937, 31.241196)
2025-07-12 01:51:57,013 - INFO - 📈 进度: 2209/3473 (63.6%)
2025-07-12 01:51:58,027 - INFO - ✅ API调用成功: 121.527549, 31.223823 -> 浦东新区
2025-07-12 01:51:58,036 - INFO - 🔄 正在处理记录 2707: (121.581616, 31.331966)
2025-07-12 01:51:58,051 - INFO - ✅ 写入 10 条结果到 /Users/songdingan/Downloads/detect_bus/final_station_ranking_with_district.csv
2025-07-12 01:51:58,051 - INFO - 📈 进度: 2210/3473 (63.6%)
2025-07-12 01:51:59,092 - INFO - ✅ API调用成功: 121.222855, 31.005754 -> 松江区
2025-07-12 01:51:59,095 - INFO - 🔄 正在处理记录 2708: (121.270262, 31.168103)
2025-07-12 01:51:59,095 - INFO - 📈 进度: 2211/3473 (63.7%)
2025-07-12 01:52:00,090 - INFO - ✅ API调用成功: 121.492087, 31.308125 -> 虹口区
2025-07-12 01:52:00,110 - INFO - 🔄 正在处理记录 2709: (121.395046, 31.219864)
2025-07-12 01:52:00,110 - INFO - 📈 进度: 2212/3473 (63.7%)
2025-07-12 01:52:01,038 - INFO - ✅ API调用成功: 121.25683, 31.025099 -> 松江区
2025-07-12 01:52:01,047 - INFO - 🔄 正在处理记录 2710: (121.127821, 31.147625)
2025-07-12 01:52:01,047 - INFO - 📈 进度: 2213/3473 (63.7%)
2025-07-12 01:52:02,037 - INFO - ✅ API调用成功: 121.737731, 31.053741 -> 浦东新区
2025-07-12 01:52:02,050 - INFO - 🔄 正在处理记录 2711: (121.323272, 31.146115)
2025-07-12 01:52:02,050 - INFO - 📈 进度: 2214/3473 (63.7%)
2025-07-12 01:52:03,035 - INFO - ✅ API调用成功: 121.354251, 30.763678 -> 金山区
2025-07-12 01:52:03,043 - INFO - 🔄 正在处理记录 2712: (121.290604, 31.398082)
2025-07-12 01:52:03,043 - INFO - 📈 进度: 2215/3473 (63.8%)
2025-07-12 01:52:04,036 - INFO - ✅ API调用成功: 121.334612, 30.743882 -> 金山区
2025-07-12 01:52:04,046 - INFO - 🔄 正在处理记录 2713: (121.289326, 31.145617)
2025-07-12 01:52:04,046 - INFO - 📈 进度: 2216/3473 (63.8%)
2025-07-12 01:52:05,066 - INFO - ✅ API调用成功: 121.269574, 31.083903 -> 松江区
2025-07-12 01:52:05,082 - INFO - 🔄 正在处理记录 2714: (121.371031, 31.12436)
2025-07-12 01:52:05,082 - INFO - 📈 进度: 2217/3473 (63.8%)
2025-07-12 01:52:06,193 - INFO - ✅ API调用成功: 121.390228, 31.273699 -> 普陀区
2025-07-12 01:52:06,198 - INFO - 🔄 正在处理记录 2715: (121.612587, 31.548963)
2025-07-12 01:52:06,198 - INFO - 📈 进度: 2218/3473 (63.9%)
2025-07-12 01:52:07,091 - INFO - ✅ API调用成功: 121.447499, 31.045935 -> 闵行区
2025-07-12 01:52:07,100 - INFO - 🔄 正在处理记录 2716: (121.491037, 31.401983)
2025-07-12 01:52:07,100 - INFO - 📈 进度: 2219/3473 (63.9%)
2025-07-12 01:52:08,080 - INFO - ✅ API调用成功: 121.453972, 31.243624 -> 静安区
2025-07-12 01:52:08,085 - INFO - 🔄 正在处理记录 2717: (121.502346, 31.203234)
2025-07-12 01:52:08,105 - INFO - ✅ 写入 10 条结果到 /Users/songdingan/Downloads/detect_bus/final_station_ranking_with_district.csv
2025-07-12 01:52:08,105 - INFO - 📈 进度: 2220/3473 (63.9%)
2025-07-12 01:52:09,094 - INFO - ✅ API调用成功: 121.396718, 31.173265 -> 闵行区
2025-07-12 01:52:09,098 - INFO - 🔄 正在处理记录 2718: (121.289237, 31.414525)
2025-07-12 01:52:09,098 - INFO - 📈 进度: 2221/3473 (64.0%)
2025-07-12 01:52:10,088 - INFO - ✅ API调用成功: 121.335738, 31.13022 -> 松江区
2025-07-12 01:52:10,094 - INFO - 🔄 正在处理记录 2719: (121.476269, 30.91356)
2025-07-12 01:52:10,095 - INFO - 📈 进度: 2222/3473 (64.0%)
2025-07-12 01:52:11,096 - INFO - ✅ API调用成功: 121.179609, 31.028049 -> 松江区
2025-07-12 01:52:11,101 - INFO - 🔄 正在处理记录 2720: (121.25203, 31.357953)
2025-07-12 01:52:11,101 - INFO - 📈 进度: 2223/3473 (64.0%)
2025-07-12 01:52:12,096 - INFO - ✅ API调用成功: 121.12425, 31.161151 -> 青浦区
2025-07-12 01:52:12,103 - INFO - 🔄 正在处理记录 2721: (121.305615, 31.109111)
2025-07-12 01:52:12,103 - INFO - 📈 进度: 2224/3473 (64.0%)
2025-07-12 01:52:13,099 - INFO - ✅ API调用成功: 121.729761, 31.552137 -> 崇明区
2025-07-12 01:52:13,105 - INFO - 🔄 正在处理记录 2722: (121.463297, 31.225857)
2025-07-12 01:52:13,105 - INFO - 📈 进度: 2225/3473 (64.1%)
2025-07-12 01:52:14,116 - INFO - ✅ API调用成功: 121.311511, 31.295679 -> 嘉定区
2025-07-12 01:52:14,120 - INFO - 🔄 正在处理记录 2723: (121.505237, 31.195296)
2025-07-12 01:52:14,120 - INFO - 📈 进度: 2226/3473 (64.1%)
2025-07-12 01:52:15,123 - INFO - ✅ API调用成功: 121.199589, 31.062049 -> 松江区
2025-07-12 01:52:15,132 - INFO - 🔄 正在处理记录 2724: (121.828179, 31.003074)
2025-07-12 01:52:15,132 - INFO - 📈 进度: 2227/3473 (64.1%)
2025-07-12 01:52:16,128 - INFO - ✅ API调用成功: 121.356498, 31.219116 -> 长宁区
2025-07-12 01:52:16,146 - INFO - 🔄 正在处理记录 2725: (121.489498, 31.183778)
2025-07-12 01:52:16,146 - INFO - 📈 进度: 2228/3473 (64.2%)
2025-07-12 01:52:17,132 - INFO - ✅ API调用成功: 121.480225, 31.240055 -> 黄浦区
2025-07-12 01:52:17,137 - INFO - 🔄 正在处理记录 2726: (121.648228, 31.276008)
2025-07-12 01:52:17,138 - INFO - 📈 进度: 2229/3473 (64.2%)
2025-07-12 01:52:18,130 - INFO - ✅ API调用成功: 121.491576, 31.085823 -> 闵行区
2025-07-12 01:52:18,136 - INFO - 🔄 正在处理记录 2727: (121.382972, 31.175579)
2025-07-12 01:52:18,156 - INFO - ✅ 写入 10 条结果到 /Users/songdingan/Downloads/detect_bus/final_station_ranking_with_district.csv
2025-07-12 01:52:18,156 - INFO - 📈 进度: 2230/3473 (64.2%)
2025-07-12 01:52:19,135 - INFO - ✅ API调用成功: 121.406919, 31.304872 -> 宝山区
2025-07-12 01:52:19,141 - INFO - 🔄 正在处理记录 2728: (121.510229, 31.300242)
2025-07-12 01:52:19,141 - INFO - 📈 进度: 2231/3473 (64.2%)
2025-07-12 01:52:20,157 - INFO - ✅ API调用成功: 121.266339, 31.240217 -> 闵行区
2025-07-12 01:52:20,170 - INFO - 🔄 正在处理记录 2729: (121.325838, 31.136284)
2025-07-12 01:52:20,170 - INFO - 📈 进度: 2232/3473 (64.3%)
2025-07-12 01:52:21,181 - INFO - ✅ API调用成功: 121.588392, 31.07449 -> 浦东新区
2025-07-12 01:52:21,187 - INFO - 🔄 正在处理记录 2730: (121.527632, 31.329243)
2025-07-12 01:52:21,187 - INFO - 📈 进度: 2233/3473 (64.3%)
2025-07-12 01:52:22,183 - INFO - ✅ API调用成功: 121.518818, 31.330862 -> 杨浦区
2025-07-12 01:52:22,189 - INFO - 🔄 正在处理记录 2731: (121.287064, 31.210397)
2025-07-12 01:52:22,189 - INFO - 📈 进度: 2234/3473 (64.3%)
2025-07-12 01:52:23,151 - INFO - ✅ API调用成功: 121.42945, 31.231583 -> 长宁区
2025-07-12 01:52:23,156 - INFO - 🔄 正在处理记录 2732: (121.654848, 31.187649)
2025-07-12 01:52:23,156 - INFO - 📈 进度: 2235/3473 (64.4%)
2025-07-12 01:52:24,163 - INFO - ✅ API调用成功: 121.205954, 31.118103 -> 松江区
2025-07-12 01:52:24,165 - INFO - 🔄 正在处理记录 2733: (121.246727, 31.408648)
2025-07-12 01:52:24,165 - INFO - 📈 进度: 2236/3473 (64.4%)
2025-07-12 01:52:25,170 - INFO - ✅ API调用成功: 121.45338, 31.092356 -> 闵行区
2025-07-12 01:52:25,175 - INFO - 🔄 正在处理记录 2734: (121.402164, 31.15699)
2025-07-12 01:52:25,175 - INFO - 📈 进度: 2237/3473 (64.4%)
2025-07-12 01:52:26,178 - INFO - ✅ API调用成功: 121.616489, 31.610939 -> 崇明区
2025-07-12 01:52:26,182 - INFO - 🔄 正在处理记录 2735: (121.527657, 31.322469)
2025-07-12 01:52:26,182 - INFO - 📈 进度: 2238/3473 (64.4%)
2025-07-12 01:52:27,272 - INFO - ✅ API调用成功: 121.481147, 31.290978 -> 虹口区
2025-07-12 01:52:27,284 - INFO - 🔄 正在处理记录 2736: (121.111523, 31.146479)
2025-07-12 01:52:27,284 - INFO - 📈 进度: 2239/3473 (64.5%)
2025-07-12 01:52:28,197 - INFO - ✅ API调用成功: 121.529702, 31.263741 -> 杨浦区
2025-07-12 01:52:28,203 - INFO - 🔄 正在处理记录 2737: (121.44177, 31.264634)
2025-07-12 01:52:28,213 - INFO - ✅ 写入 10 条结果到 /Users/songdingan/Downloads/detect_bus/final_station_ranking_with_district.csv
2025-07-12 01:52:28,213 - INFO - 📈 进度: 2240/3473 (64.5%)
2025-07-12 01:52:29,184 - INFO - ✅ API调用成功: 121.214989, 31.030679 -> 松江区
2025-07-12 01:52:29,188 - INFO - 🔄 正在处理记录 2738: (121.433856, 31.144695)
2025-07-12 01:52:29,188 - INFO - 📈 进度: 2241/3473 (64.5%)
2025-07-12 01:52:30,202 - INFO - ✅ API调用成功: 121.714842, 31.071821 -> 浦东新区
2025-07-12 01:52:30,206 - INFO - 🔄 正在处理记录 2739: (121.205954, 31.118103)
2025-07-12 01:52:30,206 - INFO - 📈 进度: 2242/3473 (64.6%)
2025-07-12 01:52:31,216 - INFO - ✅ API调用成功: 121.311382, 31.221906 -> 闵行区
2025-07-12 01:52:31,222 - INFO - 🔄 正在处理记录 2740: (121.34376, 31.234876)
2025-07-12 01:52:31,223 - INFO - 📈 进度: 2243/3473 (64.6%)
2025-07-12 01:52:32,213 - INFO - ✅ API调用成功: 121.44428, 31.200803 -> 徐汇区
2025-07-12 01:52:32,217 - INFO - 🔄 正在处理记录 2741: (121.413276, 31.263821)
2025-07-12 01:52:32,217 - INFO - 📈 进度: 2244/3473 (64.6%)
2025-07-12 01:52:33,246 - INFO - ✅ API调用成功: 121.264336, 31.202517 -> 青浦区
2025-07-12 01:52:33,263 - INFO - 🔄 正在处理记录 2742: (121.442473, 31.312559)
2025-07-12 01:52:33,263 - INFO - 📈 进度: 2245/3473 (64.6%)
2025-07-12 01:52:34,411 - INFO - ✅ API调用成功: 121.308421, 31.147151 -> 松江区
2025-07-12 01:52:34,419 - INFO - 🔄 正在处理记录 2743: (121.438416, 31.315538)
2025-07-12 01:52:34,419 - INFO - 📈 进度: 2246/3473 (64.7%)
2025-07-12 01:52:35,315 - INFO - ✅ API调用成功: 121.45476, 30.932074 -> 奉贤区
2025-07-12 01:52:35,320 - INFO - 🔄 正在处理记录 2744: (121.359702, 30.840346)
2025-07-12 01:52:35,320 - INFO - 📈 进度: 2247/3473 (64.7%)
2025-07-12 01:52:36,266 - INFO - ✅ API调用成功: 121.532011, 31.306322 -> 杨浦区
2025-07-12 01:52:36,271 - INFO - 🔄 正在处理记录 2745: (121.47683, 31.236246)
2025-07-12 01:52:36,271 - INFO - 📈 进度: 2248/3473 (64.7%)
2025-07-12 01:52:37,262 - INFO - ✅ API调用成功: 121.431937, 31.241196 -> 普陀区
2025-07-12 01:52:37,267 - INFO - 🔄 正在处理记录 2746: (121.472361, 31.232678)
2025-07-12 01:52:37,267 - INFO - 📈 进度: 2249/3473 (64.8%)
2025-07-12 01:52:38,241 - INFO - ✅ API调用成功: 121.581616, 31.331966 -> 浦东新区
2025-07-12 01:52:38,257 - INFO - 🔄 正在处理记录 2747: (121.817977, 30.875407)
2025-07-12 01:52:38,270 - INFO - ✅ 写入 10 条结果到 /Users/songdingan/Downloads/detect_bus/final_station_ranking_with_district.csv
2025-07-12 01:52:38,270 - INFO - 📈 进度: 2250/3473 (64.8%)
2025-07-12 01:52:39,250 - INFO - ✅ API调用成功: 121.270262, 31.168103 -> 青浦区
2025-07-12 01:52:39,254 - INFO - 🔄 正在处理记录 2748: (121.231349, 31.050826)
2025-07-12 01:52:39,254 - INFO - 📈 进度: 2251/3473 (64.8%)
2025-07-12 01:52:40,287 - INFO - ✅ API调用成功: 121.395046, 31.219864 -> 长宁区
2025-07-12 01:52:40,295 - INFO - 🔄 正在处理记录 2749: (121.222855, 31.005754)
2025-07-12 01:52:40,295 - INFO - 📈 进度: 2252/3473 (64.8%)
2025-07-12 01:52:41,294 - INFO - ✅ API调用成功: 121.127821, 31.147625 -> 青浦区
2025-07-12 01:52:41,297 - INFO - 🔄 正在处理记录 2750: (121.2077, 31.042931)
2025-07-12 01:52:41,297 - INFO - 📈 进度: 2253/3473 (64.9%)
2025-07-12 01:52:42,288 - INFO - ✅ API调用成功: 121.323272, 31.146115 -> 松江区
2025-07-12 01:52:42,303 - INFO - 🔄 正在处理记录 2751: (121.69251, 31.200315)
2025-07-12 01:52:42,303 - INFO - 📈 进度: 2254/3473 (64.9%)
2025-07-12 01:52:43,307 - INFO - ✅ API调用成功: 121.290604, 31.398082 -> 嘉定区
2025-07-12 01:52:43,319 - INFO - 🔄 正在处理记录 2752: (121.334926, 31.079649)
2025-07-12 01:52:43,319 - INFO - 📈 进度: 2255/3473 (64.9%)
2025-07-12 01:52:44,295 - INFO - ✅ API调用成功: 121.289326, 31.145617 -> 青浦区
2025-07-12 01:52:44,300 - INFO - 🔄 正在处理记录 2753: (121.498526, 31.239982)
2025-07-12 01:52:44,300 - INFO - 📈 进度: 2256/3473 (65.0%)
2025-07-12 01:52:45,319 - INFO - ✅ API调用成功: 121.371031, 31.12436 -> 闵行区
2025-07-12 01:52:45,327 - INFO - 🔄 正在处理记录 2754: (121.480062, 31.252768)
2025-07-12 01:52:45,327 - INFO - 📈 进度: 2257/3473 (65.0%)
2025-07-12 01:52:46,446 - INFO - ✅ API调用成功: 121.612587, 31.548963 -> 崇明区
2025-07-12 01:52:46,451 - INFO - 🔄 正在处理记录 2755: (121.414952, 31.176995)
2025-07-12 01:52:46,451 - INFO - 📈 进度: 2258/3473 (65.0%)
2025-07-12 01:52:47,307 - INFO - ✅ API调用成功: 121.491037, 31.401983 -> 宝山区
2025-07-12 01:52:47,312 - INFO - 🔄 正在处理记录 2756: (121.44109, 31.036924)
2025-07-12 01:52:47,312 - INFO - 📈 进度: 2259/3473 (65.0%)
2025-07-12 01:52:48,344 - INFO - ✅ API调用成功: 121.502346, 31.203234 -> 黄浦区
2025-07-12 01:52:48,351 - INFO - 🔄 正在处理记录 2757: (121.638865, 30.91359)
2025-07-12 01:52:48,368 - INFO - ✅ 写入 10 条结果到 /Users/songdingan/Downloads/detect_bus/final_station_ranking_with_district.csv
2025-07-12 01:52:48,368 - INFO - 📈 进度: 2260/3473 (65.1%)
2025-07-12 01:52:49,339 - INFO - ✅ API调用成功: 121.289237, 31.414525 -> 嘉定区
2025-07-12 01:52:49,343 - INFO - 🔄 正在处理记录 2758: (121.515293, 31.316308)
2025-07-12 01:52:49,343 - INFO - 📈 进度: 2261/3473 (65.1%)
2025-07-12 01:52:50,360 - INFO - ✅ API调用成功: 121.476269, 30.91356 -> 奉贤区
2025-07-12 01:52:50,366 - INFO - 🔄 正在处理记录 2759: (121.317118, 31.434668)
2025-07-12 01:52:50,366 - INFO - 📈 进度: 2262/3473 (65.1%)
2025-07-12 01:52:51,346 - INFO - ✅ API调用成功: 121.25203, 31.357953 -> 嘉定区
2025-07-12 01:52:51,352 - INFO - 🔄 正在处理记录 2760: (121.434015, 31.214452)
2025-07-12 01:52:51,353 - INFO - 📈 进度: 2263/3473 (65.2%)
2025-07-12 01:52:52,344 - INFO - ✅ API调用成功: 121.305615, 31.109111 -> 松江区
2025-07-12 01:52:52,358 - INFO - 🔄 正在处理记录 2761: (121.456706, 31.213353)
2025-07-12 01:52:52,358 - INFO - 📈 进度: 2264/3473 (65.2%)
2025-07-12 01:52:53,353 - INFO - ✅ API调用成功: 121.463297, 31.225857 -> 徐汇区
2025-07-12 01:52:53,371 - INFO - 🔄 正在处理记录 2762: (121.448039, 30.933165)
2025-07-12 01:52:53,371 - INFO - 📈 进度: 2265/3473 (65.2%)
2025-07-12 01:52:54,362 - INFO - ✅ API调用成功: 121.505237, 31.195296 -> 浦东新区
2025-07-12 01:52:54,368 - INFO - 🔄 正在处理记录 2763: (121.248646, 31.004767)
2025-07-12 01:52:54,368 - INFO - 📈 进度: 2266/3473 (65.2%)
2025-07-12 01:52:55,348 - INFO - ✅ API调用成功: 121.828179, 31.003074 -> 浦东新区
2025-07-12 01:52:55,355 - INFO - 🔄 正在处理记录 2764: (121.530577, 31.289406)
2025-07-12 01:52:55,355 - INFO - 📈 进度: 2267/3473 (65.3%)
2025-07-12 01:52:56,372 - INFO - ✅ API调用成功: 121.489498, 31.183778 -> 浦东新区
2025-07-12 01:52:56,377 - INFO - 🔄 正在处理记录 2765: (121.25943, 31.394732)
2025-07-12 01:52:56,377 - INFO - 📈 进度: 2268/3473 (65.3%)
2025-07-12 01:52:57,373 - INFO - ✅ API调用成功: 121.648228, 31.276008 -> 浦东新区
2025-07-12 01:52:57,377 - INFO - 🔄 正在处理记录 2766: (121.367882, 31.347057)
2025-07-12 01:52:57,377 - INFO - 📈 进度: 2269/3473 (65.3%)
2025-07-12 01:52:58,558 - INFO - ✅ API调用成功: 121.382972, 31.175579 -> 闵行区
2025-07-12 01:52:58,568 - INFO - 🔄 正在处理记录 2767: (121.397725, 31.220226)
2025-07-12 01:52:58,582 - INFO - ✅ 写入 10 条结果到 /Users/songdingan/Downloads/detect_bus/final_station_ranking_with_district.csv
2025-07-12 01:52:58,582 - INFO - 📈 进度: 2270/3473 (65.4%)
2025-07-12 01:52:59,396 - INFO - ✅ API调用成功: 121.510229, 31.300242 -> 杨浦区
2025-07-12 01:52:59,401 - INFO - 🔄 正在处理记录 2768: (121.202348, 31.208605)
2025-07-12 01:52:59,401 - INFO - 📈 进度: 2271/3473 (65.4%)
2025-07-12 01:53:00,425 - INFO - ✅ API调用成功: 121.325838, 31.136284 -> 松江区
2025-07-12 01:53:00,429 - INFO - 🔄 正在处理记录 2769: (121.596629, 31.265461)
2025-07-12 01:53:00,429 - INFO - 📈 进度: 2272/3473 (65.4%)
2025-07-12 01:53:01,412 - INFO - ✅ API调用成功: 121.527632, 31.329243 -> 杨浦区
2025-07-12 01:53:01,431 - INFO - 🔄 正在处理记录 2770: (121.252612, 31.179264)
2025-07-12 01:53:01,431 - INFO - 📈 进度: 2273/3473 (65.4%)
2025-07-12 01:53:02,421 - INFO - ✅ API调用成功: 121.287064, 31.210397 -> 闵行区
2025-07-12 01:53:02,427 - INFO - 🔄 正在处理记录 2771: (121.414248, 31.139615)
2025-07-12 01:53:02,428 - INFO - 📈 进度: 2274/3473 (65.5%)
2025-07-12 01:53:03,471 - INFO - ✅ API调用成功: 121.654848, 31.187649 -> 浦东新区
2025-07-12 01:53:03,477 - INFO - 🔄 正在处理记录 2772: (121.449463, 30.918247)
2025-07-12 01:53:03,477 - INFO - 📈 进度: 2275/3473 (65.5%)
2025-07-12 01:53:04,587 - INFO - ✅ API调用成功: 121.246727, 31.408648 -> 嘉定区
2025-07-12 01:53:04,593 - INFO - 🔄 正在处理记录 2773: (121.452348, 31.120681)
2025-07-12 01:53:04,594 - INFO - 📈 进度: 2276/3473 (65.5%)
2025-07-12 01:53:05,508 - INFO - ✅ API调用成功: 121.402164, 31.15699 -> 闵行区
2025-07-12 01:53:05,513 - INFO - 🔄 正在处理记录 2774: (121.619044, 31.261818)
2025-07-12 01:53:05,513 - INFO - 📈 进度: 2277/3473 (65.6%)
2025-07-12 01:53:06,659 - INFO - ✅ API调用成功: 121.527657, 31.322469 -> 杨浦区
2025-07-12 01:53:06,665 - INFO - 🔄 正在处理记录 2775: (121.477823, 31.26988)
2025-07-12 01:53:06,665 - INFO - 📈 进度: 2278/3473 (65.6%)
2025-07-12 01:53:07,436 - INFO - ✅ API调用成功: 121.111523, 31.146479 -> 青浦区
2025-07-12 01:53:07,453 - INFO - 🔄 正在处理记录 2776: (121.390598, 31.237508)
2025-07-12 01:53:07,453 - INFO - 📈 进度: 2279/3473 (65.6%)
2025-07-12 01:53:08,525 - INFO - ✅ API调用成功: 121.44177, 31.264634 -> 普陀区
2025-07-12 01:53:08,536 - INFO - 🔄 正在处理记录 2777: (121.047349, 31.076705)
2025-07-12 01:53:08,554 - INFO - ✅ 写入 10 条结果到 /Users/songdingan/Downloads/detect_bus/final_station_ranking_with_district.csv
2025-07-12 01:53:08,555 - INFO - 📈 进度: 2280/3473 (65.6%)
2025-07-12 01:53:09,503 - INFO - ✅ API调用成功: 121.433856, 31.144695 -> 徐汇区
2025-07-12 01:53:09,512 - INFO - 🔄 正在处理记录 2778: (121.238207, 31.321889)
2025-07-12 01:53:09,512 - INFO - 📈 进度: 2281/3473 (65.7%)
2025-07-12 01:53:10,548 - INFO - ✅ API调用成功: 121.205954, 31.118103 -> 松江区
2025-07-12 01:53:10,552 - INFO - 🔄 正在处理记录 2779: (121.324617, 31.151043)
2025-07-12 01:53:10,552 - INFO - 📈 进度: 2282/3473 (65.7%)
2025-07-12 01:53:11,465 - INFO - ✅ API调用成功: 121.34376, 31.234876 -> 闵行区
2025-07-12 01:53:11,469 - INFO - 🔄 正在处理记录 2780: (121.250267, 31.419609)
2025-07-12 01:53:11,469 - INFO - 📈 进度: 2283/3473 (65.7%)
2025-07-12 01:53:12,505 - INFO - ✅ API调用成功: 121.413276, 31.263821 -> 普陀区
2025-07-12 01:53:12,511 - INFO - 🔄 正在处理记录 2781: (121.258868, 31.105788)
2025-07-12 01:53:12,511 - INFO - 📈 进度: 2284/3473 (65.8%)
2025-07-12 01:53:13,506 - INFO - ✅ API调用成功: 121.442473, 31.312559 -> 静安区
2025-07-12 01:53:13,513 - INFO - 🔄 正在处理记录 2782: (121.416415, 31.018346)
2025-07-12 01:53:13,513 - INFO - 📈 进度: 2285/3473 (65.8%)
2025-07-12 01:53:14,504 - INFO - ✅ API调用成功: 121.438416, 31.315538 -> 静安区
2025-07-12 01:53:14,514 - INFO - 🔄 正在处理记录 2783: (121.212957, 31.264243)
2025-07-12 01:53:14,515 - INFO - 📈 进度: 2286/3473 (65.8%)
2025-07-12 01:53:15,525 - INFO - ✅ API调用成功: 121.359702, 30.840346 -> 金山区
2025-07-12 01:53:15,530 - INFO - 🔄 正在处理记录 2784: (121.313348, 30.881562)
2025-07-12 01:53:15,530 - INFO - 📈 进度: 2287/3473 (65.9%)
2025-07-12 01:53:16,530 - INFO - ✅ API调用成功: 121.47683, 31.236246 -> 黄浦区
2025-07-12 01:53:16,537 - INFO - 🔄 正在处理记录 2785: (121.404875, 31.270832)
2025-07-12 01:53:16,537 - INFO - 📈 进度: 2288/3473 (65.9%)
2025-07-12 01:53:17,535 - INFO - ✅ API调用成功: 121.472361, 31.232678 -> 静安区
2025-07-12 01:53:17,552 - INFO - 🔄 正在处理记录 2786: (121.274869, 31.195285)
2025-07-12 01:53:17,552 - INFO - 📈 进度: 2289/3473 (65.9%)
2025-07-12 01:53:18,536 - INFO - ✅ API调用成功: 121.817977, 30.875407 -> 浦东新区
2025-07-12 01:53:18,542 - INFO - 🔄 正在处理记录 2787: (121.446175, 30.904398)
2025-07-12 01:53:18,556 - INFO - ✅ 写入 10 条结果到 /Users/songdingan/Downloads/detect_bus/final_station_ranking_with_district.csv
2025-07-12 01:53:18,556 - INFO - 📈 进度: 2290/3473 (65.9%)
2025-07-12 01:53:19,565 - INFO - ✅ API调用成功: 121.231349, 31.050826 -> 松江区
2025-07-12 01:53:19,571 - INFO - 🔄 正在处理记录 2788: (121.456112, 31.04337)
2025-07-12 01:53:19,572 - INFO - 📈 进度: 2291/3473 (66.0%)
2025-07-12 01:53:20,512 - INFO - ✅ API调用成功: 121.222855, 31.005754 -> 松江区
2025-07-12 01:53:20,518 - INFO - 🔄 正在处理记录 2789: (121.401689, 31.207655)
2025-07-12 01:53:20,518 - INFO - 📈 进度: 2292/3473 (66.0%)
2025-07-12 01:53:21,563 - INFO - ✅ API调用成功: 121.2077, 31.042931 -> 松江区
2025-07-12 01:53:21,578 - INFO - 🔄 正在处理记录 2790: (121.654266, 31.278927)
2025-07-12 01:53:21,579 - INFO - 📈 进度: 2293/3473 (66.0%)
2025-07-12 01:53:22,573 - INFO - ✅ API调用成功: 121.69251, 31.200315 -> 浦东新区
2025-07-12 01:53:22,603 - INFO - 🔄 正在处理记录 2791: (121.321786, 30.893574)
2025-07-12 01:53:22,603 - INFO - 📈 进度: 2294/3473 (66.1%)
2025-07-12 01:53:23,547 - INFO - ✅ API调用成功: 121.334926, 31.079649 -> 松江区
2025-07-12 01:53:23,552 - INFO - 🔄 正在处理记录 2792: (121.462339, 31.202775)
2025-07-12 01:53:23,552 - INFO - 📈 进度: 2295/3473 (66.1%)
2025-07-12 01:53:24,574 - INFO - ✅ API调用成功: 121.498526, 31.239982 -> 黄浦区
2025-07-12 01:53:24,579 - INFO - 🔄 正在处理记录 2793: (121.471186, 31.23456)
2025-07-12 01:53:24,579 - INFO - 📈 进度: 2296/3473 (66.1%)
2025-07-12 01:53:25,680 - INFO - ✅ API调用成功: 121.480062, 31.252768 -> 静安区
2025-07-12 01:53:25,686 - INFO - 🔄 正在处理记录 2794: (121.134818, 31.257029)
2025-07-12 01:53:25,686 - INFO - 📈 进度: 2297/3473 (66.1%)
2025-07-12 01:53:26,573 - INFO - ✅ API调用成功: 121.414952, 31.176995 -> 徐汇区
2025-07-12 01:53:26,577 - INFO - 🔄 正在处理记录 2795: (121.517059, 31.580603)
2025-07-12 01:53:26,577 - INFO - 📈 进度: 2298/3473 (66.2%)
2025-07-12 01:53:27,591 - INFO - ✅ API调用成功: 121.44109, 31.036924 -> 闵行区
2025-07-12 01:53:27,595 - INFO - 🔄 正在处理记录 2796: (121.18377, 31.101728)
2025-07-12 01:53:27,595 - INFO - 📈 进度: 2299/3473 (66.2%)
2025-07-12 01:53:28,587 - INFO - ✅ API调用成功: 121.638865, 30.91359 -> 奉贤区
2025-07-12 01:53:28,592 - INFO - 🔄 正在处理记录 2797: (121.501987, 31.269766)
2025-07-12 01:53:28,601 - INFO - ✅ 写入 10 条结果到 /Users/songdingan/Downloads/detect_bus/final_station_ranking_with_district.csv
2025-07-12 01:53:28,601 - INFO - 📈 进度: 2300/3473 (66.2%)
2025-07-12 01:53:29,651 - INFO - ✅ API调用成功: 121.515293, 31.316308 -> 杨浦区
2025-07-12 01:53:29,655 - INFO - 🔄 正在处理记录 2798: (121.622412, 31.281979)
2025-07-12 01:53:29,655 - INFO - 📈 进度: 2301/3473 (66.3%)
2025-07-12 01:53:30,612 - INFO - ✅ API调用成功: 121.317118, 31.434668 -> 嘉定区
2025-07-12 01:53:30,617 - INFO - 🔄 正在处理记录 2799: (121.455666, 31.117627)
2025-07-12 01:53:30,617 - INFO - 📈 进度: 2302/3473 (66.3%)
2025-07-12 01:53:31,621 - INFO - ✅ API调用成功: 121.434015, 31.214452 -> 长宁区
2025-07-12 01:53:31,626 - INFO - 🔄 正在处理记录 2800: (121.219873, 31.024775)
2025-07-12 01:53:31,626 - INFO - 📈 进度: 2303/3473 (66.3%)
2025-07-12 01:53:32,631 - INFO - ✅ API调用成功: 121.456706, 31.213353 -> 徐汇区
2025-07-12 01:53:32,638 - INFO - 🔄 正在处理记录 2801: (121.480706, 31.284377)
2025-07-12 01:53:32,638 - INFO - 📈 进度: 2304/3473 (66.3%)
2025-07-12 01:53:33,618 - INFO - ✅ API调用成功: 121.448039, 30.933165 -> 奉贤区
2025-07-12 01:53:33,624 - INFO - 🔄 正在处理记录 2802: (121.600573, 31.169629)
2025-07-12 01:53:33,624 - INFO - 📈 进度: 2305/3473 (66.4%)
2025-07-12 01:53:34,651 - INFO - ✅ API调用成功: 121.248646, 31.004767 -> 松江区
2025-07-12 01:53:34,684 - INFO - 🔄 正在处理记录 2803: (121.426639, 31.195962)
2025-07-12 01:53:34,684 - INFO - 📈 进度: 2306/3473 (66.4%)
2025-07-12 01:53:35,661 - INFO - ✅ API调用成功: 121.530577, 31.289406 -> 杨浦区
2025-07-12 01:53:35,668 - INFO - 🔄 正在处理记录 2804: (121.353226, 31.020147)
2025-07-12 01:53:35,668 - INFO - 📈 进度: 2307/3473 (66.4%)
2025-07-12 01:53:36,640 - INFO - ✅ API调用成功: 121.25943, 31.394732 -> 嘉定区
2025-07-12 01:53:36,644 - INFO - 🔄 正在处理记录 2805: (121.437916, 31.280085)
2025-07-12 01:53:36,645 - INFO - 📈 进度: 2308/3473 (66.5%)
2025-07-12 01:53:37,634 - INFO - ✅ API调用成功: 121.367882, 31.347057 -> 宝山区
2025-07-12 01:53:37,642 - INFO - 🔄 正在处理记录 2806: (121.462215, 31.28193)
2025-07-12 01:53:37,643 - INFO - 📈 进度: 2309/3473 (66.5%)
2025-07-12 01:53:38,723 - INFO - ✅ API调用成功: 121.397725, 31.220226 -> 长宁区
2025-07-12 01:53:38,728 - INFO - 🔄 正在处理记录 2807: (121.104209, 31.147737)
2025-07-12 01:53:38,736 - INFO - ✅ 写入 10 条结果到 /Users/songdingan/Downloads/detect_bus/final_station_ranking_with_district.csv
2025-07-12 01:53:38,737 - INFO - 📈 进度: 2310/3473 (66.5%)
2025-07-12 01:53:39,658 - INFO - ✅ API调用成功: 121.202348, 31.208605 -> 青浦区
2025-07-12 01:53:39,662 - INFO - 🔄 正在处理记录 2808: (121.483642, 31.278521)
2025-07-12 01:53:39,662 - INFO - 📈 进度: 2311/3473 (66.5%)
2025-07-12 01:53:40,670 - INFO - ✅ API调用成功: 121.596629, 31.265461 -> 浦东新区
2025-07-12 01:53:40,675 - INFO - 🔄 正在处理记录 2809: (121.147273, 31.147859)
2025-07-12 01:53:40,675 - INFO - 📈 进度: 2312/3473 (66.6%)
2025-07-12 01:53:41,691 - INFO - ✅ API调用成功: 121.252612, 31.179264 -> 青浦区
2025-07-12 01:53:41,697 - INFO - 🔄 正在处理记录 2810: (121.732986, 31.556439)
2025-07-12 01:53:41,697 - INFO - 📈 进度: 2313/3473 (66.6%)
2025-07-12 01:53:42,691 - INFO - ✅ API调用成功: 121.414248, 31.139615 -> 闵行区
2025-07-12 01:53:42,696 - INFO - 🔄 正在处理记录 2811: (121.067553, 31.150236)
2025-07-12 01:53:42,696 - INFO - 📈 进度: 2314/3473 (66.6%)
2025-07-12 01:53:43,687 - INFO - ✅ API调用成功: 121.449463, 30.918247 -> 奉贤区
2025-07-12 01:53:43,691 - INFO - 🔄 正在处理记录 2812: (121.340631, 31.42176)
2025-07-12 01:53:43,691 - INFO - 📈 进度: 2315/3473 (66.7%)
2025-07-12 01:53:44,705 - INFO - ✅ API调用成功: 121.452348, 31.120681 -> 闵行区
2025-07-12 01:53:44,709 - INFO - 🔄 正在处理记录 2813: (121.234971, 31.351005)
2025-07-12 01:53:44,709 - INFO - 📈 进度: 2316/3473 (66.7%)
2025-07-12 01:53:45,712 - INFO - ✅ API调用成功: 121.619044, 31.261818 -> 浦东新区
2025-07-12 01:53:45,716 - INFO - 🔄 正在处理记录 2814: (121.457621, 31.274809)
2025-07-12 01:53:45,716 - INFO - 📈 进度: 2317/3473 (66.7%)
2025-07-12 01:53:46,736 - INFO - ✅ API调用成功: 121.477823, 31.26988 -> 静安区
2025-07-12 01:53:46,751 - INFO - 🔄 正在处理记录 2815: (121.136914, 31.277799)
2025-07-12 01:53:46,751 - INFO - 📈 进度: 2318/3473 (66.7%)
2025-07-12 01:53:47,706 - INFO - ✅ API调用成功: 121.390598, 31.237508 -> 普陀区
2025-07-12 01:53:47,712 - INFO - 🔄 正在处理记录 2816: (121.274504, 31.271775)
2025-07-12 01:53:47,713 - INFO - 📈 进度: 2319/3473 (66.8%)
2025-07-12 01:53:48,718 - INFO - ✅ API调用成功: 121.047349, 31.076705 -> 青浦区
2025-07-12 01:53:48,722 - INFO - 🔄 正在处理记录 2817: (121.168945, 31.110706)
2025-07-12 01:53:48,732 - INFO - ✅ 写入 10 条结果到 /Users/songdingan/Downloads/detect_bus/final_station_ranking_with_district.csv
2025-07-12 01:53:48,732 - INFO - 📈 进度: 2320/3473 (66.8%)
2025-07-12 01:53:49,759 - INFO - ✅ API调用成功: 121.238207, 31.321889 -> 嘉定区
2025-07-12 01:53:49,765 - INFO - 🔄 正在处理记录 2818: (121.168539, 31.105792)
2025-07-12 01:53:49,765 - INFO - 📈 进度: 2321/3473 (66.8%)
2025-07-12 01:53:50,729 - INFO - ✅ API调用成功: 121.324617, 31.151043 -> 松江区
2025-07-12 01:53:50,734 - INFO - 🔄 正在处理记录 2819: (121.360815, 31.251933)
2025-07-12 01:53:50,734 - INFO - 📈 进度: 2322/3473 (66.9%)
2025-07-12 01:53:51,720 - INFO - ✅ API调用成功: 121.250267, 31.419609 -> 嘉定区
2025-07-12 01:53:51,724 - INFO - 🔄 正在处理记录 2820: (121.445744, 31.025446)
2025-07-12 01:53:51,724 - INFO - 📈 进度: 2323/3473 (66.9%)
2025-07-12 01:53:52,742 - INFO - ✅ API调用成功: 121.258868, 31.105788 -> 松江区
2025-07-12 01:53:52,746 - INFO - 🔄 正在处理记录 2821: (121.487183, 31.344112)
2025-07-12 01:53:52,746 - INFO - 📈 进度: 2324/3473 (66.9%)
2025-07-12 01:53:53,774 - INFO - ✅ API调用成功: 121.416415, 31.018346 -> 闵行区
2025-07-12 01:53:53,781 - INFO - 🔄 正在处理记录 2822: (121.362881, 31.197953)
2025-07-12 01:53:53,782 - INFO - 📈 进度: 2325/3473 (66.9%)
2025-07-12 01:53:54,756 - INFO - ✅ API调用成功: 121.212957, 31.264243 -> 青浦区
2025-07-12 01:53:54,760 - INFO - 🔄 正在处理记录 2823: (121.788736, 31.16698)
2025-07-12 01:53:54,760 - INFO - 📈 进度: 2326/3473 (67.0%)
2025-07-12 01:53:55,770 - INFO - ✅ API调用成功: 121.313348, 30.881562 -> 金山区
2025-07-12 01:53:55,790 - INFO - 🔄 正在处理记录 2824: (121.297555, 30.858009)
2025-07-12 01:53:55,790 - INFO - 📈 进度: 2327/3473 (67.0%)
2025-07-12 01:53:56,794 - INFO - ✅ API调用成功: 121.404875, 31.270832 -> 普陀区
2025-07-12 01:53:56,799 - INFO - 🔄 正在处理记录 2825: (121.191796, 31.415527)
2025-07-12 01:53:56,799 - INFO - 📈 进度: 2328/3473 (67.0%)
2025-07-12 01:53:57,804 - INFO - ✅ API调用成功: 121.274869, 31.195285 -> 青浦区
2025-07-12 01:53:57,815 - INFO - 🔄 正在处理记录 2826: (121.177336, 30.829431)
2025-07-12 01:53:57,815 - INFO - 📈 进度: 2329/3473 (67.1%)
2025-07-12 01:53:58,807 - INFO - ✅ API调用成功: 121.446175, 30.904398 -> 奉贤区
2025-07-12 01:53:58,812 - INFO - 🔄 正在处理记录 2827: (121.255186, 31.24727)
2025-07-12 01:53:58,821 - INFO - ✅ 写入 10 条结果到 /Users/songdingan/Downloads/detect_bus/final_station_ranking_with_district.csv
2025-07-12 01:53:58,822 - INFO - 📈 进度: 2330/3473 (67.1%)
2025-07-12 01:53:59,811 - INFO - ✅ API调用成功: 121.456112, 31.04337 -> 闵行区
2025-07-12 01:53:59,836 - INFO - 🔄 正在处理记录 2828: (121.51893, 31.285094)
2025-07-12 01:53:59,836 - INFO - 📈 进度: 2331/3473 (67.1%)
2025-07-12 01:54:00,812 - INFO - ✅ API调用成功: 121.401689, 31.207655 -> 长宁区
2025-07-12 01:54:00,817 - INFO - 🔄 正在处理记录 2829: (121.044747, 31.117245)
2025-07-12 01:54:00,818 - INFO - 📈 进度: 2332/3473 (67.1%)
2025-07-12 01:54:01,811 - INFO - ✅ API调用成功: 121.654266, 31.278927 -> 浦东新区
2025-07-12 01:54:01,818 - INFO - 🔄 正在处理记录 2830: (121.242672, 31.030109)
2025-07-12 01:54:01,818 - INFO - 📈 进度: 2333/3473 (67.2%)
2025-07-12 01:54:02,871 - INFO - ✅ API调用成功: 121.321786, 30.893574 -> 金山区
2025-07-12 01:54:02,876 - INFO - 🔄 正在处理记录 2831: (121.498668, 31.174061)
2025-07-12 01:54:02,876 - INFO - 📈 进度: 2334/3473 (67.2%)
2025-07-12 01:54:03,820 - INFO - ✅ API调用成功: 121.462339, 31.202775 -> 徐汇区
2025-07-12 01:54:03,829 - INFO - 🔄 正在处理记录 2832: (121.186144, 31.160939)
2025-07-12 01:54:03,829 - INFO - 📈 进度: 2335/3473 (67.2%)
2025-07-12 01:54:05,007 - INFO - ✅ API调用成功: 121.471186, 31.23456 -> 静安区
2025-07-12 01:54:05,011 - INFO - 🔄 正在处理记录 2833: (121.406654, 31.289402)
2025-07-12 01:54:05,011 - INFO - 📈 进度: 2336/3473 (67.3%)
2025-07-12 01:54:05,810 - INFO - ✅ API调用成功: 121.134818, 31.257029 -> 青浦区
2025-07-12 01:54:05,814 - INFO - 🔄 正在处理记录 2834: (121.575891, 31.566041)
2025-07-12 01:54:05,815 - INFO - 📈 进度: 2337/3473 (67.3%)
2025-07-12 01:54:06,911 - INFO - ✅ API调用成功: 121.517059, 31.580603 -> 崇明区
2025-07-12 01:54:06,936 - INFO - 🔄 正在处理记录 2835: (121.497392, 31.083513)
2025-07-12 01:54:06,936 - INFO - 📈 进度: 2338/3473 (67.3%)
2025-07-12 01:54:07,824 - INFO - ✅ API调用成功: 121.18377, 31.101728 -> 松江区
2025-07-12 01:54:07,838 - INFO - 🔄 正在处理记录 2836: (121.492289, 31.156021)
2025-07-12 01:54:07,839 - INFO - 📈 进度: 2339/3473 (67.3%)
2025-07-12 01:54:08,849 - INFO - ✅ API调用成功: 121.501987, 31.269766 -> 虹口区
2025-07-12 01:54:08,854 - INFO - 🔄 正在处理记录 2837: (121.447012, 31.286672)
2025-07-12 01:54:08,863 - INFO - ✅ 写入 10 条结果到 /Users/songdingan/Downloads/detect_bus/final_station_ranking_with_district.csv
2025-07-12 01:54:08,863 - INFO - 📈 进度: 2340/3473 (67.4%)
2025-07-12 01:54:09,830 - INFO - ✅ API调用成功: 121.622412, 31.281979 -> 浦东新区
2025-07-12 01:54:09,835 - INFO - 🔄 正在处理记录 2838: (121.450877, 31.329642)
2025-07-12 01:54:09,835 - INFO - 📈 进度: 2341/3473 (67.4%)
2025-07-12 01:54:10,855 - INFO - ✅ API调用成功: 121.455666, 31.117627 -> 闵行区
2025-07-12 01:54:10,861 - INFO - 🔄 正在处理记录 2839: (121.499707, 31.232343)
2025-07-12 01:54:10,861 - INFO - 📈 进度: 2342/3473 (67.4%)
2025-07-12 01:54:11,892 - INFO - ✅ API调用成功: 121.219873, 31.024775 -> 松江区
2025-07-12 01:54:11,897 - INFO - 🔄 正在处理记录 2840: (121.227023, 31.368835)
2025-07-12 01:54:11,897 - INFO - 📈 进度: 2343/3473 (67.5%)
2025-07-12 01:54:12,853 - INFO - ✅ API调用成功: 121.480706, 31.284377 -> 虹口区
2025-07-12 01:54:12,859 - INFO - 🔄 正在处理记录 2841: (121.451156, 31.245058)
2025-07-12 01:54:12,859 - INFO - 📈 进度: 2344/3473 (67.5%)
2025-07-12 01:54:13,859 - INFO - ✅ API调用成功: 121.600573, 31.169629 -> 浦东新区
2025-07-12 01:54:13,875 - INFO - 🔄 正在处理记录 2842: (121.456033, 31.236556)
2025-07-12 01:54:13,875 - INFO - 📈 进度: 2345/3473 (67.5%)
2025-07-12 01:54:14,867 - INFO - ✅ API调用成功: 121.426639, 31.195962 -> 徐汇区
2025-07-12 01:54:14,872 - INFO - 🔄 正在处理记录 2843: (121.243997, 31.008129)
2025-07-12 01:54:14,872 - INFO - 📈 进度: 2346/3473 (67.5%)
2025-07-12 01:54:15,884 - INFO - ✅ API调用成功: 121.353226, 31.020147 -> 闵行区
2025-07-12 01:54:15,892 - INFO - 🔄 正在处理记录 2844: (121.393418, 30.897297)
2025-07-12 01:54:15,892 - INFO - 📈 进度: 2347/3473 (67.6%)
2025-07-12 01:54:16,893 - INFO - ✅ API调用成功: 121.437916, 31.280085 -> 静安区
2025-07-12 01:54:16,898 - INFO - 🔄 正在处理记录 2845: (121.441621, 30.895479)
2025-07-12 01:54:16,898 - INFO - 📈 进度: 2348/3473 (67.6%)
2025-07-12 01:54:18,229 - INFO - ✅ API调用成功: 121.462215, 31.28193 -> 静安区
2025-07-12 01:54:18,239 - INFO - 🔄 正在处理记录 2846: (121.532277, 31.063381)
2025-07-12 01:54:18,239 - INFO - 📈 进度: 2349/3473 (67.6%)
2025-07-12 01:54:18,880 - INFO - ✅ API调用成功: 121.104209, 31.147737 -> 青浦区
2025-07-12 01:54:18,892 - INFO - 🔄 正在处理记录 2847: (121.531693, 31.053768)
2025-07-12 01:54:18,902 - INFO - ✅ 写入 10 条结果到 /Users/songdingan/Downloads/detect_bus/final_station_ranking_with_district.csv
2025-07-12 01:54:18,902 - INFO - 📈 进度: 2350/3473 (67.7%)
2025-07-12 01:54:19,915 - INFO - ✅ API调用成功: 121.483642, 31.278521 -> 虹口区
2025-07-12 01:54:19,920 - INFO - 🔄 正在处理记录 2848: (121.589267, 31.035289)
2025-07-12 01:54:19,920 - INFO - 📈 进度: 2351/3473 (67.7%)
2025-07-12 01:54:20,902 - INFO - ✅ API调用成功: 121.147273, 31.147859 -> 青浦区
2025-07-12 01:54:20,906 - INFO - 🔄 正在处理记录 2849: (121.376668, 31.315028)
2025-07-12 01:54:20,906 - INFO - 📈 进度: 2352/3473 (67.7%)
2025-07-12 01:54:21,978 - INFO - ✅ API调用成功: 121.732986, 31.556439 -> 崇明区
2025-07-12 01:54:21,982 - INFO - 🔄 正在处理记录 2850: (121.233504, 31.008993)
2025-07-12 01:54:21,982 - INFO - 📈 进度: 2353/3473 (67.8%)
2025-07-12 01:54:22,901 - INFO - ✅ API调用成功: 121.067553, 31.150236 -> 青浦区
2025-07-12 01:54:22,904 - INFO - 🔄 正在处理记录 2851: (121.507672, 31.127745)
2025-07-12 01:54:22,904 - INFO - 📈 进度: 2354/3473 (67.8%)
2025-07-12 01:54:23,916 - INFO - ✅ API调用成功: 121.340631, 31.42176 -> 宝山区
2025-07-12 01:54:23,923 - INFO - 🔄 正在处理记录 2852: (121.576594, 31.032694)
2025-07-12 01:54:23,923 - INFO - 📈 进度: 2355/3473 (67.8%)
2025-07-12 01:54:24,911 - INFO - ✅ API调用成功: 121.234971, 31.351005 -> 嘉定区
2025-07-12 01:54:24,916 - INFO - 🔄 正在处理记录 2853: (121.03137, 31.133792)
2025-07-12 01:54:24,916 - INFO - 📈 进度: 2356/3473 (67.8%)
2025-07-12 01:54:26,006 - INFO - ✅ API调用成功: 121.457621, 31.274809 -> 静安区
2025-07-12 01:54:26,051 - INFO - 🔄 正在处理记录 2854: (121.451243, 31.115062)
2025-07-12 01:54:26,051 - INFO - 📈 进度: 2357/3473 (67.9%)
2025-07-12 01:54:26,928 - INFO - ✅ API调用成功: 121.136914, 31.277799 -> 青浦区
2025-07-12 01:54:26,941 - INFO - 🔄 正在处理记录 2855: (121.463197, 31.046398)
2025-07-12 01:54:26,941 - INFO - 📈 进度: 2358/3473 (67.9%)
2025-07-12 01:54:27,919 - INFO - ✅ API调用成功: 121.274504, 31.271775 -> 嘉定区
2025-07-12 01:54:27,923 - INFO - 🔄 正在处理记录 2856: (121.698358, 31.202191)
2025-07-12 01:54:27,923 - INFO - 📈 进度: 2359/3473 (67.9%)
2025-07-12 01:54:29,080 - INFO - ✅ API调用成功: 121.168945, 31.110706 -> 青浦区
2025-07-12 01:54:29,085 - INFO - 🔄 正在处理记录 2857: (121.402585, 31.054755)
2025-07-12 01:54:29,102 - INFO - ✅ 写入 10 条结果到 /Users/songdingan/Downloads/detect_bus/final_station_ranking_with_district.csv
2025-07-12 01:54:29,102 - INFO - 📈 进度: 2360/3473 (68.0%)
2025-07-12 01:54:29,988 - INFO - ✅ API调用成功: 121.168539, 31.105792 -> 松江区
2025-07-12 01:54:29,993 - INFO - 🔄 正在处理记录 2858: (121.362871, 31.680472)
2025-07-12 01:54:29,993 - INFO - 📈 进度: 2361/3473 (68.0%)
2025-07-12 01:54:30,960 - INFO - ✅ API调用成功: 121.360815, 31.251933 -> 嘉定区
2025-07-12 01:54:30,973 - INFO - 🔄 正在处理记录 2859: (121.343415, 31.715635)
2025-07-12 01:54:30,974 - INFO - 📈 进度: 2362/3473 (68.0%)
2025-07-12 01:54:32,012 - INFO - ✅ API调用成功: 121.445744, 31.025446 -> 闵行区
2025-07-12 01:54:32,022 - INFO - 🔄 正在处理记录 2860: (121.316096, 31.726596)
2025-07-12 01:54:32,023 - INFO - 📈 进度: 2363/3473 (68.0%)
2025-07-12 01:54:32,956 - INFO - ✅ API调用成功: 121.487183, 31.344112 -> 宝山区
2025-07-12 01:54:32,961 - INFO - 🔄 正在处理记录 2861: (121.567102, 31.244078)
2025-07-12 01:54:32,962 - INFO - 📈 进度: 2364/3473 (68.1%)
2025-07-12 01:54:34,179 - INFO - ✅ API调用成功: 121.362881, 31.197953 -> 长宁区
2025-07-12 01:54:34,184 - INFO - 🔄 正在处理记录 2862: (121.528685, 31.27104)
2025-07-12 01:54:34,184 - INFO - 📈 进度: 2365/3473 (68.1%)
2025-07-12 01:54:34,966 - INFO - ✅ API调用成功: 121.788736, 31.16698 -> 浦东新区
2025-07-12 01:54:34,971 - INFO - 🔄 正在处理记录 2863: (121.364365, 31.789458)
2025-07-12 01:54:34,971 - INFO - 📈 进度: 2366/3473 (68.1%)
2025-07-12 01:54:35,972 - INFO - ✅ API调用成功: 121.297555, 30.858009 -> 金山区
2025-07-12 01:54:35,979 - INFO - 🔄 正在处理记录 2864: (121.326374, 31.831945)
2025-07-12 01:54:35,979 - INFO - 📈 进度: 2367/3473 (68.2%)
2025-07-12 01:54:37,017 - INFO - ✅ API调用成功: 121.191796, 31.415527 -> 嘉定区
2025-07-12 01:54:37,022 - INFO - 🔄 正在处理记录 2865: (121.36879, 31.784125)
2025-07-12 01:54:37,022 - INFO - 📈 进度: 2368/3473 (68.2%)
2025-07-12 01:54:38,094 - INFO - ✅ API调用成功: 121.177336, 30.829431 -> 金山区
2025-07-12 01:54:38,098 - INFO - 🔄 正在处理记录 2866: (121.383285, 31.126025)
2025-07-12 01:54:38,099 - INFO - 📈 进度: 2369/3473 (68.2%)
2025-07-12 01:54:39,001 - INFO - ✅ API调用成功: 121.255186, 31.24727 -> 闵行区
2025-07-12 01:54:39,006 - INFO - 🔄 正在处理记录 2867: (121.476854, 31.29452)
2025-07-12 01:54:39,016 - INFO - ✅ 写入 10 条结果到 /Users/songdingan/Downloads/detect_bus/final_station_ranking_with_district.csv
2025-07-12 01:54:39,016 - INFO - 📈 进度: 2370/3473 (68.2%)
2025-07-12 01:54:40,021 - INFO - ✅ API调用成功: 121.51893, 31.285094 -> 杨浦区
2025-07-12 01:54:40,037 - INFO - 🔄 正在处理记录 2868: (121.606864, 31.203888)
2025-07-12 01:54:40,037 - INFO - 📈 进度: 2371/3473 (68.3%)
2025-07-12 01:54:41,027 - INFO - ✅ API调用成功: 121.044747, 31.117245 -> 青浦区
2025-07-12 01:54:41,031 - INFO - 🔄 正在处理记录 2869: (121.387954, 31.623661)
2025-07-12 01:54:41,031 - INFO - 📈 进度: 2372/3473 (68.3%)
2025-07-12 01:54:42,015 - INFO - ✅ API调用成功: 121.242672, 31.030109 -> 松江区
2025-07-12 01:54:42,019 - INFO - 🔄 正在处理记录 2870: (121.40537, 31.124309)
2025-07-12 01:54:42,020 - INFO - 📈 进度: 2373/3473 (68.3%)
2025-07-12 01:54:43,001 - INFO - ✅ API调用成功: 121.498668, 31.174061 -> 浦东新区
2025-07-12 01:54:43,006 - INFO - 🔄 正在处理记录 2871: (121.64101, 30.913285)
2025-07-12 01:54:43,006 - INFO - 📈 进度: 2374/3473 (68.4%)
2025-07-12 01:54:44,045 - INFO - ✅ API调用成功: 121.186144, 31.160939 -> 青浦区
2025-07-12 01:54:44,049 - INFO - 🔄 正在处理记录 2872: (121.145447, 31.303234)
2025-07-12 01:54:44,049 - INFO - 📈 进度: 2375/3473 (68.4%)
2025-07-12 01:54:45,073 - INFO - ✅ API调用成功: 121.406654, 31.289402 -> 普陀区
2025-07-12 01:54:45,078 - INFO - 🔄 正在处理记录 2873: (121.522712, 31.212205)
2025-07-12 01:54:45,078 - INFO - 📈 进度: 2376/3473 (68.4%)
2025-07-12 01:54:46,317 - INFO - ✅ API调用成功: 121.575891, 31.566041 -> 崇明区
2025-07-12 01:54:46,324 - INFO - 🔄 正在处理记录 2874: (121.50073, 31.084384)
2025-07-12 01:54:46,325 - INFO - 📈 进度: 2377/3473 (68.4%)
2025-07-12 01:54:47,074 - INFO - ✅ API调用成功: 121.497392, 31.083513 -> 闵行区
2025-07-12 01:54:47,078 - INFO - 🔄 正在处理记录 2875: (121.271024, 31.416436)
2025-07-12 01:54:47,078 - INFO - 📈 进度: 2378/3473 (68.5%)
2025-07-12 01:54:48,094 - INFO - ✅ API调用成功: 121.492289, 31.156021 -> 浦东新区
2025-07-12 01:54:48,099 - INFO - 🔄 正在处理记录 2876: (121.471998, 31.201485)
2025-07-12 01:54:48,099 - INFO - 📈 进度: 2379/3473 (68.5%)
2025-07-12 01:54:49,055 - INFO - ✅ API调用成功: 121.447012, 31.286672 -> 静安区
2025-07-12 01:54:49,060 - INFO - 🔄 正在处理记录 2877: (121.506813, 31.200647)
2025-07-12 01:54:49,070 - INFO - ✅ 写入 10 条结果到 /Users/songdingan/Downloads/detect_bus/final_station_ranking_with_district.csv
2025-07-12 01:54:49,070 - INFO - 📈 进度: 2380/3473 (68.5%)
2025-07-12 01:54:50,110 - INFO - ✅ API调用成功: 121.450877, 31.329642 -> 宝山区
2025-07-12 01:54:50,115 - INFO - 🔄 正在处理记录 2878: (121.365484, 31.235151)
2025-07-12 01:54:50,115 - INFO - 📈 进度: 2381/3473 (68.6%)
2025-07-12 01:54:51,091 - INFO - ✅ API调用成功: 121.499707, 31.232343 -> 黄浦区
2025-07-12 01:54:51,103 - INFO - 🔄 正在处理记录 2879: (121.364276, 31.232594)
2025-07-12 01:54:51,103 - INFO - 📈 进度: 2382/3473 (68.6%)
2025-07-12 01:54:52,120 - INFO - ✅ API调用成功: 121.227023, 31.368835 -> 嘉定区
2025-07-12 01:54:52,126 - INFO - 🔄 正在处理记录 2880: (121.696315, 31.390851)
2025-07-12 01:54:52,126 - INFO - 📈 进度: 2383/3473 (68.6%)
2025-07-12 01:54:53,087 - INFO - ✅ API调用成功: 121.451156, 31.245058 -> 静安区
2025-07-12 01:54:53,092 - INFO - 🔄 正在处理记录 2881: (121.455307, 31.085145)
2025-07-12 01:54:53,092 - INFO - 📈 进度: 2384/3473 (68.6%)
2025-07-12 01:54:54,162 - INFO - ✅ API调用成功: 121.456033, 31.236556 -> 静安区
2025-07-12 01:54:54,168 - INFO - 🔄 正在处理记录 2882: (121.376952, 31.163337)
2025-07-12 01:54:54,168 - INFO - 📈 进度: 2385/3473 (68.7%)
2025-07-12 01:54:55,134 - INFO - ✅ API调用成功: 121.243997, 31.008129 -> 松江区
2025-07-12 01:54:55,148 - INFO - 🔄 正在处理记录 2883: (121.390772, 31.01355)
2025-07-12 01:54:55,149 - INFO - 📈 进度: 2386/3473 (68.7%)
2025-07-12 01:54:56,130 - INFO - ✅ API调用成功: 121.393418, 30.897297 -> 奉贤区
2025-07-12 01:54:56,138 - INFO - 🔄 正在处理记录 2884: (121.515696, 31.147779)
2025-07-12 01:54:56,138 - INFO - 📈 进度: 2387/3473 (68.7%)
2025-07-12 01:54:57,102 - INFO - ✅ API调用成功: 121.441621, 30.895479 -> 奉贤区
2025-07-12 01:54:57,108 - INFO - 🔄 正在处理记录 2885: (121.576241, 31.270533)
2025-07-12 01:54:57,108 - INFO - 📈 进度: 2388/3473 (68.8%)
2025-07-12 01:54:58,322 - INFO - ✅ API调用成功: 121.532277, 31.063381 -> 闵行区
2025-07-12 01:54:58,326 - INFO - 🔄 正在处理记录 2886: (121.446942, 31.251532)
2025-07-12 01:54:58,326 - INFO - 📈 进度: 2389/3473 (68.8%)
2025-07-12 01:54:59,155 - INFO - ✅ API调用成功: 121.531693, 31.053768 -> 闵行区
2025-07-12 01:54:59,160 - INFO - 🔄 正在处理记录 2887: (121.309401, 31.072335)
2025-07-12 01:54:59,172 - INFO - ✅ 写入 10 条结果到 /Users/songdingan/Downloads/detect_bus/final_station_ranking_with_district.csv
2025-07-12 01:54:59,173 - INFO - 📈 进度: 2390/3473 (68.8%)
2025-07-12 01:55:00,137 - INFO - ✅ API调用成功: 121.589267, 31.035289 -> 浦东新区
2025-07-12 01:55:00,143 - INFO - 🔄 正在处理记录 2888: (121.492912, 31.380659)
2025-07-12 01:55:00,143 - INFO - 📈 进度: 2391/3473 (68.8%)
2025-07-12 01:55:01,159 - INFO - ✅ API调用成功: 121.376668, 31.315028 -> 宝山区
2025-07-12 01:55:01,164 - INFO - 🔄 正在处理记录 2889: (121.909638, 30.882594)
2025-07-12 01:55:01,164 - INFO - 📈 进度: 2392/3473 (68.9%)
2025-07-12 01:55:02,154 - INFO - ✅ API调用成功: 121.233504, 31.008993 -> 松江区
2025-07-12 01:55:02,161 - INFO - 🔄 正在处理记录 2890: (121.502238, 31.194269)
2025-07-12 01:55:02,161 - INFO - 📈 进度: 2393/3473 (68.9%)
2025-07-12 01:55:03,165 - INFO - ✅ API调用成功: 121.507672, 31.127745 -> 浦东新区
2025-07-12 01:55:03,179 - INFO - 🔄 正在处理记录 2891: (121.682436, 30.930472)
2025-07-12 01:55:03,180 - INFO - 📈 进度: 2394/3473 (68.9%)
2025-07-12 01:55:04,225 - INFO - ✅ API调用成功: 121.576594, 31.032694 -> 浦东新区
2025-07-12 01:55:04,227 - INFO - 🔄 正在处理记录 2892: (121.485716, 31.306778)
2025-07-12 01:55:04,227 - INFO - 📈 进度: 2395/3473 (69.0%)
2025-07-12 01:55:05,215 - INFO - ✅ API调用成功: 121.03137, 31.133792 -> 青浦区
2025-07-12 01:55:05,220 - INFO - 🔄 正在处理记录 2893: (121.68792, 30.927609)
2025-07-12 01:55:05,220 - INFO - 📈 进度: 2396/3473 (69.0%)
2025-07-12 01:55:06,200 - INFO - ✅ API调用成功: 121.451243, 31.115062 -> 闵行区
2025-07-12 01:55:06,228 - INFO - 🔄 正在处理记录 2894: (121.759505, 31.119623)
2025-07-12 01:55:06,228 - INFO - 📈 进度: 2397/3473 (69.0%)
2025-07-12 01:55:07,256 - INFO - ✅ API调用成功: 121.463197, 31.046398 -> 闵行区
2025-07-12 01:55:07,263 - INFO - 🔄 正在处理记录 2895: (121.77144, 31.111859)
2025-07-12 01:55:07,263 - INFO - 📈 进度: 2398/3473 (69.0%)
2025-07-12 01:55:08,194 - INFO - ✅ API调用成功: 121.698358, 31.202191 -> 浦东新区
2025-07-12 01:55:08,200 - INFO - 🔄 正在处理记录 2896: (121.308458, 31.409804)
2025-07-12 01:55:08,200 - INFO - 📈 进度: 2399/3473 (69.1%)
2025-07-12 01:55:09,241 - INFO - ✅ API调用成功: 121.402585, 31.054755 -> 闵行区
2025-07-12 01:55:09,244 - INFO - 🔄 正在处理记录 2897: (121.28866, 31.403891)
2025-07-12 01:55:09,251 - INFO - ✅ 写入 10 条结果到 /Users/songdingan/Downloads/detect_bus/final_station_ranking_with_district.csv
2025-07-12 01:55:09,251 - INFO - 📈 进度: 2400/3473 (69.1%)
2025-07-12 01:55:10,336 - INFO - ✅ API调用成功: 121.362871, 31.680472 -> 崇明区
2025-07-12 01:55:10,341 - INFO - 🔄 正在处理记录 2898: (121.338156, 31.167082)
2025-07-12 01:55:10,341 - INFO - 📈 进度: 2401/3473 (69.1%)
2025-07-12 01:55:11,258 - INFO - ✅ API调用成功: 121.343415, 31.715635 -> 崇明区
2025-07-12 01:55:11,265 - INFO - 🔄 正在处理记录 2899: (121.307618, 31.23759)
2025-07-12 01:55:11,265 - INFO - 📈 进度: 2402/3473 (69.2%)
2025-07-12 01:55:12,222 - INFO - ✅ API调用成功: 121.316096, 31.726596 -> 崇明区
2025-07-12 01:55:12,228 - INFO - 🔄 正在处理记录 2900: (121.31317, 30.88518)
2025-07-12 01:55:12,228 - INFO - 📈 进度: 2403/3473 (69.2%)
2025-07-12 01:55:13,268 - INFO - ✅ API调用成功: 121.567102, 31.244078 -> 浦东新区
2025-07-12 01:55:13,285 - INFO - 🔄 正在处理记录 2901: (121.462974, 31.241019)
2025-07-12 01:55:13,286 - INFO - 📈 进度: 2404/3473 (69.2%)
2025-07-12 01:55:14,254 - INFO - ✅ API调用成功: 121.528685, 31.27104 -> 杨浦区
2025-07-12 01:55:14,259 - INFO - 🔄 正在处理记录 2902: (121.368656, 31.184385)
2025-07-12 01:55:14,259 - INFO - 📈 进度: 2405/3473 (69.2%)
2025-07-12 01:55:15,243 - INFO - ✅ API调用成功: 121.364365, 31.789458 -> 崇明区
2025-07-12 01:55:15,249 - INFO - 🔄 正在处理记录 2903: (121.214243, 31.207655)
2025-07-12 01:55:15,249 - INFO - 📈 进度: 2406/3473 (69.3%)
2025-07-12 01:55:16,242 - INFO - ✅ API调用成功: 121.326374, 31.831945 -> 崇明区
2025-07-12 01:55:16,249 - INFO - 🔄 正在处理记录 2904: (121.430206, 31.272534)
2025-07-12 01:55:16,249 - INFO - 📈 进度: 2407/3473 (69.3%)
2025-07-12 01:55:17,273 - INFO - ✅ API调用成功: 121.36879, 31.784125 -> 崇明区
2025-07-12 01:55:17,278 - INFO - 🔄 正在处理记录 2905: (121.630179, 31.317544)
2025-07-12 01:55:17,279 - INFO - 📈 进度: 2408/3473 (69.3%)
2025-07-12 01:55:18,303 - INFO - ✅ API调用成功: 121.383285, 31.126025 -> 闵行区
2025-07-12 01:55:18,311 - INFO - 🔄 正在处理记录 2906: (121.688426, 31.191254)
2025-07-12 01:55:18,311 - INFO - 📈 进度: 2409/3473 (69.4%)
2025-07-12 01:55:19,273 - INFO - ✅ API调用成功: 121.476854, 31.29452 -> 虹口区
2025-07-12 01:55:19,284 - INFO - 🔄 正在处理记录 2907: (121.579822, 31.283951)
2025-07-12 01:55:19,296 - INFO - ✅ 写入 10 条结果到 /Users/songdingan/Downloads/detect_bus/final_station_ranking_with_district.csv
2025-07-12 01:55:19,296 - INFO - 📈 进度: 2410/3473 (69.4%)
2025-07-12 01:55:20,289 - INFO - ✅ API调用成功: 121.606864, 31.203888 -> 浦东新区
2025-07-12 01:55:20,297 - INFO - 🔄 正在处理记录 2908: (121.541573, 31.021355)
2025-07-12 01:55:20,297 - INFO - 📈 进度: 2411/3473 (69.4%)
2025-07-12 01:55:21,281 - INFO - ✅ API调用成功: 121.387954, 31.623661 -> 崇明区
2025-07-12 01:55:21,287 - INFO - 🔄 正在处理记录 2909: (121.360008, 31.220559)
2025-07-12 01:55:21,287 - INFO - 📈 进度: 2412/3473 (69.5%)
2025-07-12 01:55:22,504 - INFO - ✅ API调用成功: 121.40537, 31.124309 -> 闵行区
2025-07-12 01:55:22,510 - INFO - 🔄 正在处理记录 2910: (121.299349, 31.400081)
2025-07-12 01:55:22,510 - INFO - 📈 进度: 2413/3473 (69.5%)
2025-07-12 01:55:23,310 - INFO - ✅ API调用成功: 121.64101, 30.913285 -> 奉贤区
2025-07-12 01:55:23,312 - INFO - 🔄 正在处理记录 2911: (121.340863, 31.155057)
2025-07-12 01:55:23,312 - INFO - 📈 进度: 2414/3473 (69.5%)
2025-07-12 01:55:24,292 - INFO - ✅ API调用成功: 121.145447, 31.303234 -> 昆山市
2025-07-12 01:55:24,294 - INFO - 🔄 正在处理记录 2912: (121.497456, 31.259094)
2025-07-12 01:55:24,294 - INFO - 📈 进度: 2415/3473 (69.5%)
2025-07-12 01:55:25,298 - INFO - ✅ API调用成功: 121.522712, 31.212205 -> 浦东新区
2025-07-12 01:55:25,319 - INFO - 🔄 正在处理记录 2913: (121.235942, 31.184771)
2025-07-12 01:55:25,319 - INFO - 📈 进度: 2416/3473 (69.6%)
2025-07-12 01:55:26,331 - INFO - ✅ API调用成功: 121.50073, 31.084384 -> 闵行区
2025-07-12 01:55:26,336 - INFO - 🔄 正在处理记录 2914: (121.370449, 31.09098)
2025-07-12 01:55:26,336 - INFO - 📈 进度: 2417/3473 (69.6%)
2025-07-12 01:55:27,321 - INFO - ✅ API调用成功: 121.271024, 31.416436 -> 嘉定区
2025-07-12 01:55:27,325 - INFO - 🔄 正在处理记录 2915: (121.382652, 31.112372)
2025-07-12 01:55:27,325 - INFO - 📈 进度: 2418/3473 (69.6%)
2025-07-12 01:55:28,330 - INFO - ✅ API调用成功: 121.471998, 31.201485 -> 徐汇区
2025-07-12 01:55:28,336 - INFO - 🔄 正在处理记录 2916: (121.382652, 31.112372)
2025-07-12 01:55:28,336 - INFO - 📈 进度: 2419/3473 (69.7%)
2025-07-12 01:55:29,373 - INFO - ✅ API调用成功: 121.506813, 31.200647 -> 浦东新区
2025-07-12 01:55:29,392 - INFO - 🔄 正在处理记录 2917: (121.407443, 31.114298)
2025-07-12 01:55:29,402 - INFO - ✅ 写入 10 条结果到 /Users/songdingan/Downloads/detect_bus/final_station_ranking_with_district.csv
2025-07-12 01:55:29,402 - INFO - 📈 进度: 2420/3473 (69.7%)
2025-07-12 01:55:30,325 - INFO - ✅ API调用成功: 121.365484, 31.235151 -> 长宁区
2025-07-12 01:55:30,329 - INFO - 🔄 正在处理记录 2918: (121.427631, 31.154633)
2025-07-12 01:55:30,329 - INFO - 📈 进度: 2421/3473 (69.7%)
2025-07-12 01:55:31,353 - INFO - ✅ API调用成功: 121.364276, 31.232594 -> 长宁区
2025-07-12 01:55:31,358 - INFO - 🔄 正在处理记录 2919: (121.36511, 31.264876)
2025-07-12 01:55:31,358 - INFO - 📈 进度: 2422/3473 (69.7%)
2025-07-12 01:55:32,335 - INFO - ✅ API调用成功: 121.696315, 31.390851 -> 崇明区
2025-07-12 01:55:32,341 - INFO - 🔄 正在处理记录 2920: (121.582357, 31.26254)
2025-07-12 01:55:32,341 - INFO - 📈 进度: 2423/3473 (69.8%)
2025-07-12 01:55:33,353 - INFO - ✅ API调用成功: 121.455307, 31.085145 -> 闵行区
2025-07-12 01:55:33,357 - INFO - 🔄 正在处理记录 2921: (121.578215, 31.264992)
2025-07-12 01:55:33,357 - INFO - 📈 进度: 2424/3473 (69.8%)
2025-07-12 01:55:34,590 - INFO - ✅ API调用成功: 121.376952, 31.163337 -> 闵行区
2025-07-12 01:55:34,597 - INFO - 🔄 正在处理记录 2922: (121.577489, 31.253752)
2025-07-12 01:55:34,597 - INFO - 📈 进度: 2425/3473 (69.8%)
2025-07-12 01:55:35,385 - INFO - ✅ API调用成功: 121.390772, 31.01355 -> 闵行区
2025-07-12 01:55:35,389 - INFO - 🔄 正在处理记录 2923: (121.607041, 31.553279)
2025-07-12 01:55:35,389 - INFO - 📈 进度: 2426/3473 (69.9%)
2025-07-12 01:55:36,358 - INFO - ✅ API调用成功: 121.515696, 31.147779 -> 浦东新区
2025-07-12 01:55:36,365 - INFO - 🔄 正在处理记录 2924: (121.641017, 31.228282)
2025-07-12 01:55:36,365 - INFO - 📈 进度: 2427/3473 (69.9%)
2025-07-12 01:55:37,380 - INFO - ✅ API调用成功: 121.576241, 31.270533 -> 浦东新区
2025-07-12 01:55:37,384 - INFO - 🔄 正在处理记录 2925: (121.731086, 31.041554)
2025-07-12 01:55:37,384 - INFO - 📈 进度: 2428/3473 (69.9%)
2025-07-12 01:55:38,389 - INFO - ✅ API调用成功: 121.446942, 31.251532 -> 普陀区
2025-07-12 01:55:38,393 - INFO - 🔄 正在处理记录 2926: (121.691062, 31.037751)
2025-07-12 01:55:38,393 - INFO - 📈 进度: 2429/3473 (69.9%)
2025-07-12 01:55:39,355 - INFO - ✅ API调用成功: 121.309401, 31.072335 -> 松江区
2025-07-12 01:55:39,358 - INFO - 🔄 正在处理记录 2927: (121.420839, 31.252405)
2025-07-12 01:55:39,365 - INFO - ✅ 写入 10 条结果到 /Users/songdingan/Downloads/detect_bus/final_station_ranking_with_district.csv
2025-07-12 01:55:39,365 - INFO - 📈 进度: 2430/3473 (70.0%)
2025-07-12 01:55:40,375 - INFO - ✅ API调用成功: 121.492912, 31.380659 -> 宝山区
2025-07-12 01:55:40,380 - INFO - 🔄 正在处理记录 2928: (121.174789, 30.972653)
2025-07-12 01:55:40,380 - INFO - 📈 进度: 2431/3473 (70.0%)
2025-07-12 01:55:41,395 - INFO - ✅ API调用成功: 121.909638, 30.882594 -> 浦东新区
2025-07-12 01:55:41,402 - INFO - 🔄 正在处理记录 2929: (121.043152, 31.04742)
2025-07-12 01:55:41,403 - INFO - 📈 进度: 2432/3473 (70.0%)
2025-07-12 01:55:42,447 - INFO - ✅ API调用成功: 121.502238, 31.194269 -> 浦东新区
2025-07-12 01:55:42,463 - INFO - 🔄 正在处理记录 2930: (121.432362, 31.365415)
2025-07-12 01:55:42,463 - INFO - 📈 进度: 2433/3473 (70.1%)
2025-07-12 01:55:43,414 - INFO - ✅ API调用成功: 121.682436, 30.930472 -> 奉贤区
2025-07-12 01:55:43,430 - INFO - 🔄 正在处理记录 2931: (121.585997, 31.02941)
2025-07-12 01:55:43,430 - INFO - 📈 进度: 2434/3473 (70.1%)
2025-07-12 01:55:44,420 - INFO - ✅ API调用成功: 121.485716, 31.306778 -> 虹口区
2025-07-12 01:55:44,425 - INFO - 🔄 正在处理记录 2932: (121.500721, 31.084407)
2025-07-12 01:55:44,425 - INFO - 📈 进度: 2435/3473 (70.1%)
2025-07-12 01:55:45,445 - INFO - ✅ API调用成功: 121.68792, 30.927609 -> 奉贤区
2025-07-12 01:55:45,452 - INFO - 🔄 正在处理记录 2933: (121.398952, 31.268134)
2025-07-12 01:55:45,452 - INFO - 📈 进度: 2436/3473 (70.1%)
2025-07-12 01:55:46,542 - INFO - ✅ API调用成功: 121.759505, 31.119623 -> 浦东新区
2025-07-12 01:55:46,547 - INFO - 🔄 正在处理记录 2934: (121.411549, 31.198037)
2025-07-12 01:55:46,547 - INFO - 📈 进度: 2437/3473 (70.2%)
2025-07-12 01:55:47,502 - INFO - ✅ API调用成功: 121.77144, 31.111859 -> 浦东新区
2025-07-12 01:55:47,507 - INFO - 🔄 正在处理记录 2935: (121.440784, 31.338579)
2025-07-12 01:55:47,507 - INFO - 📈 进度: 2438/3473 (70.2%)
2025-07-12 01:55:48,432 - INFO - ✅ API调用成功: 121.308458, 31.409804 -> 嘉定区
2025-07-12 01:55:48,437 - INFO - 🔄 正在处理记录 2936: (121.447722, 31.250092)
2025-07-12 01:55:48,437 - INFO - 📈 进度: 2439/3473 (70.2%)
2025-07-12 01:55:49,450 - INFO - ✅ API调用成功: 121.28866, 31.403891 -> 嘉定区
2025-07-12 01:55:49,456 - INFO - 🔄 正在处理记录 2937: (121.211474, 31.005764)
2025-07-12 01:55:49,473 - INFO - ✅ 写入 10 条结果到 /Users/songdingan/Downloads/detect_bus/final_station_ranking_with_district.csv
2025-07-12 01:55:49,473 - INFO - 📈 进度: 2440/3473 (70.3%)
2025-07-12 01:55:50,466 - INFO - ✅ API调用成功: 121.338156, 31.167082 -> 闵行区
2025-07-12 01:55:50,471 - INFO - 🔄 正在处理记录 2938: (121.45791, 31.277985)
2025-07-12 01:55:50,471 - INFO - 📈 进度: 2441/3473 (70.3%)
2025-07-12 01:55:51,447 - INFO - ✅ API调用成功: 121.307618, 31.23759 -> 嘉定区
2025-07-12 01:55:51,466 - INFO - 🔄 正在处理记录 2939: (121.391688, 31.231443)
2025-07-12 01:55:51,466 - INFO - 📈 进度: 2442/3473 (70.3%)
2025-07-12 01:55:52,447 - INFO - ✅ API调用成功: 121.31317, 30.88518 -> 金山区
2025-07-12 01:55:52,453 - INFO - 🔄 正在处理记录 2940: (121.286237, 31.428331)
2025-07-12 01:55:52,453 - INFO - 📈 进度: 2443/3473 (70.3%)
2025-07-12 01:55:53,463 - INFO - ✅ API调用成功: 121.462974, 31.241019 -> 静安区
2025-07-12 01:55:53,470 - INFO - 🔄 正在处理记录 2941: (121.499135, 31.127197)
2025-07-12 01:55:53,470 - INFO - 📈 进度: 2444/3473 (70.4%)
2025-07-12 01:55:54,456 - INFO - ✅ API调用成功: 121.368656, 31.184385 -> 闵行区
2025-07-12 01:55:54,460 - INFO - 🔄 正在处理记录 2942: (121.578889, 31.311937)
2025-07-12 01:55:54,460 - INFO - 📈 进度: 2445/3473 (70.4%)
2025-07-12 01:55:55,457 - INFO - ✅ API调用成功: 121.214243, 31.207655 -> 青浦区
2025-07-12 01:55:55,463 - INFO - 🔄 正在处理记录 2943: (121.487601, 31.218884)
2025-07-12 01:55:55,463 - INFO - 📈 进度: 2446/3473 (70.4%)
2025-07-12 01:55:56,499 - INFO - ✅ API调用成功: 121.430206, 31.272534 -> 普陀区
2025-07-12 01:55:56,506 - INFO - 🔄 正在处理记录 2944: (121.591494, 31.265541)
2025-07-12 01:55:56,506 - INFO - 📈 进度: 2447/3473 (70.5%)
2025-07-12 01:55:57,495 - INFO - ✅ API调用成功: 121.630179, 31.317544 -> 浦东新区
2025-07-12 01:55:57,513 - INFO - 🔄 正在处理记录 2945: (121.462215, 31.28193)
2025-07-12 01:55:57,513 - INFO - 📈 进度: 2448/3473 (70.5%)
2025-07-12 01:55:58,594 - INFO - ✅ API调用成功: 121.688426, 31.191254 -> 浦东新区
2025-07-12 01:55:58,601 - INFO - 🔄 正在处理记录 2946: (121.116608, 31.149481)
2025-07-12 01:55:58,601 - INFO - 📈 进度: 2449/3473 (70.5%)
2025-07-12 01:55:59,509 - INFO - ✅ API调用成功: 121.579822, 31.283951 -> 浦东新区
2025-07-12 01:55:59,515 - INFO - 🔄 正在处理记录 2947: (121.142386, 31.149672)
2025-07-12 01:55:59,528 - INFO - ✅ 写入 10 条结果到 /Users/songdingan/Downloads/detect_bus/final_station_ranking_with_district.csv
2025-07-12 01:55:59,529 - INFO - 📈 进度: 2450/3473 (70.5%)
2025-07-12 01:56:00,511 - INFO - ✅ API调用成功: 121.541573, 31.021355 -> 闵行区
2025-07-12 01:56:00,517 - INFO - 🔄 正在处理记录 2948: (121.25054, 31.354664)
2025-07-12 01:56:00,517 - INFO - 📈 进度: 2451/3473 (70.6%)
2025-07-12 01:56:01,529 - INFO - ✅ API调用成功: 121.360008, 31.220559 -> 长宁区
2025-07-12 01:56:01,534 - INFO - 🔄 正在处理记录 2949: (121.46362, 30.911624)
2025-07-12 01:56:01,535 - INFO - 📈 进度: 2452/3473 (70.6%)
2025-07-12 01:56:02,549 - INFO - ✅ API调用成功: 121.299349, 31.400081 -> 嘉定区
2025-07-12 01:56:02,553 - INFO - 🔄 正在处理记录 2950: (121.24268, 31.351244)
2025-07-12 01:56:02,554 - INFO - 📈 进度: 2453/3473 (70.6%)
2025-07-12 01:56:03,515 - INFO - ✅ API调用成功: 121.340863, 31.155057 -> 闵行区
2025-07-12 01:56:03,520 - INFO - 🔄 正在处理记录 2951: (121.230402, 31.113975)
2025-07-12 01:56:03,520 - INFO - 📈 进度: 2454/3473 (70.7%)
2025-07-12 01:56:04,689 - INFO - ✅ API调用成功: 121.497456, 31.259094 -> 虹口区
2025-07-12 01:56:04,718 - INFO - 🔄 正在处理记录 2952: (121.605852, 31.524976)
2025-07-12 01:56:04,718 - INFO - 📈 进度: 2455/3473 (70.7%)
2025-07-12 01:56:05,554 - INFO - ✅ API调用成功: 121.235942, 31.184771 -> 青浦区
2025-07-12 01:56:05,561 - INFO - 🔄 正在处理记录 2953: (121.489971, 31.374504)
2025-07-12 01:56:05,561 - INFO - 📈 进度: 2456/3473 (70.7%)
2025-07-12 01:56:06,565 - INFO - ✅ API调用成功: 121.370449, 31.09098 -> 松江区
2025-07-12 01:56:06,571 - INFO - 🔄 正在处理记录 2954: (121.306729, 31.196421)
2025-07-12 01:56:06,571 - INFO - 📈 进度: 2457/3473 (70.7%)
2025-07-12 01:56:07,582 - INFO - ✅ API调用成功: 121.382652, 31.112372 -> 闵行区
2025-07-12 01:56:07,592 - INFO - 🔄 正在处理记录 2955: (121.305741, 31.1179)
2025-07-12 01:56:07,592 - INFO - 📈 进度: 2458/3473 (70.8%)
2025-07-12 01:56:08,555 - INFO - ✅ API调用成功: 121.382652, 31.112372 -> 闵行区
2025-07-12 01:56:08,560 - INFO - 🔄 正在处理记录 2956: (121.440216, 31.222619)
2025-07-12 01:56:08,560 - INFO - 📈 进度: 2459/3473 (70.8%)
2025-07-12 01:56:09,595 - INFO - ✅ API调用成功: 121.407443, 31.114298 -> 闵行区
2025-07-12 01:56:09,599 - INFO - 🔄 正在处理记录 2957: (121.375222, 31.151879)
2025-07-12 01:56:09,610 - INFO - ✅ 写入 10 条结果到 /Users/songdingan/Downloads/detect_bus/final_station_ranking_with_district.csv
2025-07-12 01:56:09,610 - INFO - 📈 进度: 2460/3473 (70.8%)
2025-07-12 01:56:10,682 - INFO - ✅ API调用成功: 121.427631, 31.154633 -> 徐汇区
2025-07-12 01:56:10,686 - INFO - 🔄 正在处理记录 2958: (121.433579, 31.219529)
2025-07-12 01:56:10,686 - INFO - 📈 进度: 2461/3473 (70.9%)
2025-07-12 01:56:11,591 - INFO - ✅ API调用成功: 121.36511, 31.264876 -> 嘉定区
2025-07-12 01:56:11,596 - INFO - 🔄 正在处理记录 2959: (121.41255, 31.027729)
2025-07-12 01:56:11,596 - INFO - 📈 进度: 2462/3473 (70.9%)
2025-07-12 01:56:12,556 - INFO - ✅ API调用成功: 121.582357, 31.26254 -> 浦东新区
2025-07-12 01:56:12,561 - INFO - 🔄 正在处理记录 2960: (121.425022, 31.018798)
2025-07-12 01:56:12,561 - INFO - 📈 进度: 2463/3473 (70.9%)
2025-07-12 01:56:13,597 - INFO - ✅ API调用成功: 121.578215, 31.264992 -> 浦东新区
2025-07-12 01:56:13,602 - INFO - 🔄 正在处理记录 2961: (121.399894, 31.349926)
2025-07-12 01:56:13,602 - INFO - 📈 进度: 2464/3473 (70.9%)
2025-07-12 01:56:14,582 - INFO - ✅ API调用成功: 121.577489, 31.253752 -> 浦东新区
2025-07-12 01:56:14,588 - INFO - 🔄 正在处理记录 2962: (121.484992, 31.247787)
2025-07-12 01:56:14,588 - INFO - 📈 进度: 2465/3473 (71.0%)
2025-07-12 01:56:15,594 - INFO - ✅ API调用成功: 121.607041, 31.553279 -> 崇明区
2025-07-12 01:56:15,617 - INFO - 🔄 正在处理记录 2963: (121.532588, 31.16531)
2025-07-12 01:56:15,617 - INFO - 📈 进度: 2466/3473 (71.0%)
2025-07-12 01:56:16,603 - INFO - ✅ API调用成功: 121.641017, 31.228282 -> 浦东新区
2025-07-12 01:56:16,608 - INFO - 🔄 正在处理记录 2964: (121.511868, 31.20124)
2025-07-12 01:56:16,608 - INFO - 📈 进度: 2467/3473 (71.0%)
2025-07-12 01:56:17,604 - INFO - ✅ API调用成功: 121.731086, 31.041554 -> 浦东新区
2025-07-12 01:56:17,610 - INFO - 🔄 正在处理记录 2965: (121.577874, 31.09485)
2025-07-12 01:56:17,610 - INFO - 📈 进度: 2468/3473 (71.1%)
2025-07-12 01:56:18,602 - INFO - ✅ API调用成功: 121.691062, 31.037751 -> 浦东新区
2025-07-12 01:56:18,607 - INFO - 🔄 正在处理记录 2966: (121.362134, 31.145533)
2025-07-12 01:56:18,607 - INFO - 📈 进度: 2469/3473 (71.1%)
2025-07-12 01:56:19,659 - INFO - ✅ API调用成功: 121.420839, 31.252405 -> 普陀区
2025-07-12 01:56:19,665 - INFO - 🔄 正在处理记录 2967: (121.226847, 31.28888)
2025-07-12 01:56:19,678 - INFO - ✅ 写入 10 条结果到 /Users/songdingan/Downloads/detect_bus/final_station_ranking_with_district.csv
2025-07-12 01:56:19,678 - INFO - 📈 进度: 2470/3473 (71.1%)
2025-07-12 01:56:20,677 - INFO - ✅ API调用成功: 121.174789, 30.972653 -> 松江区
2025-07-12 01:56:20,685 - INFO - 🔄 正在处理记录 2968: (121.234199, 31.18234)
2025-07-12 01:56:20,686 - INFO - 📈 进度: 2471/3473 (71.1%)
2025-07-12 01:56:21,617 - INFO - ✅ API调用成功: 121.043152, 31.04742 -> 青浦区
2025-07-12 01:56:21,622 - INFO - 🔄 正在处理记录 2969: (121.341253, 30.848987)
2025-07-12 01:56:21,622 - INFO - 📈 进度: 2472/3473 (71.2%)
2025-07-12 01:56:22,773 - INFO - ✅ API调用成功: 121.432362, 31.365415 -> 宝山区
2025-07-12 01:56:22,778 - INFO - 🔄 正在处理记录 2970: (121.858473, 30.982668)
2025-07-12 01:56:22,778 - INFO - 📈 进度: 2473/3473 (71.2%)
2025-07-12 01:56:23,656 - INFO - ✅ API调用成功: 121.585997, 31.02941 -> 浦东新区
2025-07-12 01:56:23,661 - INFO - 🔄 正在处理记录 2971: (121.294381, 30.882258)
2025-07-12 01:56:23,661 - INFO - 📈 进度: 2474/3473 (71.2%)
2025-07-12 01:56:24,654 - INFO - ✅ API调用成功: 121.500721, 31.084407 -> 闵行区
2025-07-12 01:56:24,659 - INFO - 🔄 正在处理记录 2972: (121.494757, 31.213349)
2025-07-12 01:56:24,659 - INFO - 📈 进度: 2475/3473 (71.3%)
2025-07-12 01:56:25,649 - INFO - ✅ API调用成功: 121.398952, 31.268134 -> 普陀区
2025-07-12 01:56:25,654 - INFO - 🔄 正在处理记录 2973: (121.453271, 30.910806)
2025-07-12 01:56:25,654 - INFO - 📈 进度: 2476/3473 (71.3%)
2025-07-12 01:56:26,683 - INFO - ✅ API调用成功: 121.411549, 31.198037 -> 长宁区
2025-07-12 01:56:26,689 - INFO - 🔄 正在处理记录 2974: (121.329789, 30.748055)
2025-07-12 01:56:26,689 - INFO - 📈 进度: 2477/3473 (71.3%)
2025-07-12 01:56:27,691 - INFO - ✅ API调用成功: 121.440784, 31.338579 -> 宝山区
2025-07-12 01:56:27,697 - INFO - 🔄 正在处理记录 2975: (121.538645, 31.240626)
2025-07-12 01:56:27,697 - INFO - 📈 进度: 2478/3473 (71.4%)
2025-07-12 01:56:28,691 - INFO - ✅ API调用成功: 121.447722, 31.250092 -> 普陀区
2025-07-12 01:56:28,696 - INFO - 🔄 正在处理记录 2976: (121.380873, 31.301774)
2025-07-12 01:56:28,696 - INFO - 📈 进度: 2479/3473 (71.4%)
2025-07-12 01:56:29,681 - INFO - ✅ API调用成功: 121.211474, 31.005764 -> 松江区
2025-07-12 01:56:29,686 - INFO - 🔄 正在处理记录 2977: (121.669731, 31.288758)
2025-07-12 01:56:29,696 - INFO - ✅ 写入 10 条结果到 /Users/songdingan/Downloads/detect_bus/final_station_ranking_with_district.csv
2025-07-12 01:56:29,696 - INFO - 📈 进度: 2480/3473 (71.4%)
2025-07-12 01:56:30,700 - INFO - ✅ API调用成功: 121.45791, 31.277985 -> 静安区
2025-07-12 01:56:30,714 - INFO - 🔄 正在处理记录 2978: (121.584087, 31.244543)
2025-07-12 01:56:30,714 - INFO - 📈 进度: 2481/3473 (71.4%)
2025-07-12 01:56:31,814 - INFO - ✅ API调用成功: 121.391688, 31.231443 -> 普陀区
2025-07-12 01:56:31,820 - INFO - 🔄 正在处理记录 2979: (121.824199, 31.015265)
2025-07-12 01:56:31,820 - INFO - 📈 进度: 2482/3473 (71.5%)
2025-07-12 01:56:32,699 - INFO - ✅ API调用成功: 121.286237, 31.428331 -> 嘉定区
2025-07-12 01:56:32,704 - INFO - 🔄 正在处理记录 2980: (121.522712, 31.212205)
2025-07-12 01:56:32,704 - INFO - 📈 进度: 2483/3473 (71.5%)
2025-07-12 01:56:33,712 - INFO - ✅ API调用成功: 121.499135, 31.127197 -> 浦东新区
2025-07-12 01:56:33,716 - INFO - 🔄 正在处理记录 2981: (121.545459, 31.275886)
2025-07-12 01:56:33,716 - INFO - 📈 进度: 2484/3473 (71.5%)
2025-07-12 01:56:34,839 - INFO - ✅ API调用成功: 121.578889, 31.311937 -> 浦东新区
2025-07-12 01:56:34,844 - INFO - 🔄 正在处理记录 2982: (121.505251, 31.262499)
2025-07-12 01:56:34,844 - INFO - 📈 进度: 2485/3473 (71.6%)
2025-07-12 01:56:35,749 - INFO - ✅ API调用成功: 121.487601, 31.218884 -> 黄浦区
2025-07-12 01:56:35,755 - INFO - 🔄 正在处理记录 2983: (121.497563, 30.892201)
2025-07-12 01:56:35,755 - INFO - 📈 进度: 2486/3473 (71.6%)
2025-07-12 01:56:36,744 - INFO - ✅ API调用成功: 121.591494, 31.265541 -> 浦东新区
2025-07-12 01:56:36,750 - INFO - 🔄 正在处理记录 2984: (121.381097, 31.212542)
2025-07-12 01:56:36,750 - INFO - 📈 进度: 2487/3473 (71.6%)
2025-07-12 01:56:37,739 - INFO - ✅ API调用成功: 121.462215, 31.28193 -> 静安区
2025-07-12 01:56:37,743 - INFO - 🔄 正在处理记录 2985: (121.570887, 31.106498)
2025-07-12 01:56:37,743 - INFO - 📈 进度: 2488/3473 (71.6%)
2025-07-12 01:56:38,768 - INFO - ✅ API调用成功: 121.116608, 31.149481 -> 青浦区
2025-07-12 01:56:38,789 - INFO - 🔄 正在处理记录 2986: (121.590866, 31.274023)
2025-07-12 01:56:38,789 - INFO - 📈 进度: 2489/3473 (71.7%)
2025-07-12 01:56:39,783 - INFO - ✅ API调用成功: 121.142386, 31.149672 -> 青浦区
2025-07-12 01:56:39,790 - INFO - 🔄 正在处理记录 2987: (121.532041, 31.244924)
2025-07-12 01:56:39,805 - INFO - ✅ 写入 10 条结果到 /Users/songdingan/Downloads/detect_bus/final_station_ranking_with_district.csv
2025-07-12 01:56:39,806 - INFO - 📈 进度: 2490/3473 (71.7%)
2025-07-12 01:56:40,937 - INFO - ✅ API调用成功: 121.25054, 31.354664 -> 嘉定区
2025-07-12 01:56:40,945 - INFO - 🔄 正在处理记录 2988: (121.46614, 31.244081)
2025-07-12 01:56:40,945 - INFO - 📈 进度: 2491/3473 (71.7%)
2025-07-12 01:56:41,806 - INFO - ✅ API调用成功: 121.46362, 30.911624 -> 奉贤区
2025-07-12 01:56:41,814 - INFO - 🔄 正在处理记录 2989: (121.403917, 31.17981)
2025-07-12 01:56:41,814 - INFO - 📈 进度: 2492/3473 (71.8%)
2025-07-12 01:56:42,782 - INFO - ✅ API调用成功: 121.24268, 31.351244 -> 嘉定区
2025-07-12 01:56:42,787 - INFO - 🔄 正在处理记录 2990: (121.540636, 31.24531)
2025-07-12 01:56:42,787 - INFO - 📈 进度: 2493/3473 (71.8%)
2025-07-12 01:56:43,788 - INFO - ✅ API调用成功: 121.230402, 31.113975 -> 松江区
2025-07-12 01:56:43,793 - INFO - 🔄 正在处理记录 2991: (121.392633, 31.174004)
2025-07-12 01:56:43,793 - INFO - 📈 进度: 2494/3473 (71.8%)
2025-07-12 01:56:44,766 - INFO - ✅ API调用成功: 121.605852, 31.524976 -> 崇明区
2025-07-12 01:56:44,770 - INFO - 🔄 正在处理记录 2992: (121.580694, 31.275245)
2025-07-12 01:56:44,771 - INFO - 📈 进度: 2495/3473 (71.8%)
2025-07-12 01:56:45,805 - INFO - ✅ API调用成功: 121.489971, 31.374504 -> 宝山区
2025-07-12 01:56:45,810 - INFO - 🔄 正在处理记录 2993: (121.134586, 31.248086)
2025-07-12 01:56:45,811 - INFO - 📈 进度: 2496/3473 (71.9%)
2025-07-12 01:56:46,901 - INFO - ✅ API调用成功: 121.306729, 31.196421 -> 青浦区
2025-07-12 01:56:46,912 - INFO - 🔄 正在处理记录 2994: (121.420233, 31.170619)
2025-07-12 01:56:46,912 - INFO - 📈 进度: 2497/3473 (71.9%)
2025-07-12 01:56:47,823 - INFO - ✅ API调用成功: 121.305741, 31.1179 -> 松江区
2025-07-12 01:56:47,833 - INFO - 🔄 正在处理记录 2995: (121.587297, 31.214361)
2025-07-12 01:56:47,833 - INFO - 📈 进度: 2498/3473 (71.9%)
2025-07-12 01:56:48,834 - INFO - ✅ API调用成功: 121.440216, 31.222619 -> 长宁区
2025-07-12 01:56:48,838 - INFO - 🔄 正在处理记录 2996: (121.235179, 31.096497)
2025-07-12 01:56:48,839 - INFO - 📈 进度: 2499/3473 (72.0%)
2025-07-12 01:56:49,889 - INFO - ✅ API调用成功: 121.375222, 31.151879 -> 闵行区
2025-07-12 01:56:49,896 - INFO - 🔄 正在处理记录 2997: (121.199143, 31.25159)
2025-07-12 01:56:49,914 - INFO - ✅ 写入 10 条结果到 /Users/songdingan/Downloads/detect_bus/final_station_ranking_with_district.csv
2025-07-12 01:56:49,914 - INFO - 📈 进度: 2500/3473 (72.0%)
2025-07-12 01:56:50,846 - INFO - ✅ API调用成功: 121.433579, 31.219529 -> 长宁区
2025-07-12 01:56:50,860 - INFO - 🔄 正在处理记录 2998: (121.513529, 31.376096)
2025-07-12 01:56:50,860 - INFO - 📈 进度: 2501/3473 (72.0%)
2025-07-12 01:56:51,853 - INFO - ✅ API调用成功: 121.41255, 31.027729 -> 闵行区
2025-07-12 01:56:51,861 - INFO - 🔄 正在处理记录 2999: (121.455357, 31.318267)
2025-07-12 01:56:51,861 - INFO - 📈 进度: 2502/3473 (72.0%)
2025-07-12 01:56:52,863 - INFO - ✅ API调用成功: 121.425022, 31.018798 -> 闵行区
2025-07-12 01:56:52,869 - INFO - 🔄 正在处理记录 3000: (121.438525, 31.185365)
2025-07-12 01:56:52,869 - INFO - 📈 进度: 2503/3473 (72.1%)
2025-07-12 01:56:53,867 - INFO - ✅ API调用成功: 121.399894, 31.349926 -> 宝山区
2025-07-12 01:56:53,883 - INFO - 🔄 正在处理记录 3001: (121.51863, 31.219914)
2025-07-12 01:56:53,883 - INFO - 📈 进度: 2504/3473 (72.1%)
2025-07-12 01:56:54,898 - INFO - ✅ API调用成功: 121.484992, 31.247787 -> 静安区
2025-07-12 01:56:54,907 - INFO - 🔄 正在处理记录 3002: (121.461653, 31.308096)
2025-07-12 01:56:54,907 - INFO - 📈 进度: 2505/3473 (72.1%)
2025-07-12 01:56:55,900 - INFO - ✅ API调用成功: 121.532588, 31.16531 -> 浦东新区
2025-07-12 01:56:55,906 - INFO - 🔄 正在处理记录 3003: (121.43744, 31.208394)
2025-07-12 01:56:55,906 - INFO - 📈 进度: 2506/3473 (72.2%)
2025-07-12 01:56:56,898 - INFO - ✅ API调用成功: 121.511868, 31.20124 -> 浦东新区
2025-07-12 01:56:56,906 - INFO - 🔄 正在处理记录 3004: (121.446601, 31.044045)
2025-07-12 01:56:56,906 - INFO - 📈 进度: 2507/3473 (72.2%)
2025-07-12 01:56:57,900 - INFO - ✅ API调用成功: 121.577874, 31.09485 -> 浦东新区
2025-07-12 01:56:57,912 - INFO - 🔄 正在处理记录 3005: (121.585246, 31.261802)
2025-07-12 01:56:57,912 - INFO - 📈 进度: 2508/3473 (72.2%)
2025-07-12 01:56:59,000 - INFO - ✅ API调用成功: 121.362134, 31.145533 -> 闵行区
2025-07-12 01:56:59,006 - INFO - 🔄 正在处理记录 3006: (121.472422, 31.288403)
2025-07-12 01:56:59,006 - INFO - 📈 进度: 2509/3473 (72.2%)
2025-07-12 01:56:59,917 - INFO - ✅ API调用成功: 121.226847, 31.28888 -> 嘉定区
2025-07-12 01:56:59,922 - INFO - 🔄 正在处理记录 3007: (121.541035, 31.147088)
2025-07-12 01:56:59,933 - INFO - ✅ 写入 10 条结果到 /Users/songdingan/Downloads/detect_bus/final_station_ranking_with_district.csv
2025-07-12 01:56:59,933 - INFO - 📈 进度: 2510/3473 (72.3%)
2025-07-12 01:57:00,927 - INFO - ✅ API调用成功: 121.234199, 31.18234 -> 青浦区
2025-07-12 01:57:00,933 - INFO - 🔄 正在处理记录 3008: (121.519908, 31.586858)
2025-07-12 01:57:00,933 - INFO - 📈 进度: 2511/3473 (72.3%)
2025-07-12 01:57:02,219 - INFO - ✅ API调用成功: 121.341253, 30.848987 -> 金山区
2025-07-12 01:57:02,223 - INFO - 🔄 正在处理记录 3009: (121.226216, 31.107242)
2025-07-12 01:57:02,223 - INFO - 📈 进度: 2512/3473 (72.3%)
2025-07-12 01:57:02,906 - INFO - ✅ API调用成功: 121.858473, 30.982668 -> 浦东新区
2025-07-12 01:57:02,921 - INFO - 🔄 正在处理记录 3010: (121.212293, 30.933344)
2025-07-12 01:57:02,921 - INFO - 📈 进度: 2513/3473 (72.4%)
2025-07-12 01:57:03,927 - INFO - ✅ API调用成功: 121.294381, 30.882258 -> 金山区
2025-07-12 01:57:03,935 - INFO - 🔄 正在处理记录 3011: (121.863133, 30.983325)
2025-07-12 01:57:03,935 - INFO - 📈 进度: 2514/3473 (72.4%)
2025-07-12 01:57:05,064 - INFO - ✅ API调用成功: 121.494757, 31.213349 -> 黄浦区
2025-07-12 01:57:05,069 - INFO - 🔄 正在处理记录 3012: (121.778973, 31.050096)
2025-07-12 01:57:05,069 - INFO - 📈 进度: 2515/3473 (72.4%)
2025-07-12 01:57:05,933 - INFO - ✅ API调用成功: 121.453271, 30.910806 -> 奉贤区
2025-07-12 01:57:05,937 - INFO - 🔄 正在处理记录 3013: (121.508705, 31.349089)
2025-07-12 01:57:05,937 - INFO - 📈 进度: 2516/3473 (72.4%)
2025-07-12 01:57:06,947 - INFO - ✅ API调用成功: 121.329789, 30.748055 -> 金山区
2025-07-12 01:57:06,951 - INFO - 🔄 正在处理记录 3014: (121.103367, 31.201705)
2025-07-12 01:57:06,951 - INFO - 📈 进度: 2517/3473 (72.5%)
2025-07-12 01:57:07,978 - INFO - ✅ API调用成功: 121.538645, 31.240626 -> 浦东新区
2025-07-12 01:57:07,988 - INFO - 🔄 正在处理记录 3015: (121.791557, 31.055237)
2025-07-12 01:57:07,988 - INFO - 📈 进度: 2518/3473 (72.5%)
2025-07-12 01:57:08,976 - INFO - ✅ API调用成功: 121.380873, 31.301774 -> 宝山区
2025-07-12 01:57:08,994 - INFO - 🔄 正在处理记录 3016: (121.280056, 31.818498)
2025-07-12 01:57:08,994 - INFO - 📈 进度: 2519/3473 (72.5%)
2025-07-12 01:57:09,998 - INFO - ✅ API调用成功: 121.669731, 31.288758 -> 浦东新区
2025-07-12 01:57:10,005 - INFO - 🔄 正在处理记录 3017: (121.441042, 31.10829)
2025-07-12 01:57:10,019 - INFO - ✅ 写入 10 条结果到 /Users/songdingan/Downloads/detect_bus/final_station_ranking_with_district.csv
2025-07-12 01:57:10,019 - INFO - 📈 进度: 2520/3473 (72.6%)
2025-07-12 01:57:11,054 - INFO - ✅ API调用成功: 121.584087, 31.244543 -> 浦东新区
2025-07-12 01:57:11,061 - INFO - 🔄 正在处理记录 3018: (121.630679, 31.280135)
2025-07-12 01:57:11,061 - INFO - 📈 进度: 2521/3473 (72.6%)
2025-07-12 01:57:11,946 - INFO - ✅ API调用成功: 121.824199, 31.015265 -> 浦东新区
2025-07-12 01:57:11,951 - INFO - 🔄 正在处理记录 3019: (121.396955, 31.132838)
2025-07-12 01:57:11,951 - INFO - 📈 进度: 2522/3473 (72.6%)
2025-07-12 01:57:12,968 - INFO - ✅ API调用成功: 121.522712, 31.212205 -> 浦东新区
2025-07-12 01:57:12,984 - INFO - 🔄 正在处理记录 3020: (121.665494, 31.119819)
2025-07-12 01:57:12,984 - INFO - 📈 进度: 2523/3473 (72.6%)
2025-07-12 01:57:13,977 - INFO - ✅ API调用成功: 121.545459, 31.275886 -> 杨浦区
2025-07-12 01:57:13,987 - INFO - 🔄 正在处理记录 3021: (121.487543, 31.37697)
2025-07-12 01:57:13,987 - INFO - 📈 进度: 2524/3473 (72.7%)
2025-07-12 01:57:15,000 - INFO - ✅ API调用成功: 121.505251, 31.262499 -> 虹口区
2025-07-12 01:57:15,007 - INFO - 🔄 正在处理记录 3022: (121.359942, 31.112902)
2025-07-12 01:57:15,007 - INFO - 📈 进度: 2525/3473 (72.7%)
2025-07-12 01:57:16,012 - INFO - ✅ API调用成功: 121.497563, 30.892201 -> 奉贤区
2025-07-12 01:57:16,018 - INFO - 🔄 正在处理记录 3023: (121.520577, 31.320239)
2025-07-12 01:57:16,018 - INFO - 📈 进度: 2526/3473 (72.7%)
2025-07-12 01:57:17,010 - INFO - ✅ API调用成功: 121.381097, 31.212542 -> 长宁区
2025-07-12 01:57:17,017 - INFO - 🔄 正在处理记录 3024: (121.119912, 31.160484)
2025-07-12 01:57:17,018 - INFO - 📈 进度: 2527/3473 (72.8%)
2025-07-12 01:57:17,999 - INFO - ✅ API调用成功: 121.570887, 31.106498 -> 浦东新区
2025-07-12 01:57:18,004 - INFO - 🔄 正在处理记录 3025: (121.382091, 31.081416)
2025-07-12 01:57:18,004 - INFO - 📈 进度: 2528/3473 (72.8%)
2025-07-12 01:57:19,053 - INFO - ✅ API调用成功: 121.590866, 31.274023 -> 浦东新区
2025-07-12 01:57:19,062 - INFO - 🔄 正在处理记录 3026: (121.614428, 31.294416)
2025-07-12 01:57:19,062 - INFO - 📈 进度: 2529/3473 (72.8%)
2025-07-12 01:57:20,075 - INFO - ✅ API调用成功: 121.532041, 31.244924 -> 浦东新区
2025-07-12 01:57:20,080 - INFO - 🔄 正在处理记录 3027: (121.058524, 30.980198)
2025-07-12 01:57:20,090 - INFO - ✅ 写入 10 条结果到 /Users/songdingan/Downloads/detect_bus/final_station_ranking_with_district.csv
2025-07-12 01:57:20,091 - INFO - 📈 进度: 2530/3473 (72.8%)
2025-07-12 01:57:21,026 - INFO - ✅ API调用成功: 121.46614, 31.244081 -> 静安区
2025-07-12 01:57:21,040 - INFO - 🔄 正在处理记录 3028: (121.234398, 31.382662)
2025-07-12 01:57:21,040 - INFO - 📈 进度: 2531/3473 (72.9%)
2025-07-12 01:57:22,054 - INFO - ✅ API调用成功: 121.403917, 31.17981 -> 徐汇区
2025-07-12 01:57:22,060 - INFO - 🔄 正在处理记录 3029: (121.340926, 31.155127)
2025-07-12 01:57:22,060 - INFO - 📈 进度: 2532/3473 (72.9%)
2025-07-12 01:57:23,154 - INFO - ✅ API调用成功: 121.540636, 31.24531 -> 浦东新区
2025-07-12 01:57:23,181 - INFO - 🔄 正在处理记录 3030: (121.522118, 31.178431)
2025-07-12 01:57:23,181 - INFO - 📈 进度: 2533/3473 (72.9%)
2025-07-12 01:57:24,058 - INFO - ✅ API调用成功: 121.392633, 31.174004 -> 闵行区
2025-07-12 01:57:24,064 - INFO - 🔄 正在处理记录 3031: (121.279687, 31.348586)
2025-07-12 01:57:24,064 - INFO - 📈 进度: 2534/3473 (73.0%)
2025-07-12 01:57:25,053 - INFO - ✅ API调用成功: 121.580694, 31.275245 -> 浦东新区
2025-07-12 01:57:25,057 - INFO - 🔄 正在处理记录 3032: (121.392364, 31.323914)
2025-07-12 01:57:25,057 - INFO - 📈 进度: 2535/3473 (73.0%)
2025-07-12 01:57:26,064 - INFO - ✅ API调用成功: 121.134586, 31.248086 -> 青浦区
2025-07-12 01:57:26,069 - INFO - 🔄 正在处理记录 3033: (121.267368, 31.368952)
2025-07-12 01:57:26,069 - INFO - 📈 进度: 2536/3473 (73.0%)
2025-07-12 01:57:27,068 - INFO - ✅ API调用成功: 121.420233, 31.170619 -> 徐汇区
2025-07-12 01:57:27,075 - INFO - 🔄 正在处理记录 3034: (121.280103, 31.462124)
2025-07-12 01:57:27,075 - INFO - 📈 进度: 2537/3473 (73.0%)
2025-07-12 01:57:28,051 - INFO - ✅ API调用成功: 121.587297, 31.214361 -> 浦东新区
2025-07-12 01:57:28,055 - INFO - 🔄 正在处理记录 3035: (121.305693, 31.271674)
2025-07-12 01:57:28,055 - INFO - 📈 进度: 2538/3473 (73.1%)
2025-07-12 01:57:29,080 - INFO - ✅ API调用成功: 121.235179, 31.096497 -> 松江区
2025-07-12 01:57:29,091 - INFO - 🔄 正在处理记录 3036: (121.5617, 31.15051)
2025-07-12 01:57:29,091 - INFO - 📈 进度: 2539/3473 (73.1%)
2025-07-12 01:57:30,082 - INFO - ✅ API调用成功: 121.199143, 31.25159 -> 青浦区
2025-07-12 01:57:30,089 - INFO - 🔄 正在处理记录 3037: (121.581481, 31.152629)
2025-07-12 01:57:30,109 - INFO - ✅ 写入 10 条结果到 /Users/songdingan/Downloads/detect_bus/final_station_ranking_with_district.csv
2025-07-12 01:57:30,109 - INFO - 📈 进度: 2540/3473 (73.1%)
2025-07-12 01:57:31,092 - INFO - ✅ API调用成功: 121.513529, 31.376096 -> 浦东新区
2025-07-12 01:57:31,097 - INFO - 🔄 正在处理记录 3038: (121.698105, 31.196253)
2025-07-12 01:57:31,097 - INFO - 📈 进度: 2541/3473 (73.2%)
2025-07-12 01:57:32,108 - INFO - ✅ API调用成功: 121.455357, 31.318267 -> 静安区
2025-07-12 01:57:32,126 - INFO - 🔄 正在处理记录 3039: (121.444264, 31.285175)
2025-07-12 01:57:32,127 - INFO - 📈 进度: 2542/3473 (73.2%)
2025-07-12 01:57:33,120 - INFO - ✅ API调用成功: 121.438525, 31.185365 -> 徐汇区
2025-07-12 01:57:33,128 - INFO - 🔄 正在处理记录 3040: (121.732603, 30.899295)
2025-07-12 01:57:33,128 - INFO - 📈 进度: 2543/3473 (73.2%)
2025-07-12 01:57:34,110 - INFO - ✅ API调用成功: 121.51863, 31.219914 -> 浦东新区
2025-07-12 01:57:34,115 - INFO - 🔄 正在处理记录 3041: (121.721001, 30.943602)
2025-07-12 01:57:34,116 - INFO - 📈 进度: 2544/3473 (73.3%)
2025-07-12 01:57:35,160 - INFO - ✅ API调用成功: 121.461653, 31.308096 -> 静安区
2025-07-12 01:57:35,165 - INFO - 🔄 正在处理记录 3042: (121.321861, 31.477908)
2025-07-12 01:57:35,165 - INFO - 📈 进度: 2545/3473 (73.3%)
2025-07-12 01:57:36,140 - INFO - ✅ API调用成功: 121.43744, 31.208394 -> 长宁区
2025-07-12 01:57:36,144 - INFO - 🔄 正在处理记录 3043: (121.675784, 31.2782)
2025-07-12 01:57:36,144 - INFO - 📈 进度: 2546/3473 (73.3%)
2025-07-12 01:57:37,144 - INFO - ✅ API调用成功: 121.446601, 31.044045 -> 闵行区
2025-07-12 01:57:37,150 - INFO - 🔄 正在处理记录 3044: (121.433215, 31.204345)
2025-07-12 01:57:37,151 - INFO - 📈 进度: 2547/3473 (73.3%)
2025-07-12 01:57:38,311 - INFO - ✅ API调用成功: 121.585246, 31.261802 -> 浦东新区
2025-07-12 01:57:38,319 - INFO - 🔄 正在处理记录 3045: (121.046578, 31.101903)
2025-07-12 01:57:38,319 - INFO - 📈 进度: 2548/3473 (73.4%)
2025-07-12 01:57:39,152 - INFO - ✅ API调用成功: 121.472422, 31.288403 -> 虹口区
2025-07-12 01:57:39,156 - INFO - 🔄 正在处理记录 3046: (121.423672, 31.362191)
2025-07-12 01:57:39,156 - INFO - 📈 进度: 2549/3473 (73.4%)
2025-07-12 01:57:40,170 - INFO - ✅ API调用成功: 121.541035, 31.147088 -> 浦东新区
2025-07-12 01:57:40,176 - INFO - 🔄 正在处理记录 3047: (121.349627, 31.099715)
2025-07-12 01:57:40,196 - INFO - ✅ 写入 10 条结果到 /Users/songdingan/Downloads/detect_bus/final_station_ranking_with_district.csv
2025-07-12 01:57:40,196 - INFO - 📈 进度: 2550/3473 (73.4%)
2025-07-12 01:57:41,268 - INFO - ✅ API调用成功: 121.519908, 31.586858 -> 崇明区
2025-07-12 01:57:41,276 - INFO - 🔄 正在处理记录 3048: (121.449511, 31.396235)
2025-07-12 01:57:41,276 - INFO - 📈 进度: 2551/3473 (73.5%)
2025-07-12 01:57:42,171 - INFO - ✅ API调用成功: 121.226216, 31.107242 -> 松江区
2025-07-12 01:57:42,183 - INFO - 🔄 正在处理记录 3049: (121.114298, 31.286068)
2025-07-12 01:57:42,183 - INFO - 📈 进度: 2552/3473 (73.5%)
2025-07-12 01:57:43,173 - INFO - ✅ API调用成功: 121.212293, 30.933344 -> 松江区
2025-07-12 01:57:43,178 - INFO - 🔄 正在处理记录 3050: (121.343193, 31.415627)
2025-07-12 01:57:43,178 - INFO - 📈 进度: 2553/3473 (73.5%)
2025-07-12 01:57:44,201 - INFO - ✅ API调用成功: 121.863133, 30.983325 -> 浦东新区
2025-07-12 01:57:44,205 - INFO - 🔄 正在处理记录 3051: (121.323047, 30.871556)
2025-07-12 01:57:44,205 - INFO - 📈 进度: 2554/3473 (73.5%)
2025-07-12 01:57:45,194 - INFO - ✅ API调用成功: 121.778973, 31.050096 -> 浦东新区
2025-07-12 01:57:45,199 - INFO - 🔄 正在处理记录 3052: (121.331746, 30.862435)
2025-07-12 01:57:45,199 - INFO - 📈 进度: 2555/3473 (73.6%)
2025-07-12 01:57:46,200 - INFO - ✅ API调用成功: 121.508705, 31.349089 -> 宝山区
2025-07-12 01:57:46,205 - INFO - 🔄 正在处理记录 3053: (121.589336, 31.095451)
2025-07-12 01:57:46,205 - INFO - 📈 进度: 2556/3473 (73.6%)
2025-07-12 01:57:47,278 - INFO - ✅ API调用成功: 121.103367, 31.201705 -> 青浦区
2025-07-12 01:57:47,283 - INFO - 🔄 正在处理记录 3054: (121.603471, 31.193106)
2025-07-12 01:57:47,283 - INFO - 📈 进度: 2557/3473 (73.6%)
2025-07-12 01:57:48,249 - INFO - ✅ API调用成功: 121.791557, 31.055237 -> 浦东新区
2025-07-12 01:57:48,256 - INFO - 🔄 正在处理记录 3055: (121.658283, 31.299761)
2025-07-12 01:57:48,256 - INFO - 📈 进度: 2558/3473 (73.7%)
2025-07-12 01:57:49,226 - INFO - ✅ API调用成功: 121.280056, 31.818498 -> 崇明区
2025-07-12 01:57:49,232 - INFO - 🔄 正在处理记录 3056: (121.565374, 30.95146)
2025-07-12 01:57:49,232 - INFO - 📈 进度: 2559/3473 (73.7%)
2025-07-12 01:57:50,237 - INFO - ✅ API调用成功: 121.441042, 31.10829 -> 闵行区
2025-07-12 01:57:50,245 - INFO - 🔄 正在处理记录 3057: (121.528179, 31.030746)
2025-07-12 01:57:50,261 - INFO - ✅ 写入 10 条结果到 /Users/songdingan/Downloads/detect_bus/final_station_ranking_with_district.csv
2025-07-12 01:57:50,261 - INFO - 📈 进度: 2560/3473 (73.7%)
2025-07-12 01:57:51,220 - INFO - ✅ API调用成功: 121.630679, 31.280135 -> 浦东新区
2025-07-12 01:57:51,235 - INFO - 🔄 正在处理记录 3058: (121.561275, 30.981427)
2025-07-12 01:57:51,235 - INFO - 📈 进度: 2561/3473 (73.7%)
2025-07-12 01:57:52,230 - INFO - ✅ API调用成功: 121.396955, 31.132838 -> 闵行区
2025-07-12 01:57:52,235 - INFO - 🔄 正在处理记录 3059: (121.217199, 31.040283)
2025-07-12 01:57:52,235 - INFO - 📈 进度: 2562/3473 (73.8%)
2025-07-12 01:57:53,268 - INFO - ✅ API调用成功: 121.665494, 31.119819 -> 浦东新区
2025-07-12 01:57:53,277 - INFO - 🔄 正在处理记录 3060: (121.522349, 31.066699)
2025-07-12 01:57:53,277 - INFO - 📈 进度: 2563/3473 (73.8%)
2025-07-12 01:57:54,244 - INFO - ✅ API调用成功: 121.487543, 31.37697 -> 宝山区
2025-07-12 01:57:54,248 - INFO - 🔄 正在处理记录 3061: (121.41473, 30.901268)
2025-07-12 01:57:54,249 - INFO - 📈 进度: 2564/3473 (73.8%)
2025-07-12 01:57:55,280 - INFO - ✅ API调用成功: 121.359942, 31.112902 -> 松江区
2025-07-12 01:57:55,505 - INFO - 🔄 正在处理记录 3062: (121.479698, 31.339191)
2025-07-12 01:57:55,506 - INFO - 📈 进度: 2565/3473 (73.9%)
2025-07-12 01:57:56,293 - INFO - ✅ API调用成功: 121.520577, 31.320239 -> 杨浦区
2025-07-12 01:57:56,308 - INFO - 🔄 正在处理记录 3063: (121.574572, 31.136189)
2025-07-12 01:57:56,308 - INFO - 📈 进度: 2566/3473 (73.9%)
2025-07-12 01:57:57,253 - INFO - ✅ API调用成功: 121.119912, 31.160484 -> 青浦区
2025-07-12 01:57:57,260 - INFO - 🔄 正在处理记录 3064: (121.652534, 31.254188)
2025-07-12 01:57:57,260 - INFO - 📈 进度: 2567/3473 (73.9%)
2025-07-12 01:57:58,292 - INFO - ✅ API调用成功: 121.382091, 31.081416 -> 闵行区
2025-07-12 01:57:58,300 - INFO - 🔄 正在处理记录 3065: (121.709736, 31.238466)
2025-07-12 01:57:58,300 - INFO - 📈 进度: 2568/3473 (73.9%)
2025-07-12 01:57:59,341 - INFO - ✅ API调用成功: 121.614428, 31.294416 -> 浦东新区
2025-07-12 01:57:59,346 - INFO - 🔄 正在处理记录 3066: (121.427347, 31.336197)
2025-07-12 01:57:59,346 - INFO - 📈 进度: 2569/3473 (74.0%)
2025-07-12 01:58:00,299 - INFO - ✅ API调用成功: 121.058524, 30.980198 -> 青浦区
2025-07-12 01:58:00,318 - INFO - 🔄 正在处理记录 3067: (121.35363, 31.145225)
2025-07-12 01:58:00,336 - INFO - ✅ 写入 10 条结果到 /Users/songdingan/Downloads/detect_bus/final_station_ranking_with_district.csv
2025-07-12 01:58:00,336 - INFO - 📈 进度: 2570/3473 (74.0%)
2025-07-12 01:58:01,312 - INFO - ✅ API调用成功: 121.234398, 31.382662 -> 嘉定区
2025-07-12 01:58:01,319 - INFO - 🔄 正在处理记录 3068: (121.352394, 31.139714)
2025-07-12 01:58:01,320 - INFO - 📈 进度: 2571/3473 (74.0%)
2025-07-12 01:58:02,316 - INFO - ✅ API调用成功: 121.340926, 31.155127 -> 闵行区
2025-07-12 01:58:02,321 - INFO - 🔄 正在处理记录 3069: (121.270091, 31.349688)
2025-07-12 01:58:02,321 - INFO - 📈 进度: 2572/3473 (74.1%)
2025-07-12 01:58:03,310 - INFO - ✅ API调用成功: 121.522118, 31.178431 -> 浦东新区
2025-07-12 01:58:03,318 - INFO - 🔄 正在处理记录 3070: (121.429503, 30.938658)
2025-07-12 01:58:03,318 - INFO - 📈 进度: 2573/3473 (74.1%)
2025-07-12 01:58:04,310 - INFO - ✅ API调用成功: 121.279687, 31.348586 -> 嘉定区
2025-07-12 01:58:04,328 - INFO - 🔄 正在处理记录 3071: (121.436044, 31.312355)
2025-07-12 01:58:04,328 - INFO - 📈 进度: 2574/3473 (74.1%)
2025-07-12 01:58:05,317 - INFO - ✅ API调用成功: 121.392364, 31.323914 -> 宝山区
2025-07-12 01:58:05,323 - INFO - 🔄 正在处理记录 3072: (121.571136, 31.113438)
2025-07-12 01:58:05,323 - INFO - 📈 进度: 2575/3473 (74.1%)
2025-07-12 01:58:06,314 - INFO - ✅ API调用成功: 121.267368, 31.368952 -> 嘉定区
2025-07-12 01:58:06,319 - INFO - 🔄 正在处理记录 3073: (121.263427, 31.246881)
2025-07-12 01:58:06,319 - INFO - 📈 进度: 2576/3473 (74.2%)
2025-07-12 01:58:07,450 - INFO - ✅ API调用成功: 121.280103, 31.462124 -> 嘉定区
2025-07-12 01:58:07,455 - INFO - 🔄 正在处理记录 3074: (121.347576, 31.689404)
2025-07-12 01:58:07,455 - INFO - 📈 进度: 2577/3473 (74.2%)
2025-07-12 01:58:08,340 - INFO - ✅ API调用成功: 121.305693, 31.271674 -> 嘉定区
2025-07-12 01:58:08,346 - INFO - 🔄 正在处理记录 3075: (121.612933, 31.332268)
2025-07-12 01:58:08,346 - INFO - 📈 进度: 2578/3473 (74.2%)
2025-07-12 01:58:09,346 - INFO - ✅ API调用成功: 121.5617, 31.15051 -> 浦东新区
2025-07-12 01:58:09,379 - INFO - 🔄 正在处理记录 3076: (121.356069, 31.68276)
2025-07-12 01:58:09,380 - INFO - 📈 进度: 2579/3473 (74.3%)
2025-07-12 01:58:10,359 - INFO - ✅ API调用成功: 121.581481, 31.152629 -> 浦东新区
2025-07-12 01:58:10,378 - INFO - 🔄 正在处理记录 3077: (121.380632, 31.034707)
2025-07-12 01:58:10,392 - INFO - ✅ 写入 10 条结果到 /Users/songdingan/Downloads/detect_bus/final_station_ranking_with_district.csv
2025-07-12 01:58:10,393 - INFO - 📈 进度: 2580/3473 (74.3%)
2025-07-12 01:58:11,426 - INFO - ✅ API调用成功: 121.698105, 31.196253 -> 浦东新区
2025-07-12 01:58:11,434 - INFO - 🔄 正在处理记录 3078: (121.24294, 31.044648)
2025-07-12 01:58:11,435 - INFO - 📈 进度: 2581/3473 (74.3%)
2025-07-12 01:58:12,331 - INFO - ✅ API调用成功: 121.444264, 31.285175 -> 静安区
2025-07-12 01:58:12,335 - INFO - 🔄 正在处理记录 3079: (121.405037, 31.00416)
2025-07-12 01:58:12,336 - INFO - 📈 进度: 2582/3473 (74.3%)
2025-07-12 01:58:13,396 - INFO - ✅ API调用成功: 121.732603, 30.899295 -> 奉贤区
2025-07-12 01:58:13,401 - INFO - 🔄 正在处理记录 3080: (121.691708, 31.261049)
2025-07-12 01:58:13,401 - INFO - 📈 进度: 2583/3473 (74.4%)
2025-07-12 01:58:14,365 - INFO - ✅ API调用成功: 121.721001, 30.943602 -> 奉贤区
2025-07-12 01:58:14,372 - INFO - 🔄 正在处理记录 3081: (121.158686, 31.355938)
2025-07-12 01:58:14,372 - INFO - 📈 进度: 2584/3473 (74.4%)
2025-07-12 01:58:15,379 - INFO - ✅ API调用成功: 121.321861, 31.477908 -> 宝山区
2025-07-12 01:58:15,395 - INFO - 🔄 正在处理记录 3082: (121.543297, 31.171707)
2025-07-12 01:58:15,395 - INFO - 📈 进度: 2585/3473 (74.4%)
2025-07-12 01:58:16,376 - INFO - ✅ API调用成功: 121.675784, 31.2782 -> 浦东新区
2025-07-12 01:58:16,382 - INFO - 🔄 正在处理记录 3083: (121.25077, 31.093225)
2025-07-12 01:58:16,382 - INFO - 📈 进度: 2586/3473 (74.5%)
2025-07-12 01:58:17,396 - INFO - ✅ API调用成功: 121.433215, 31.204345 -> 徐汇区
2025-07-12 01:58:17,403 - INFO - 🔄 正在处理记录 3084: (121.509958, 31.193613)
2025-07-12 01:58:17,403 - INFO - 📈 进度: 2587/3473 (74.5%)
2025-07-12 01:58:18,380 - INFO - ✅ API调用成功: 121.046578, 31.101903 -> 青浦区
2025-07-12 01:58:18,386 - INFO - 🔄 正在处理记录 3085: (121.466864, 31.213751)
2025-07-12 01:58:18,386 - INFO - 📈 进度: 2588/3473 (74.5%)
2025-07-12 01:58:19,415 - INFO - ✅ API调用成功: 121.423672, 31.362191 -> 宝山区
2025-07-12 01:58:19,419 - INFO - 🔄 正在处理记录 3086: (121.534325, 31.309857)
2025-07-12 01:58:19,419 - INFO - 📈 进度: 2589/3473 (74.5%)
2025-07-12 01:58:20,423 - INFO - ✅ API调用成功: 121.349627, 31.099715 -> 松江区
2025-07-12 01:58:20,441 - INFO - 🔄 正在处理记录 3087: (121.807433, 30.910144)
2025-07-12 01:58:20,458 - INFO - ✅ 写入 10 条结果到 /Users/songdingan/Downloads/detect_bus/final_station_ranking_with_district.csv
2025-07-12 01:58:20,458 - INFO - 📈 进度: 2590/3473 (74.6%)
2025-07-12 01:58:21,415 - INFO - ✅ API调用成功: 121.449511, 31.396235 -> 宝山区
2025-07-12 01:58:21,422 - INFO - 🔄 正在处理记录 3088: (121.502069, 31.191607)
2025-07-12 01:58:21,422 - INFO - 📈 进度: 2591/3473 (74.6%)
2025-07-12 01:58:22,420 - INFO - ✅ API调用成功: 121.114298, 31.286068 -> 昆山市
2025-07-12 01:58:22,426 - INFO - 🔄 正在处理记录 3089: (121.773346, 31.345632)
2025-07-12 01:58:22,426 - INFO - 📈 进度: 2592/3473 (74.6%)
2025-07-12 01:58:23,541 - INFO - ✅ API调用成功: 121.343193, 31.415627 -> 宝山区
2025-07-12 01:58:23,546 - INFO - 🔄 正在处理记录 3090: (121.461828, 31.211591)
2025-07-12 01:58:23,546 - INFO - 📈 进度: 2593/3473 (74.7%)
2025-07-12 01:58:24,407 - INFO - ✅ API调用成功: 121.323047, 30.871556 -> 金山区
2025-07-12 01:58:24,413 - INFO - 🔄 正在处理记录 3091: (121.393072, 30.90404)
2025-07-12 01:58:24,413 - INFO - 📈 进度: 2594/3473 (74.7%)
2025-07-12 01:58:25,421 - INFO - ✅ API调用成功: 121.331746, 30.862435 -> 金山区
2025-07-12 01:58:25,427 - INFO - 🔄 正在处理记录 3092: (121.467777, 30.907045)
2025-07-12 01:58:25,427 - INFO - 📈 进度: 2595/3473 (74.7%)
2025-07-12 01:58:26,495 - INFO - ✅ API调用成功: 121.589336, 31.095451 -> 浦东新区
2025-07-12 01:58:26,500 - INFO - 🔄 正在处理记录 3093: (121.449627, 31.237126)
2025-07-12 01:58:26,500 - INFO - 📈 进度: 2596/3473 (74.7%)
2025-07-12 01:58:27,480 - INFO - ✅ API调用成功: 121.603471, 31.193106 -> 浦东新区
2025-07-12 01:58:27,485 - INFO - 🔄 正在处理记录 3094: (121.526996, 31.066261)
2025-07-12 01:58:27,485 - INFO - 📈 进度: 2597/3473 (74.8%)
2025-07-12 01:58:28,459 - INFO - ✅ API调用成功: 121.658283, 31.299761 -> 浦东新区
2025-07-12 01:58:28,463 - INFO - 🔄 正在处理记录 3095: (121.199251, 31.25129)
2025-07-12 01:58:28,464 - INFO - 📈 进度: 2598/3473 (74.8%)
2025-07-12 01:58:29,469 - INFO - ✅ API调用成功: 121.565374, 30.95146 -> 奉贤区
2025-07-12 01:58:29,478 - INFO - 🔄 正在处理记录 3096: (121.46221, 31.232801)
2025-07-12 01:58:29,478 - INFO - 📈 进度: 2599/3473 (74.8%)
2025-07-12 01:58:30,473 - INFO - ✅ API调用成功: 121.528179, 31.030746 -> 闵行区
2025-07-12 01:58:30,491 - INFO - 🔄 正在处理记录 3097: (121.596008, 31.042215)
2025-07-12 01:58:30,505 - INFO - ✅ 写入 10 条结果到 /Users/songdingan/Downloads/detect_bus/final_station_ranking_with_district.csv
2025-07-12 01:58:30,506 - INFO - 📈 进度: 2600/3473 (74.9%)
2025-07-12 01:58:31,464 - INFO - ✅ API调用成功: 121.561275, 30.981427 -> 奉贤区
2025-07-12 01:58:31,470 - INFO - 🔄 正在处理记录 3098: (121.414125, 31.225398)
2025-07-12 01:58:31,470 - INFO - 📈 进度: 2601/3473 (74.9%)
2025-07-12 01:58:32,498 - INFO - ✅ API调用成功: 121.217199, 31.040283 -> 松江区
2025-07-12 01:58:32,504 - INFO - 🔄 正在处理记录 3099: (121.247758, 31.002355)
2025-07-12 01:58:32,504 - INFO - 📈 进度: 2602/3473 (74.9%)
2025-07-12 01:58:33,486 - INFO - ✅ API调用成功: 121.522349, 31.066699 -> 闵行区
2025-07-12 01:58:33,493 - INFO - 🔄 正在处理记录 3100: (121.21798, 31.010176)
2025-07-12 01:58:33,493 - INFO - 📈 进度: 2603/3473 (74.9%)
2025-07-12 01:58:34,498 - INFO - ✅ API调用成功: 121.41473, 30.901268 -> 奉贤区
2025-07-12 01:58:34,503 - INFO - 🔄 正在处理记录 3101: (121.231949, 31.011084)
2025-07-12 01:58:34,503 - INFO - 📈 进度: 2604/3473 (75.0%)
2025-07-12 01:58:35,541 - INFO - ✅ API调用成功: 121.479698, 31.339191 -> 宝山区
2025-07-12 01:58:35,558 - INFO - 🔄 正在处理记录 3102: (121.206013, 31.018468)
2025-07-12 01:58:35,558 - INFO - 📈 进度: 2605/3473 (75.0%)
2025-07-12 01:58:36,504 - INFO - ✅ API调用成功: 121.574572, 31.136189 -> 浦东新区
2025-07-12 01:58:36,509 - INFO - 🔄 正在处理记录 3103: (121.190596, 31.024985)
2025-07-12 01:58:36,509 - INFO - 📈 进度: 2606/3473 (75.0%)
2025-07-12 01:58:37,510 - INFO - ✅ API调用成功: 121.652534, 31.254188 -> 浦东新区
2025-07-12 01:58:37,532 - INFO - 🔄 正在处理记录 3104: (121.563897, 31.244082)
2025-07-12 01:58:37,532 - INFO - 📈 进度: 2607/3473 (75.1%)
2025-07-12 01:58:38,565 - INFO - ✅ API调用成功: 121.709736, 31.238466 -> 浦东新区
2025-07-12 01:58:38,569 - INFO - 🔄 正在处理记录 3105: (121.513221, 31.255179)
2025-07-12 01:58:38,570 - INFO - 📈 进度: 2608/3473 (75.1%)
2025-07-12 01:58:39,500 - INFO - ✅ API调用成功: 121.427347, 31.336197 -> 宝山区
2025-07-12 01:58:39,502 - INFO - 🔄 正在处理记录 3106: (121.433431, 31.229844)
2025-07-12 01:58:39,502 - INFO - 📈 进度: 2609/3473 (75.1%)
2025-07-12 01:58:40,519 - INFO - ✅ API调用成功: 121.35363, 31.145225 -> 闵行区
2025-07-12 01:58:40,525 - INFO - 🔄 正在处理记录 3107: (121.563615, 31.252073)
2025-07-12 01:58:40,534 - INFO - ✅ 写入 10 条结果到 /Users/songdingan/Downloads/detect_bus/final_station_ranking_with_district.csv
2025-07-12 01:58:40,535 - INFO - 📈 进度: 2610/3473 (75.2%)
2025-07-12 01:58:41,509 - INFO - ✅ API调用成功: 121.352394, 31.139714 -> 闵行区
2025-07-12 01:58:41,514 - INFO - 🔄 正在处理记录 3108: (121.47369, 31.227945)
2025-07-12 01:58:41,514 - INFO - 📈 进度: 2611/3473 (75.2%)
2025-07-12 01:58:42,522 - INFO - ✅ API调用成功: 121.270091, 31.349688 -> 嘉定区
2025-07-12 01:58:42,535 - INFO - 🔄 正在处理记录 3109: (121.333633, 31.077676)
2025-07-12 01:58:42,535 - INFO - 📈 进度: 2612/3473 (75.2%)
2025-07-12 01:58:43,518 - INFO - ✅ API调用成功: 121.429503, 30.938658 -> 奉贤区
2025-07-12 01:58:43,530 - INFO - 🔄 正在处理记录 3110: (121.558973, 31.192028)
2025-07-12 01:58:43,530 - INFO - 📈 进度: 2613/3473 (75.2%)
2025-07-12 01:58:44,541 - INFO - ✅ API调用成功: 121.436044, 31.312355 -> 宝山区
2025-07-12 01:58:44,544 - INFO - 🔄 正在处理记录 3111: (121.573316, 31.12156)
2025-07-12 01:58:44,544 - INFO - 📈 进度: 2614/3473 (75.3%)
2025-07-12 01:58:45,553 - INFO - ✅ API调用成功: 121.571136, 31.113438 -> 浦东新区
2025-07-12 01:58:45,587 - INFO - 🔄 正在处理记录 3112: (121.431765, 31.626976)
2025-07-12 01:58:45,587 - INFO - 📈 进度: 2615/3473 (75.3%)
2025-07-12 01:58:46,559 - INFO - ✅ API调用成功: 121.263427, 31.246881 -> 闵行区
2025-07-12 01:58:46,576 - INFO - 🔄 正在处理记录 3113: (121.646161, 30.898901)
2025-07-12 01:58:46,576 - INFO - 📈 进度: 2616/3473 (75.3%)
2025-07-12 01:58:47,567 - INFO - ✅ API调用成功: 121.347576, 31.689404 -> 崇明区
2025-07-12 01:58:47,571 - INFO - 🔄 正在处理记录 3114: (121.404147, 31.132629)
2025-07-12 01:58:47,571 - INFO - 📈 进度: 2617/3473 (75.4%)
2025-07-12 01:58:48,572 - INFO - ✅ API调用成功: 121.612933, 31.332268 -> 浦东新区
2025-07-12 01:58:48,579 - INFO - 🔄 正在处理记录 3115: (121.372199, 31.174595)
2025-07-12 01:58:48,579 - INFO - 📈 进度: 2618/3473 (75.4%)
2025-07-12 01:58:49,576 - INFO - ✅ API调用成功: 121.356069, 31.68276 -> 崇明区
2025-07-12 01:58:49,578 - INFO - 🔄 正在处理记录 3116: (121.703361, 31.070788)
2025-07-12 01:58:49,578 - INFO - 📈 进度: 2619/3473 (75.4%)
2025-07-12 01:58:50,615 - INFO - ✅ API调用成功: 121.380632, 31.034707 -> 闵行区
2025-07-12 01:58:50,620 - INFO - 🔄 正在处理记录 3117: (121.708833, 31.071078)
2025-07-12 01:58:50,635 - INFO - ✅ 写入 10 条结果到 /Users/songdingan/Downloads/detect_bus/final_station_ranking_with_district.csv
2025-07-12 01:58:50,635 - INFO - 📈 进度: 2620/3473 (75.4%)
2025-07-12 01:58:51,594 - INFO - ✅ API调用成功: 121.24294, 31.044648 -> 松江区
2025-07-12 01:58:51,599 - INFO - 🔄 正在处理记录 3118: (121.691062, 31.037751)
2025-07-12 01:58:51,599 - INFO - 📈 进度: 2621/3473 (75.5%)
2025-07-12 01:58:52,609 - INFO - ✅ API调用成功: 121.405037, 31.00416 -> 闵行区
2025-07-12 01:58:52,619 - INFO - 🔄 正在处理记录 3119: (121.500645, 31.079734)
2025-07-12 01:58:52,619 - INFO - 📈 进度: 2622/3473 (75.5%)
2025-07-12 01:58:53,650 - INFO - ✅ API调用成功: 121.691708, 31.261049 -> 浦东新区
2025-07-12 01:58:53,655 - INFO - 🔄 正在处理记录 3120: (121.53738, 31.183383)
2025-07-12 01:58:53,656 - INFO - 📈 进度: 2623/3473 (75.5%)
2025-07-12 01:58:54,589 - INFO - ✅ API调用成功: 121.158686, 31.355938 -> 嘉定区
2025-07-12 01:58:54,591 - INFO - 🔄 正在处理记录 3121: (121.655786, 31.204492)
2025-07-12 01:58:54,591 - INFO - 📈 进度: 2624/3473 (75.6%)
2025-07-12 01:58:55,650 - INFO - ✅ API调用成功: 121.543297, 31.171707 -> 浦东新区
2025-07-12 01:58:55,655 - INFO - 🔄 正在处理记录 3122: (121.257546, 31.387102)
2025-07-12 01:58:55,655 - INFO - 📈 进度: 2625/3473 (75.6%)
2025-07-12 01:58:56,613 - INFO - ✅ API调用成功: 121.25077, 31.093225 -> 松江区
2025-07-12 01:58:56,618 - INFO - 🔄 正在处理记录 3123: (121.423324, 31.15809)
2025-07-12 01:58:56,618 - INFO - 📈 进度: 2626/3473 (75.6%)
2025-07-12 01:58:57,635 - INFO - ✅ API调用成功: 121.509958, 31.193613 -> 浦东新区
2025-07-12 01:58:57,640 - INFO - 🔄 正在处理记录 3124: (121.231859, 31.396216)
2025-07-12 01:58:57,641 - INFO - 📈 进度: 2627/3473 (75.6%)
2025-07-12 01:58:58,659 - INFO - ✅ API调用成功: 121.466864, 31.213751 -> 徐汇区
2025-07-12 01:58:58,676 - INFO - 🔄 正在处理记录 3125: (121.618336, 31.543784)
2025-07-12 01:58:58,676 - INFO - 📈 进度: 2628/3473 (75.7%)
2025-07-12 01:58:59,676 - INFO - ✅ API调用成功: 121.534325, 31.309857 -> 杨浦区
2025-07-12 01:58:59,680 - INFO - 🔄 正在处理记录 3126: (121.328521, 31.438129)
2025-07-12 01:58:59,680 - INFO - 📈 进度: 2629/3473 (75.7%)
2025-07-12 01:59:00,658 - INFO - ✅ API调用成功: 121.807433, 30.910144 -> 浦东新区
2025-07-12 01:59:00,678 - INFO - 🔄 正在处理记录 3127: (121.432649, 31.34288)
2025-07-12 01:59:00,689 - INFO - ✅ 写入 10 条结果到 /Users/songdingan/Downloads/detect_bus/final_station_ranking_with_district.csv
2025-07-12 01:59:00,689 - INFO - 📈 进度: 2630/3473 (75.7%)
2025-07-12 01:59:01,647 - INFO - ✅ API调用成功: 121.502069, 31.191607 -> 浦东新区
2025-07-12 01:59:01,668 - INFO - 🔄 正在处理记录 3128: (121.227296, 30.832349)
2025-07-12 01:59:01,668 - INFO - 📈 进度: 2631/3473 (75.8%)
2025-07-12 01:59:02,646 - INFO - ✅ API调用成功: 121.773346, 31.345632 -> 崇明区
2025-07-12 01:59:02,651 - INFO - 🔄 正在处理记录 3129: (121.460183, 31.043111)
2025-07-12 01:59:02,651 - INFO - 📈 进度: 2632/3473 (75.8%)
2025-07-12 01:59:03,673 - INFO - ✅ API调用成功: 121.461828, 31.211591 -> 徐汇区
2025-07-12 01:59:03,679 - INFO - 🔄 正在处理记录 3130: (121.144294, 30.812419)
2025-07-12 01:59:03,679 - INFO - 📈 进度: 2633/3473 (75.8%)
2025-07-12 01:59:04,871 - INFO - ✅ API调用成功: 121.393072, 30.90404 -> 奉贤区
2025-07-12 01:59:04,877 - INFO - 🔄 正在处理记录 3131: (121.508644, 31.086147)
2025-07-12 01:59:04,877 - INFO - 📈 进度: 2634/3473 (75.8%)
2025-07-12 01:59:05,695 - INFO - ✅ API调用成功: 121.467777, 30.907045 -> 奉贤区
2025-07-12 01:59:05,701 - INFO - 🔄 正在处理记录 3132: (121.409249, 31.18587)
2025-07-12 01:59:05,702 - INFO - 📈 进度: 2635/3473 (75.9%)
2025-07-12 01:59:06,691 - INFO - ✅ API调用成功: 121.449627, 31.237126 -> 静安区
2025-07-12 01:59:06,697 - INFO - 🔄 正在处理记录 3133: (121.430336, 30.985792)
2025-07-12 01:59:06,697 - INFO - 📈 进度: 2636/3473 (75.9%)
2025-07-12 01:59:07,878 - INFO - ✅ API调用成功: 121.526996, 31.066261 -> 闵行区
2025-07-12 01:59:07,883 - INFO - 🔄 正在处理记录 3134: (121.500198, 31.105048)
2025-07-12 01:59:07,883 - INFO - 📈 进度: 2637/3473 (75.9%)
2025-07-12 01:59:08,667 - INFO - ✅ API调用成功: 121.199251, 31.25129 -> 青浦区
2025-07-12 01:59:08,671 - INFO - 🔄 正在处理记录 3135: (121.434994, 31.216983)
2025-07-12 01:59:08,672 - INFO - 📈 进度: 2638/3473 (76.0%)
2025-07-12 01:59:09,712 - INFO - ✅ API调用成功: 121.46221, 31.232801 -> 静安区
2025-07-12 01:59:09,729 - INFO - 🔄 正在处理记录 3136: (121.587349, 31.130545)
2025-07-12 01:59:09,729 - INFO - 📈 进度: 2639/3473 (76.0%)
2025-07-12 01:59:10,699 - INFO - ✅ API调用成功: 121.596008, 31.042215 -> 浦东新区
2025-07-12 01:59:10,708 - INFO - 🔄 正在处理记录 3137: (121.511886, 31.269406)
2025-07-12 01:59:10,721 - INFO - ✅ 写入 10 条结果到 /Users/songdingan/Downloads/detect_bus/final_station_ranking_with_district.csv
2025-07-12 01:59:10,722 - INFO - 📈 进度: 2640/3473 (76.0%)
2025-07-12 01:59:11,742 - INFO - ✅ API调用成功: 121.414125, 31.225398 -> 长宁区
2025-07-12 01:59:11,749 - INFO - 🔄 正在处理记录 3138: (121.41576, 31.134454)
2025-07-12 01:59:11,749 - INFO - 📈 进度: 2641/3473 (76.0%)
2025-07-12 01:59:12,688 - INFO - ✅ API调用成功: 121.247758, 31.002355 -> 松江区
2025-07-12 01:59:12,694 - INFO - 🔄 正在处理记录 3139: (121.597363, 31.120505)
2025-07-12 01:59:12,694 - INFO - 📈 进度: 2642/3473 (76.1%)
2025-07-12 01:59:13,720 - INFO - ✅ API调用成功: 121.21798, 31.010176 -> 松江区
2025-07-12 01:59:13,725 - INFO - 🔄 正在处理记录 3140: (121.601372, 31.113881)
2025-07-12 01:59:13,725 - INFO - 📈 进度: 2643/3473 (76.1%)
2025-07-12 01:59:14,743 - INFO - ✅ API调用成功: 121.231949, 31.011084 -> 松江区
2025-07-12 01:59:14,762 - INFO - 🔄 正在处理记录 3141: (121.445017, 30.943698)
2025-07-12 01:59:14,762 - INFO - 📈 进度: 2644/3473 (76.1%)
2025-07-12 01:59:15,744 - INFO - ✅ API调用成功: 121.206013, 31.018468 -> 松江区
2025-07-12 01:59:15,754 - INFO - 🔄 正在处理记录 3142: (121.540578, 31.231584)
2025-07-12 01:59:15,754 - INFO - 📈 进度: 2645/3473 (76.2%)
2025-07-12 01:59:16,744 - INFO - ✅ API调用成功: 121.190596, 31.024985 -> 松江区
2025-07-12 01:59:16,752 - INFO - 🔄 正在处理记录 3143: (121.536726, 31.231292)
2025-07-12 01:59:16,752 - INFO - 📈 进度: 2646/3473 (76.2%)
2025-07-12 01:59:17,748 - INFO - ✅ API调用成功: 121.563897, 31.244082 -> 浦东新区
2025-07-12 01:59:17,765 - INFO - 🔄 正在处理记录 3144: (121.462871, 31.39147)
2025-07-12 01:59:17,766 - INFO - 📈 进度: 2647/3473 (76.2%)
2025-07-12 01:59:18,752 - INFO - ✅ API调用成功: 121.513221, 31.255179 -> 虹口区
2025-07-12 01:59:18,760 - INFO - 🔄 正在处理记录 3145: (121.71571, 30.94075)
2025-07-12 01:59:18,761 - INFO - 📈 进度: 2648/3473 (76.2%)
2025-07-12 01:59:19,751 - INFO - ✅ API调用成功: 121.433431, 31.229844 -> 长宁区
2025-07-12 01:59:19,756 - INFO - 🔄 正在处理记录 3146: (121.643327, 31.000614)
2025-07-12 01:59:19,756 - INFO - 📈 进度: 2649/3473 (76.3%)
2025-07-12 01:59:20,782 - INFO - ✅ API调用成功: 121.563615, 31.252073 -> 浦东新区
2025-07-12 01:59:20,792 - INFO - 🔄 正在处理记录 3147: (121.64072, 30.976165)
2025-07-12 01:59:20,807 - INFO - ✅ 写入 10 条结果到 /Users/songdingan/Downloads/detect_bus/final_station_ranking_with_district.csv
2025-07-12 01:59:20,807 - INFO - 📈 进度: 2650/3473 (76.3%)
2025-07-12 01:59:21,743 - INFO - ✅ API调用成功: 121.47369, 31.227945 -> 黄浦区
2025-07-12 01:59:21,748 - INFO - 🔄 正在处理记录 3148: (121.77144, 31.111859)
2025-07-12 01:59:21,748 - INFO - 📈 进度: 2651/3473 (76.3%)
2025-07-12 01:59:22,760 - INFO - ✅ API调用成功: 121.333633, 31.077676 -> 松江区
2025-07-12 01:59:22,765 - INFO - 🔄 正在处理记录 3149: (121.397831, 31.243803)
2025-07-12 01:59:22,765 - INFO - 📈 进度: 2652/3473 (76.4%)
2025-07-12 01:59:23,809 - INFO - ✅ API调用成功: 121.558973, 31.192028 -> 浦东新区
2025-07-12 01:59:23,812 - INFO - 🔄 正在处理记录 3150: (121.754561, 31.126736)
2025-07-12 01:59:23,812 - INFO - 📈 进度: 2653/3473 (76.4%)
2025-07-12 01:59:24,777 - INFO - ✅ API调用成功: 121.573316, 31.12156 -> 浦东新区
2025-07-12 01:59:24,782 - INFO - 🔄 正在处理记录 3151: (121.532348, 31.302871)
2025-07-12 01:59:24,782 - INFO - 📈 进度: 2654/3473 (76.4%)
2025-07-12 01:59:25,812 - INFO - ✅ API调用成功: 121.431765, 31.626976 -> 崇明区
2025-07-12 01:59:25,818 - INFO - 🔄 正在处理记录 3152: (121.906773, 30.903061)
2025-07-12 01:59:25,818 - INFO - 📈 进度: 2655/3473 (76.4%)
2025-07-12 01:59:26,778 - INFO - ✅ API调用成功: 121.646161, 30.898901 -> 奉贤区
2025-07-12 01:59:26,783 - INFO - 🔄 正在处理记录 3153: (121.463581, 31.043453)
2025-07-12 01:59:26,783 - INFO - 📈 进度: 2656/3473 (76.5%)
2025-07-12 01:59:27,791 - INFO - ✅ API调用成功: 121.404147, 31.132629 -> 闵行区
2025-07-12 01:59:27,795 - INFO - 🔄 正在处理记录 3154: (121.689092, 31.117638)
2025-07-12 01:59:27,795 - INFO - 📈 进度: 2657/3473 (76.5%)
2025-07-12 01:59:28,790 - INFO - ✅ API调用成功: 121.372199, 31.174595 -> 闵行区
2025-07-12 01:59:28,795 - INFO - 🔄 正在处理记录 3155: (121.689092, 31.117638)
2025-07-12 01:59:28,795 - INFO - 📈 进度: 2658/3473 (76.5%)
2025-07-12 01:59:29,792 - INFO - ✅ API调用成功: 121.703361, 31.070788 -> 浦东新区
2025-07-12 01:59:29,799 - INFO - 🔄 正在处理记录 3156: (121.516224, 31.168723)
2025-07-12 01:59:29,799 - INFO - 📈 进度: 2659/3473 (76.6%)
2025-07-12 01:59:30,805 - INFO - ✅ API调用成功: 121.708833, 31.071078 -> 浦东新区
2025-07-12 01:59:30,810 - INFO - 🔄 正在处理记录 3157: (121.222647, 31.156545)
2025-07-12 01:59:30,826 - INFO - ✅ 写入 10 条结果到 /Users/songdingan/Downloads/detect_bus/final_station_ranking_with_district.csv
2025-07-12 01:59:30,826 - INFO - 📈 进度: 2660/3473 (76.6%)
2025-07-12 01:59:31,814 - INFO - ✅ API调用成功: 121.691062, 31.037751 -> 浦东新区
2025-07-12 01:59:31,824 - INFO - 🔄 正在处理记录 3158: (121.354009, 30.896435)
2025-07-12 01:59:31,824 - INFO - 📈 进度: 2661/3473 (76.6%)
2025-07-12 01:59:32,818 - INFO - ✅ API调用成功: 121.500645, 31.079734 -> 闵行区
2025-07-12 01:59:32,822 - INFO - 🔄 正在处理记录 3159: (121.353453, 30.893615)
2025-07-12 01:59:32,822 - INFO - 📈 进度: 2662/3473 (76.6%)
2025-07-12 01:59:33,831 - INFO - ✅ API调用成功: 121.53738, 31.183383 -> 浦东新区
2025-07-12 01:59:33,836 - INFO - 🔄 正在处理记录 3160: (121.394367, 31.44975)
2025-07-12 01:59:33,836 - INFO - 📈 进度: 2663/3473 (76.7%)
2025-07-12 01:59:34,818 - INFO - ✅ API调用成功: 121.655786, 31.204492 -> 浦东新区
2025-07-12 01:59:34,824 - INFO - 🔄 正在处理记录 3161: (121.199251, 31.251683)
2025-07-12 01:59:34,824 - INFO - 📈 进度: 2664/3473 (76.7%)
2025-07-12 01:59:35,843 - INFO - ✅ API调用成功: 121.257546, 31.387102 -> 嘉定区
2025-07-12 01:59:35,847 - INFO - 🔄 正在处理记录 3162: (121.195586, 31.181178)
2025-07-12 01:59:35,847 - INFO - 📈 进度: 2665/3473 (76.7%)
2025-07-12 01:59:36,875 - INFO - ✅ API调用成功: 121.423324, 31.15809 -> 徐汇区
2025-07-12 01:59:36,887 - INFO - 🔄 正在处理记录 3163: (121.700683, 31.15074)
2025-07-12 01:59:36,887 - INFO - 📈 进度: 2666/3473 (76.8%)
2025-07-12 01:59:37,869 - INFO - ✅ API调用成功: 121.231859, 31.396216 -> 嘉定区
2025-07-12 01:59:37,874 - INFO - 🔄 正在处理记录 3164: (121.702139, 31.18821)
2025-07-12 01:59:37,874 - INFO - 📈 进度: 2667/3473 (76.8%)
2025-07-12 01:59:38,888 - INFO - ✅ API调用成功: 121.618336, 31.543784 -> 崇明区
2025-07-12 01:59:38,894 - INFO - 🔄 正在处理记录 3165: (121.614125, 31.333695)
2025-07-12 01:59:38,894 - INFO - 📈 进度: 2668/3473 (76.8%)
2025-07-12 01:59:39,852 - INFO - ✅ API调用成功: 121.328521, 31.438129 -> 嘉定区
2025-07-12 01:59:39,869 - INFO - 🔄 正在处理记录 3166: (121.372817, 31.099622)
2025-07-12 01:59:39,870 - INFO - 📈 进度: 2669/3473 (76.8%)
2025-07-12 01:59:41,084 - INFO - ✅ API调用成功: 121.432649, 31.34288 -> 宝山区
2025-07-12 01:59:41,090 - INFO - 🔄 正在处理记录 3167: (121.135898, 31.105169)
2025-07-12 01:59:41,167 - INFO - ✅ 写入 10 条结果到 /Users/songdingan/Downloads/detect_bus/final_station_ranking_with_district.csv
2025-07-12 01:59:41,167 - INFO - 📈 进度: 2670/3473 (76.9%)
2025-07-12 01:59:41,856 - INFO - ✅ API调用成功: 121.227296, 30.832349 -> 金山区
2025-07-12 01:59:41,862 - INFO - 🔄 正在处理记录 3168: (121.589822, 31.257648)
2025-07-12 01:59:41,862 - INFO - 📈 进度: 2671/3473 (76.9%)
2025-07-12 01:59:42,899 - INFO - ✅ API调用成功: 121.460183, 31.043111 -> 闵行区
2025-07-12 01:59:42,903 - INFO - 🔄 正在处理记录 3169: (121.459798, 30.921561)
2025-07-12 01:59:42,903 - INFO - 📈 进度: 2672/3473 (76.9%)
2025-07-12 01:59:43,867 - INFO - ✅ API调用成功: 121.144294, 30.812419 -> 金山区
2025-07-12 01:59:43,871 - INFO - 🔄 正在处理记录 3170: (121.490467, 30.921337)
2025-07-12 01:59:43,871 - INFO - 📈 进度: 2673/3473 (77.0%)
2025-07-12 01:59:44,891 - INFO - ✅ API调用成功: 121.508644, 31.086147 -> 闵行区
2025-07-12 01:59:44,912 - INFO - 🔄 正在处理记录 3171: (121.339925, 30.712379)
2025-07-12 01:59:44,912 - INFO - 📈 进度: 2674/3473 (77.0%)
2025-07-12 01:59:45,916 - INFO - ✅ API调用成功: 121.409249, 31.18587 -> 闵行区
2025-07-12 01:59:45,922 - INFO - 🔄 正在处理记录 3172: (121.26237, 31.172194)
2025-07-12 01:59:45,922 - INFO - 📈 进度: 2675/3473 (77.0%)
2025-07-12 01:59:46,887 - INFO - ✅ API调用成功: 121.430336, 30.985792 -> 奉贤区
2025-07-12 01:59:46,891 - INFO - 🔄 正在处理记录 3173: (121.345812, 30.71334)
2025-07-12 01:59:46,891 - INFO - 📈 进度: 2676/3473 (77.1%)
2025-07-12 01:59:47,932 - INFO - ✅ API调用成功: 121.500198, 31.105048 -> 闵行区
2025-07-12 01:59:47,936 - INFO - 🔄 正在处理记录 3174: (121.298372, 31.149991)
2025-07-12 01:59:47,936 - INFO - 📈 进度: 2677/3473 (77.1%)
2025-07-12 01:59:48,912 - INFO - ✅ API调用成功: 121.434994, 31.216983 -> 长宁区
2025-07-12 01:59:48,917 - INFO - 🔄 正在处理记录 3175: (121.368807, 31.108276)
2025-07-12 01:59:48,918 - INFO - 📈 进度: 2678/3473 (77.1%)
2025-07-12 01:59:49,942 - INFO - ✅ API调用成功: 121.587349, 31.130545 -> 浦东新区
2025-07-12 01:59:49,947 - INFO - 🔄 正在处理记录 3176: (121.536474, 31.57995)
2025-07-12 01:59:49,947 - INFO - 📈 进度: 2679/3473 (77.1%)
2025-07-12 01:59:50,938 - INFO - ✅ API调用成功: 121.511886, 31.269406 -> 虹口区
2025-07-12 01:59:50,943 - INFO - 🔄 正在处理记录 3177: (120.918958, 31.118265)
2025-07-12 01:59:50,953 - INFO - ✅ 写入 10 条结果到 /Users/songdingan/Downloads/detect_bus/final_station_ranking_with_district.csv
2025-07-12 01:59:50,953 - INFO - 📈 进度: 2680/3473 (77.2%)
2025-07-12 01:59:51,952 - INFO - ✅ API调用成功: 121.41576, 31.134454 -> 闵行区
2025-07-12 01:59:51,966 - INFO - 🔄 正在处理记录 3178: (121.570553, 31.234371)
2025-07-12 01:59:51,966 - INFO - 📈 进度: 2681/3473 (77.2%)
2025-07-12 01:59:52,946 - INFO - ✅ API调用成功: 121.597363, 31.120505 -> 浦东新区
2025-07-12 01:59:52,950 - INFO - 🔄 正在处理记录 3179: (121.722003, 31.040772)
2025-07-12 01:59:52,950 - INFO - 📈 进度: 2682/3473 (77.2%)
2025-07-12 01:59:53,971 - INFO - ✅ API调用成功: 121.601372, 31.113881 -> 浦东新区
2025-07-12 01:59:53,976 - INFO - 🔄 正在处理记录 3180: (121.662541, 31.216927)
2025-07-12 01:59:53,976 - INFO - 📈 进度: 2683/3473 (77.3%)
2025-07-12 01:59:54,968 - INFO - ✅ API调用成功: 121.445017, 30.943698 -> 奉贤区
2025-07-12 01:59:54,972 - INFO - 🔄 正在处理记录 3181: (121.303387, 31.211691)
2025-07-12 01:59:54,972 - INFO - 📈 进度: 2684/3473 (77.3%)
2025-07-12 01:59:55,978 - INFO - ✅ API调用成功: 121.540578, 31.231584 -> 浦东新区
2025-07-12 01:59:55,985 - INFO - 🔄 正在处理记录 3182: (121.49588, 31.261275)
2025-07-12 01:59:55,985 - INFO - 📈 进度: 2685/3473 (77.3%)
2025-07-12 01:59:56,979 - INFO - ✅ API调用成功: 121.536726, 31.231292 -> 浦东新区
2025-07-12 01:59:56,986 - INFO - 🔄 正在处理记录 3183: (121.343469, 31.267338)
2025-07-12 01:59:56,986 - INFO - 📈 进度: 2686/3473 (77.3%)
2025-07-12 01:59:57,976 - INFO - ✅ API调用成功: 121.462871, 31.39147 -> 宝山区
2025-07-12 01:59:57,981 - INFO - 🔄 正在处理记录 3184: (121.429623, 31.364321)
2025-07-12 01:59:57,981 - INFO - 📈 进度: 2687/3473 (77.4%)
2025-07-12 01:59:58,978 - INFO - ✅ API调用成功: 121.71571, 30.94075 -> 奉贤区
2025-07-12 01:59:58,992 - INFO - 🔄 正在处理记录 3185: (121.407414, 31.357384)
2025-07-12 01:59:58,992 - INFO - 📈 进度: 2688/3473 (77.4%)
2025-07-12 02:00:00,017 - INFO - ✅ API调用成功: 121.643327, 31.000614 -> 浦东新区
2025-07-12 02:00:00,022 - INFO - 🔄 正在处理记录 3186: (121.385546, 31.359745)
2025-07-12 02:00:00,022 - INFO - 📈 进度: 2689/3473 (77.4%)
2025-07-12 02:00:00,997 - INFO - ✅ API调用成功: 121.64072, 30.976165 -> 奉贤区
2025-07-12 02:00:01,003 - INFO - 🔄 正在处理记录 3187: (121.526465, 31.285963)
2025-07-12 02:00:01,012 - INFO - ✅ 写入 10 条结果到 /Users/songdingan/Downloads/detect_bus/final_station_ranking_with_district.csv
2025-07-12 02:00:01,012 - INFO - 📈 进度: 2690/3473 (77.5%)
2025-07-12 02:00:01,999 - INFO - ✅ API调用成功: 121.77144, 31.111859 -> 浦东新区
2025-07-12 02:00:02,003 - INFO - 🔄 正在处理记录 3188: (121.300765, 30.940774)
2025-07-12 02:00:02,004 - INFO - 📈 进度: 2691/3473 (77.5%)
2025-07-12 02:00:03,005 - INFO - ✅ API调用成功: 121.397831, 31.243803 -> 普陀区
2025-07-12 02:00:03,010 - INFO - 🔄 正在处理记录 3189: (121.143619, 31.159589)
2025-07-12 02:00:03,010 - INFO - 📈 进度: 2692/3473 (77.5%)
2025-07-12 02:00:04,000 - INFO - ✅ API调用成功: 121.754561, 31.126736 -> 浦东新区
2025-07-12 02:00:04,007 - INFO - 🔄 正在处理记录 3190: (121.379781, 31.271935)
2025-07-12 02:00:04,007 - INFO - 📈 进度: 2693/3473 (77.5%)
2025-07-12 02:00:05,114 - INFO - ✅ API调用成功: 121.532348, 31.302871 -> 杨浦区
2025-07-12 02:00:05,120 - INFO - 🔄 正在处理记录 3191: (121.360882, 31.278742)
2025-07-12 02:00:05,120 - INFO - 📈 进度: 2694/3473 (77.6%)
2025-07-12 02:00:06,334 - INFO - ✅ API调用成功: 121.906773, 30.903061 -> 浦东新区
2025-07-12 02:00:06,338 - INFO - 🔄 正在处理记录 3192: (121.314243, 31.156229)
2025-07-12 02:00:06,338 - INFO - 📈 进度: 2695/3473 (77.6%)
2025-07-12 02:00:07,038 - INFO - ✅ API调用成功: 121.463581, 31.043453 -> 闵行区
2025-07-12 02:00:07,042 - INFO - 🔄 正在处理记录 3193: (121.51304, 31.229541)
2025-07-12 02:00:07,042 - INFO - 📈 进度: 2696/3473 (77.6%)
2025-07-12 02:00:08,212 - INFO - ✅ API调用成功: 121.689092, 31.117638 -> 浦东新区
2025-07-12 02:00:08,218 - INFO - 🔄 正在处理记录 3194: (121.12218, 31.162307)
2025-07-12 02:00:08,218 - INFO - 📈 进度: 2697/3473 (77.7%)
2025-07-12 02:00:09,183 - INFO - ✅ API调用成功: 121.689092, 31.117638 -> 浦东新区
2025-07-12 02:00:09,188 - INFO - 🔄 正在处理记录 3195: (121.507299, 31.258688)
2025-07-12 02:00:09,188 - INFO - 📈 进度: 2698/3473 (77.7%)
2025-07-12 02:00:10,076 - INFO - ✅ API调用成功: 121.516224, 31.168723 -> 浦东新区
2025-07-12 02:00:10,084 - INFO - 🔄 正在处理记录 3196: (121.483963, 31.214111)
2025-07-12 02:00:10,084 - INFO - 📈 进度: 2699/3473 (77.7%)
2025-07-12 02:00:11,060 - INFO - ✅ API调用成功: 121.222647, 31.156545 -> 青浦区
2025-07-12 02:00:11,064 - INFO - 🔄 正在处理记录 3197: (121.444309, 30.906476)
2025-07-12 02:00:11,070 - INFO - ✅ 写入 10 条结果到 /Users/songdingan/Downloads/detect_bus/final_station_ranking_with_district.csv
2025-07-12 02:00:11,070 - INFO - 📈 进度: 2700/3473 (77.7%)
2025-07-12 02:00:12,139 - INFO - ✅ API调用成功: 121.354009, 30.896435 -> 金山区
2025-07-12 02:00:12,143 - INFO - 🔄 正在处理记录 3198: (121.246597, 31.434953)
2025-07-12 02:00:12,143 - INFO - 📈 进度: 2701/3473 (77.8%)
2025-07-12 02:00:13,088 - INFO - ✅ API调用成功: 121.353453, 30.893615 -> 金山区
2025-07-12 02:00:13,094 - INFO - 🔄 正在处理记录 3199: (121.248595, 31.426229)
2025-07-12 02:00:13,094 - INFO - 📈 进度: 2702/3473 (77.8%)
2025-07-12 02:00:14,088 - INFO - ✅ API调用成功: 121.394367, 31.44975 -> 宝山区
2025-07-12 02:00:14,092 - INFO - 🔄 正在处理记录 3200: (121.443669, 30.945549)
2025-07-12 02:00:14,093 - INFO - 📈 进度: 2703/3473 (77.8%)
2025-07-12 02:00:15,141 - INFO - ✅ API调用成功: 121.199251, 31.251683 -> 青浦区
2025-07-12 02:00:15,147 - INFO - 🔄 正在处理记录 3201: (121.545881, 31.353646)
2025-07-12 02:00:15,147 - INFO - 📈 进度: 2704/3473 (77.9%)
2025-07-12 02:00:16,134 - INFO - ✅ API调用成功: 121.195586, 31.181178 -> 青浦区
2025-07-12 02:00:16,139 - INFO - 🔄 正在处理记录 3202: (121.353132, 31.390282)
2025-07-12 02:00:16,139 - INFO - 📈 进度: 2705/3473 (77.9%)
2025-07-12 02:00:17,104 - INFO - ✅ API调用成功: 121.700683, 31.15074 -> 浦东新区
2025-07-12 02:00:17,109 - INFO - 🔄 正在处理记录 3203: (121.466422, 31.260884)
2025-07-12 02:00:17,109 - INFO - 📈 进度: 2706/3473 (77.9%)
2025-07-12 02:00:18,107 - INFO - ✅ API调用成功: 121.702139, 31.18821 -> 浦东新区
2025-07-12 02:00:18,113 - INFO - 🔄 正在处理记录 3204: (121.319146, 31.101273)
2025-07-12 02:00:18,113 - INFO - 📈 进度: 2707/3473 (77.9%)
2025-07-12 02:00:19,099 - INFO - ✅ API调用成功: 121.614125, 31.333695 -> 浦东新区
2025-07-12 02:00:19,103 - INFO - 🔄 正在处理记录 3205: (121.490741, 31.183742)
2025-07-12 02:00:19,103 - INFO - 📈 进度: 2708/3473 (78.0%)
2025-07-12 02:00:20,118 - INFO - ✅ API调用成功: 121.372817, 31.099622 -> 闵行区
2025-07-12 02:00:20,123 - INFO - 🔄 正在处理记录 3206: (121.394411, 31.646668)
2025-07-12 02:00:20,123 - INFO - 📈 进度: 2709/3473 (78.0%)
2025-07-12 02:00:21,131 - INFO - ✅ API调用成功: 121.135898, 31.105169 -> 松江区
2025-07-12 02:00:21,135 - INFO - 🔄 正在处理记录 3207: (121.437071, 31.247996)
2025-07-12 02:00:21,142 - INFO - ✅ 写入 10 条结果到 /Users/songdingan/Downloads/detect_bus/final_station_ranking_with_district.csv
2025-07-12 02:00:21,142 - INFO - 📈 进度: 2710/3473 (78.0%)
2025-07-12 02:00:22,120 - INFO - ✅ API调用成功: 121.589822, 31.257648 -> 浦东新区
2025-07-12 02:00:22,124 - INFO - 🔄 正在处理记录 3208: (121.280874, 31.179662)
2025-07-12 02:00:22,124 - INFO - 📈 进度: 2711/3473 (78.1%)
2025-07-12 02:00:23,141 - INFO - ✅ API调用成功: 121.459798, 30.921561 -> 奉贤区
2025-07-12 02:00:23,146 - INFO - 🔄 正在处理记录 3209: (121.311449, 31.291438)
2025-07-12 02:00:23,146 - INFO - 📈 进度: 2712/3473 (78.1%)
2025-07-12 02:00:24,170 - INFO - ✅ API调用成功: 121.490467, 30.921337 -> 奉贤区
2025-07-12 02:00:24,176 - INFO - 🔄 正在处理记录 3210: (121.585028, 31.301734)
2025-07-12 02:00:24,177 - INFO - 📈 进度: 2713/3473 (78.1%)
2025-07-12 02:00:25,258 - INFO - ✅ API调用成功: 121.339925, 30.712379 -> 金山区
2025-07-12 02:00:25,264 - INFO - 🔄 正在处理记录 3211: (121.510532, 31.198785)
2025-07-12 02:00:25,264 - INFO - 📈 进度: 2714/3473 (78.1%)
2025-07-12 02:00:26,366 - INFO - ✅ API调用成功: 121.26237, 31.172194 -> 青浦区
2025-07-12 02:00:26,373 - INFO - 🔄 正在处理记录 3212: (121.576887, 31.349794)
2025-07-12 02:00:26,373 - INFO - 📈 进度: 2715/3473 (78.2%)
2025-07-12 02:00:27,151 - INFO - ✅ API调用成功: 121.345812, 30.71334 -> 金山区
2025-07-12 02:00:27,155 - INFO - 🔄 正在处理记录 3213: (121.48389, 31.206271)
2025-07-12 02:00:27,155 - INFO - 📈 进度: 2716/3473 (78.2%)
2025-07-12 02:00:28,183 - INFO - ✅ API调用成功: 121.298372, 31.149991 -> 松江区
2025-07-12 02:00:28,188 - INFO - 🔄 正在处理记录 3214: (121.494777, 31.182893)
2025-07-12 02:00:28,188 - INFO - 📈 进度: 2717/3473 (78.2%)
2025-07-12 02:00:29,169 - INFO - ✅ API调用成功: 121.368807, 31.108276 -> 闵行区
2025-07-12 02:00:29,174 - INFO - 🔄 正在处理记录 3215: (121.226685, 31.060543)
2025-07-12 02:00:29,174 - INFO - 📈 进度: 2718/3473 (78.3%)
2025-07-12 02:00:30,177 - INFO - ✅ API调用成功: 121.536474, 31.57995 -> 崇明区
2025-07-12 02:00:30,182 - INFO - 🔄 正在处理记录 3216: (121.285851, 31.174105)
2025-07-12 02:00:30,182 - INFO - 📈 进度: 2719/3473 (78.3%)
2025-07-12 02:00:31,159 - INFO - ✅ API调用成功: 120.918958, 31.118265 -> 青浦区
2025-07-12 02:00:31,164 - INFO - 🔄 正在处理记录 3217: (121.46345, 30.847585)
2025-07-12 02:00:31,169 - INFO - ✅ 写入 10 条结果到 /Users/songdingan/Downloads/detect_bus/final_station_ranking_with_district.csv
2025-07-12 02:00:31,169 - INFO - 📈 进度: 2720/3473 (78.3%)
2025-07-12 02:00:32,221 - INFO - ✅ API调用成功: 121.570553, 31.234371 -> 浦东新区
2025-07-12 02:00:32,226 - INFO - 🔄 正在处理记录 3218: (121.443624, 31.200966)
2025-07-12 02:00:32,227 - INFO - 📈 进度: 2721/3473 (78.3%)
2025-07-12 02:00:33,173 - INFO - ✅ API调用成功: 121.722003, 31.040772 -> 浦东新区
2025-07-12 02:00:33,178 - INFO - 🔄 正在处理记录 3219: (121.457199, 30.90964)
2025-07-12 02:00:33,178 - INFO - 📈 进度: 2722/3473 (78.4%)
2025-07-12 02:00:34,228 - INFO - ✅ API调用成功: 121.662541, 31.216927 -> 浦东新区
2025-07-12 02:00:34,233 - INFO - 🔄 正在处理记录 3220: (121.457199, 30.90964)
2025-07-12 02:00:34,233 - INFO - 📈 进度: 2723/3473 (78.4%)
2025-07-12 02:00:35,203 - INFO - ✅ API调用成功: 121.303387, 31.211691 -> 闵行区
2025-07-12 02:00:35,209 - INFO - 🔄 正在处理记录 3221: (121.456789, 30.913233)
2025-07-12 02:00:35,209 - INFO - 📈 进度: 2724/3473 (78.4%)
2025-07-12 02:00:36,246 - INFO - ✅ API调用成功: 121.49588, 31.261275 -> 虹口区
2025-07-12 02:00:36,250 - INFO - 🔄 正在处理记录 3222: (121.526565, 31.588482)
2025-07-12 02:00:36,250 - INFO - 📈 进度: 2725/3473 (78.5%)
2025-07-12 02:00:37,236 - INFO - ✅ API调用成功: 121.343469, 31.267338 -> 嘉定区
2025-07-12 02:00:37,241 - INFO - 🔄 正在处理记录 3223: (121.632407, 30.914324)
2025-07-12 02:00:37,241 - INFO - 📈 进度: 2726/3473 (78.5%)
2025-07-12 02:00:38,210 - INFO - ✅ API调用成功: 121.429623, 31.364321 -> 宝山区
2025-07-12 02:00:38,214 - INFO - 🔄 正在处理记录 3224: (121.390958, 31.029379)
2025-07-12 02:00:38,214 - INFO - 📈 进度: 2727/3473 (78.5%)
2025-07-12 02:00:39,242 - INFO - ✅ API调用成功: 121.407414, 31.357384 -> 宝山区
2025-07-12 02:00:39,246 - INFO - 🔄 正在处理记录 3225: (121.856138, 30.872239)
2025-07-12 02:00:39,246 - INFO - 📈 进度: 2728/3473 (78.5%)
2025-07-12 02:00:40,230 - INFO - ✅ API调用成功: 121.385546, 31.359745 -> 宝山区
2025-07-12 02:00:40,233 - INFO - 🔄 正在处理记录 3226: (121.650903, 31.273933)
2025-07-12 02:00:40,234 - INFO - 📈 进度: 2729/3473 (78.6%)
2025-07-12 02:00:41,295 - INFO - ✅ API调用成功: 121.526465, 31.285963 -> 杨浦区
2025-07-12 02:00:41,298 - INFO - 🔄 正在处理记录 3227: (121.622735, 31.15886)
2025-07-12 02:00:41,303 - INFO - ✅ 写入 10 条结果到 /Users/songdingan/Downloads/detect_bus/final_station_ranking_with_district.csv
2025-07-12 02:00:41,303 - INFO - 📈 进度: 2730/3473 (78.6%)
2025-07-12 02:00:42,228 - INFO - ✅ API调用成功: 121.300765, 30.940774 -> 松江区
2025-07-12 02:00:42,232 - INFO - 🔄 正在处理记录 3228: (121.469161, 31.108145)
2025-07-12 02:00:42,232 - INFO - 📈 进度: 2731/3473 (78.6%)
2025-07-12 02:00:43,268 - INFO - ✅ API调用成功: 121.143619, 31.159589 -> 青浦区
2025-07-12 02:00:43,272 - INFO - 🔄 正在处理记录 3229: (121.51467, 31.225524)
2025-07-12 02:00:43,272 - INFO - 📈 进度: 2732/3473 (78.7%)
2025-07-12 02:00:44,516 - INFO - ✅ API调用成功: 121.379781, 31.271935 -> 普陀区
2025-07-12 02:00:44,522 - INFO - 🔄 正在处理记录 3230: (121.388775, 30.904938)
2025-07-12 02:00:44,524 - INFO - 📈 进度: 2733/3473 (78.7%)
2025-07-12 02:00:45,267 - INFO - ✅ API调用成功: 121.360882, 31.278742 -> 普陀区
2025-07-12 02:00:45,270 - INFO - 🔄 正在处理记录 3231: (121.538306, 31.291916)
2025-07-12 02:00:45,270 - INFO - 📈 进度: 2734/3473 (78.7%)
2025-07-12 02:00:46,263 - INFO - ✅ API调用成功: 121.314243, 31.156229 -> 松江区
2025-07-12 02:00:46,267 - INFO - 🔄 正在处理记录 3232: (121.513866, 30.846515)
2025-07-12 02:00:46,267 - INFO - 📈 进度: 2735/3473 (78.8%)
2025-07-12 02:00:47,360 - INFO - ✅ API调用成功: 121.51304, 31.229541 -> 黄浦区
2025-07-12 02:00:47,365 - INFO - 🔄 正在处理记录 3233: (121.539002, 31.297359)
2025-07-12 02:00:47,365 - INFO - 📈 进度: 2736/3473 (78.8%)
2025-07-12 02:00:48,391 - INFO - ✅ API调用成功: 121.12218, 31.162307 -> 青浦区
2025-07-12 02:00:48,396 - INFO - 🔄 正在处理记录 3234: (121.516316, 30.832232)
2025-07-12 02:00:48,396 - INFO - 📈 进度: 2737/3473 (78.8%)
2025-07-12 02:00:49,304 - INFO - ✅ API调用成功: 121.507299, 31.258688 -> 虹口区
2025-07-12 02:00:49,309 - INFO - 🔄 正在处理记录 3235: (121.100898, 31.155652)
2025-07-12 02:00:49,309 - INFO - 📈 进度: 2738/3473 (78.8%)
2025-07-12 02:00:50,332 - INFO - ✅ API调用成功: 121.483963, 31.214111 -> 黄浦区
2025-07-12 02:00:50,336 - INFO - 🔄 正在处理记录 3236: (121.751064, 31.048263)
2025-07-12 02:00:50,336 - INFO - 📈 进度: 2739/3473 (78.9%)
2025-07-12 02:00:51,297 - INFO - ✅ API调用成功: 121.444309, 30.906476 -> 奉贤区
2025-07-12 02:00:51,303 - INFO - 🔄 正在处理记录 3237: (121.159379, 31.297121)
2025-07-12 02:00:51,310 - INFO - ✅ 写入 10 条结果到 /Users/songdingan/Downloads/detect_bus/final_station_ranking_with_district.csv
2025-07-12 02:00:51,310 - INFO - 📈 进度: 2740/3473 (78.9%)
2025-07-12 02:00:52,317 - INFO - ✅ API调用成功: 121.246597, 31.434953 -> 嘉定区
2025-07-12 02:00:52,321 - INFO - 🔄 正在处理记录 3238: (121.439427, 31.32772)
2025-07-12 02:00:52,322 - INFO - 📈 进度: 2741/3473 (78.9%)
2025-07-12 02:00:53,311 - INFO - ✅ API调用成功: 121.248595, 31.426229 -> 嘉定区
2025-07-12 02:00:53,316 - INFO - 🔄 正在处理记录 3239: (121.520435, 31.18961)
2025-07-12 02:00:53,316 - INFO - 📈 进度: 2742/3473 (79.0%)
2025-07-12 02:00:54,386 - INFO - ✅ API调用成功: 121.443669, 30.945549 -> 奉贤区
2025-07-12 02:00:54,390 - INFO - 🔄 正在处理记录 3240: (121.323782, 31.489288)
2025-07-12 02:00:54,390 - INFO - 📈 进度: 2743/3473 (79.0%)
2025-07-12 02:00:55,329 - INFO - ✅ API调用成功: 121.545881, 31.353646 -> 浦东新区
2025-07-12 02:00:55,335 - INFO - 🔄 正在处理记录 3241: (121.582952, 30.984199)
2025-07-12 02:00:55,335 - INFO - 📈 进度: 2744/3473 (79.0%)
2025-07-12 02:00:56,397 - INFO - ✅ API调用成功: 121.353132, 31.390282 -> 宝山区
2025-07-12 02:00:56,401 - INFO - 🔄 正在处理记录 3242: (121.361617, 31.475977)
2025-07-12 02:00:56,402 - INFO - 📈 进度: 2745/3473 (79.0%)
2025-07-12 02:00:57,351 - INFO - ✅ API调用成功: 121.466422, 31.260884 -> 静安区
2025-07-12 02:00:57,357 - INFO - 🔄 正在处理记录 3243: (121.487377, 31.336046)
2025-07-12 02:00:57,357 - INFO - 📈 进度: 2746/3473 (79.1%)
2025-07-12 02:00:58,333 - INFO - ✅ API调用成功: 121.319146, 31.101273 -> 松江区
2025-07-12 02:00:58,337 - INFO - 🔄 正在处理记录 3244: (121.373955, 31.468413)
2025-07-12 02:00:58,337 - INFO - 📈 进度: 2747/3473 (79.1%)
2025-07-12 02:00:59,371 - INFO - ✅ API调用成功: 121.490741, 31.183742 -> 浦东新区
2025-07-12 02:00:59,376 - INFO - 🔄 正在处理记录 3245: (121.11483, 31.187175)
2025-07-12 02:00:59,377 - INFO - 📈 进度: 2748/3473 (79.1%)
2025-07-12 02:01:00,548 - INFO - ✅ API调用成功: 121.394411, 31.646668 -> 崇明区
2025-07-12 02:01:00,553 - INFO - 🔄 正在处理记录 3246: (121.117183, 31.20612)
2025-07-12 02:01:00,554 - INFO - 📈 进度: 2749/3473 (79.2%)
2025-07-12 02:01:01,380 - INFO - ✅ API调用成功: 121.437071, 31.247996 -> 普陀区
2025-07-12 02:01:01,386 - INFO - 🔄 正在处理记录 3247: (121.678953, 31.273771)
2025-07-12 02:01:01,391 - INFO - ✅ 写入 10 条结果到 /Users/songdingan/Downloads/detect_bus/final_station_ranking_with_district.csv
2025-07-12 02:01:01,391 - INFO - 📈 进度: 2750/3473 (79.2%)
2025-07-12 02:01:02,379 - INFO - ✅ API调用成功: 121.280874, 31.179662 -> 青浦区
2025-07-12 02:01:02,383 - INFO - 🔄 正在处理记录 3248: (121.499999, 31.123604)
2025-07-12 02:01:02,383 - INFO - 📈 进度: 2751/3473 (79.2%)
2025-07-12 02:01:03,389 - INFO - ✅ API调用成功: 121.311449, 31.291438 -> 嘉定区
2025-07-12 02:01:03,393 - INFO - 🔄 正在处理记录 3249: (121.509819, 31.187773)
2025-07-12 02:01:03,393 - INFO - 📈 进度: 2752/3473 (79.2%)
2025-07-12 02:01:04,388 - INFO - ✅ API调用成功: 121.585028, 31.301734 -> 浦东新区
2025-07-12 02:01:04,393 - INFO - 🔄 正在处理记录 3250: (121.504274, 31.199506)
2025-07-12 02:01:04,393 - INFO - 📈 进度: 2753/3473 (79.3%)
2025-07-12 02:01:05,397 - INFO - ✅ API调用成功: 121.510532, 31.198785 -> 浦东新区
2025-07-12 02:01:05,402 - INFO - 🔄 正在处理记录 3251: (121.309908, 30.727959)
2025-07-12 02:01:05,403 - INFO - 📈 进度: 2754/3473 (79.3%)
2025-07-12 02:01:06,375 - INFO - ✅ API调用成功: 121.576887, 31.349794 -> 浦东新区
2025-07-12 02:01:06,379 - INFO - 🔄 正在处理记录 3252: (121.671019, 31.242345)
2025-07-12 02:01:06,380 - INFO - 📈 进度: 2755/3473 (79.3%)
2025-07-12 02:01:07,403 - INFO - ✅ API调用成功: 121.48389, 31.206271 -> 黄浦区
2025-07-12 02:01:07,432 - INFO - 🔄 正在处理记录 3253: (121.532131, 31.157016)
2025-07-12 02:01:07,432 - INFO - 📈 进度: 2756/3473 (79.4%)
2025-07-12 02:01:08,500 - INFO - ✅ API调用成功: 121.494777, 31.182893 -> 浦东新区
2025-07-12 02:01:08,506 - INFO - 🔄 正在处理记录 3254: (121.530491, 31.580192)
2025-07-12 02:01:08,507 - INFO - 📈 进度: 2757/3473 (79.4%)
2025-07-12 02:01:09,399 - INFO - ✅ API调用成功: 121.226685, 31.060543 -> 松江区
2025-07-12 02:01:09,404 - INFO - 🔄 正在处理记录 3255: (121.540284, 31.652655)
2025-07-12 02:01:09,404 - INFO - 📈 进度: 2758/3473 (79.4%)
2025-07-12 02:01:10,411 - INFO - ✅ API调用成功: 121.285851, 31.174105 -> 青浦区
2025-07-12 02:01:10,419 - INFO - 🔄 正在处理记录 3256: (121.553738, 31.231096)
2025-07-12 02:01:10,419 - INFO - 📈 进度: 2759/3473 (79.4%)
2025-07-12 02:01:11,427 - INFO - ✅ API调用成功: 121.46345, 30.847585 -> 奉贤区
2025-07-12 02:01:11,434 - INFO - 🔄 正在处理记录 3257: (121.682991, 30.925808)
2025-07-12 02:01:11,438 - INFO - ✅ 写入 10 条结果到 /Users/songdingan/Downloads/detect_bus/final_station_ranking_with_district.csv
2025-07-12 02:01:11,438 - INFO - 📈 进度: 2760/3473 (79.5%)
2025-07-12 02:01:12,489 - INFO - ✅ API调用成功: 121.443624, 31.200966 -> 徐汇区
2025-07-12 02:01:12,493 - INFO - 🔄 正在处理记录 3258: (121.294897, 30.730868)
2025-07-12 02:01:12,493 - INFO - 📈 进度: 2761/3473 (79.5%)
2025-07-12 02:01:13,439 - INFO - ✅ API调用成功: 121.457199, 30.90964 -> 奉贤区
2025-07-12 02:01:13,443 - INFO - 🔄 正在处理记录 3259: (121.325, 31.127989)
2025-07-12 02:01:13,443 - INFO - 📈 进度: 2762/3473 (79.5%)
2025-07-12 02:01:14,442 - INFO - ✅ API调用成功: 121.457199, 30.90964 -> 奉贤区
2025-07-12 02:01:14,446 - INFO - 🔄 正在处理记录 3260: (121.781176, 31.051398)
2025-07-12 02:01:14,447 - INFO - 📈 进度: 2763/3473 (79.6%)
2025-07-12 02:01:15,466 - INFO - ✅ API调用成功: 121.456789, 30.913233 -> 奉贤区
2025-07-12 02:01:15,470 - INFO - 🔄 正在处理记录 3261: (121.265303, 31.817068)
2025-07-12 02:01:15,471 - INFO - 📈 进度: 2764/3473 (79.6%)
2025-07-12 02:01:16,445 - INFO - ✅ API调用成功: 121.526565, 31.588482 -> 崇明区
2025-07-12 02:01:16,449 - INFO - 🔄 正在处理记录 3262: (121.431125, 31.699736)
2025-07-12 02:01:16,449 - INFO - 📈 进度: 2765/3473 (79.6%)
2025-07-12 02:01:17,456 - INFO - ✅ API调用成功: 121.632407, 30.914324 -> 奉贤区
2025-07-12 02:01:17,461 - INFO - 🔄 正在处理记录 3263: (121.630679, 31.280135)
2025-07-12 02:01:17,461 - INFO - 📈 进度: 2766/3473 (79.6%)
2025-07-12 02:01:18,499 - INFO - ✅ API调用成功: 121.390958, 31.029379 -> 闵行区
2025-07-12 02:01:18,503 - INFO - 🔄 正在处理记录 3264: (121.555295, 31.198167)
2025-07-12 02:01:18,504 - INFO - 📈 进度: 2767/3473 (79.7%)
2025-07-12 02:01:19,466 - INFO - ✅ API调用成功: 121.856138, 30.872239 -> 浦东新区
2025-07-12 02:01:19,471 - INFO - 🔄 正在处理记录 3265: (121.644142, 31.165611)
2025-07-12 02:01:19,471 - INFO - 📈 进度: 2768/3473 (79.7%)
2025-07-12 02:01:20,491 - INFO - ✅ API调用成功: 121.650903, 31.273933 -> 浦东新区
2025-07-12 02:01:20,496 - INFO - 🔄 正在处理记录 3266: (121.362778, 31.221585)
2025-07-12 02:01:20,496 - INFO - 📈 进度: 2769/3473 (79.7%)
2025-07-12 02:01:21,477 - INFO - ✅ API调用成功: 121.622735, 31.15886 -> 浦东新区
2025-07-12 02:01:21,481 - INFO - 🔄 正在处理记录 3267: (121.249778, 31.217411)
2025-07-12 02:01:21,486 - INFO - ✅ 写入 10 条结果到 /Users/songdingan/Downloads/detect_bus/final_station_ranking_with_district.csv
2025-07-12 02:01:21,486 - INFO - 📈 进度: 2770/3473 (79.8%)
2025-07-12 02:01:22,479 - INFO - ✅ API调用成功: 121.469161, 31.108145 -> 闵行区
2025-07-12 02:01:22,481 - INFO - 🔄 正在处理记录 3268: (121.232682, 31.361376)
2025-07-12 02:01:22,481 - INFO - 📈 进度: 2771/3473 (79.8%)
2025-07-12 02:01:23,506 - INFO - ✅ API调用成功: 121.51467, 31.225524 -> 黄浦区
2025-07-12 02:01:23,507 - INFO - 🔄 正在处理记录 3269: (121.511808, 30.97841)
2025-07-12 02:01:23,508 - INFO - 📈 进度: 2772/3473 (79.8%)
2025-07-12 02:01:24,511 - INFO - ✅ API调用成功: 121.388775, 30.904938 -> 奉贤区
2025-07-12 02:01:24,517 - INFO - 🔄 正在处理记录 3270: (121.592936, 30.985845)
2025-07-12 02:01:24,517 - INFO - 📈 进度: 2773/3473 (79.8%)
2025-07-12 02:01:25,512 - INFO - ✅ API调用成功: 121.538306, 31.291916 -> 杨浦区
2025-07-12 02:01:25,520 - INFO - 🔄 正在处理记录 3271: (121.345649, 31.426343)
2025-07-12 02:01:25,520 - INFO - 📈 进度: 2774/3473 (79.9%)
2025-07-12 02:01:26,531 - INFO - ✅ API调用成功: 121.513866, 30.846515 -> 奉贤区
2025-07-12 02:01:26,537 - INFO - 🔄 正在处理记录 3272: (121.665394, 31.111941)
2025-07-12 02:01:26,537 - INFO - 📈 进度: 2775/3473 (79.9%)
2025-07-12 02:01:27,537 - INFO - ✅ API调用成功: 121.539002, 31.297359 -> 杨浦区
2025-07-12 02:01:27,542 - INFO - 🔄 正在处理记录 3273: (121.863048, 30.99396)
2025-07-12 02:01:27,542 - INFO - 📈 进度: 2776/3473 (79.9%)
2025-07-12 02:01:28,552 - INFO - ✅ API调用成功: 121.516316, 30.832232 -> 奉贤区
2025-07-12 02:01:28,556 - INFO - 🔄 正在处理记录 3274: (121.30329, 31.267861)
2025-07-12 02:01:28,556 - INFO - 📈 进度: 2777/3473 (80.0%)
2025-07-12 02:01:29,529 - INFO - ✅ API调用成功: 121.100898, 31.155652 -> 青浦区
2025-07-12 02:01:29,534 - INFO - 🔄 正在处理记录 3275: (121.290519, 31.271079)
2025-07-12 02:01:29,534 - INFO - 📈 进度: 2778/3473 (80.0%)
2025-07-12 02:01:30,567 - INFO - ✅ API调用成功: 121.751064, 31.048263 -> 浦东新区
2025-07-12 02:01:30,572 - INFO - 🔄 正在处理记录 3276: (121.377986, 31.079832)
2025-07-12 02:01:30,572 - INFO - 📈 进度: 2779/3473 (80.0%)
2025-07-12 02:01:31,554 - INFO - ✅ API调用成功: 121.159379, 31.297121 -> 昆山市
2025-07-12 02:01:31,559 - INFO - 🔄 正在处理记录 3277: (121.288749, 31.10349)
2025-07-12 02:01:31,564 - INFO - ✅ 写入 10 条结果到 /Users/songdingan/Downloads/detect_bus/final_station_ranking_with_district.csv
2025-07-12 02:01:31,565 - INFO - 📈 进度: 2780/3473 (80.0%)
2025-07-12 02:01:32,559 - INFO - ✅ API调用成功: 121.439427, 31.32772 -> 宝山区
2025-07-12 02:01:32,563 - INFO - 🔄 正在处理记录 3278: (121.631966, 31.313278)
2025-07-12 02:01:32,563 - INFO - 📈 进度: 2781/3473 (80.1%)
2025-07-12 02:01:33,586 - INFO - ✅ API调用成功: 121.520435, 31.18961 -> 浦东新区
2025-07-12 02:01:33,590 - INFO - 🔄 正在处理记录 3279: (121.451243, 31.115062)
2025-07-12 02:01:33,590 - INFO - 📈 进度: 2782/3473 (80.1%)
2025-07-12 02:01:34,572 - INFO - ✅ API调用成功: 121.323782, 31.489288 -> 宝山区
2025-07-12 02:01:34,577 - INFO - 🔄 正在处理记录 3280: (121.089738, 30.870152)
2025-07-12 02:01:34,577 - INFO - 📈 进度: 2783/3473 (80.1%)
2025-07-12 02:01:35,579 - INFO - ✅ API调用成功: 121.582952, 30.984199 -> 奉贤区
2025-07-12 02:01:35,583 - INFO - 🔄 正在处理记录 3281: (121.437212, 31.10735)
2025-07-12 02:01:35,583 - INFO - 📈 进度: 2784/3473 (80.2%)
2025-07-12 02:01:36,595 - INFO - ✅ API调用成功: 121.361617, 31.475977 -> 宝山区
2025-07-12 02:01:36,600 - INFO - 🔄 正在处理记录 3282: (121.619694, 31.112787)
2025-07-12 02:01:36,600 - INFO - 📈 进度: 2785/3473 (80.2%)
2025-07-12 02:01:37,684 - INFO - ✅ API调用成功: 121.487377, 31.336046 -> 宝山区
2025-07-12 02:01:37,689 - INFO - 🔄 正在处理记录 3283: (121.263958, 31.380185)
2025-07-12 02:01:37,690 - INFO - 📈 进度: 2786/3473 (80.2%)
2025-07-12 02:01:38,690 - INFO - ✅ API调用成功: 121.373955, 31.468413 -> 宝山区
2025-07-12 02:01:38,695 - INFO - 🔄 正在处理记录 3284: (121.533312, 31.166349)
2025-07-12 02:01:38,695 - INFO - 📈 进度: 2787/3473 (80.2%)
2025-07-12 02:01:39,633 - INFO - ✅ API调用成功: 121.11483, 31.187175 -> 青浦区
2025-07-12 02:01:39,638 - INFO - 🔄 正在处理记录 3285: (121.606675, 31.265341)
2025-07-12 02:01:39,638 - INFO - 📈 进度: 2788/3473 (80.3%)
2025-07-12 02:01:40,599 - INFO - ✅ API调用成功: 121.117183, 31.20612 -> 青浦区
2025-07-12 02:01:40,605 - INFO - 🔄 正在处理记录 3286: (121.633732, 31.22061)
2025-07-12 02:01:40,605 - INFO - 📈 进度: 2789/3473 (80.3%)
2025-07-12 02:01:41,595 - INFO - ✅ API调用成功: 121.678953, 31.273771 -> 浦东新区
2025-07-12 02:01:41,599 - INFO - 🔄 正在处理记录 3287: (121.309159, 31.191267)
2025-07-12 02:01:41,603 - INFO - ✅ 写入 10 条结果到 /Users/songdingan/Downloads/detect_bus/final_station_ranking_with_district.csv
2025-07-12 02:01:41,603 - INFO - 📈 进度: 2790/3473 (80.3%)
2025-07-12 02:01:42,629 - INFO - ✅ API调用成功: 121.499999, 31.123604 -> 闵行区
2025-07-12 02:01:42,633 - INFO - 🔄 正在处理记录 3288: (121.315231, 31.258)
2025-07-12 02:01:42,634 - INFO - 📈 进度: 2791/3473 (80.4%)
2025-07-12 02:01:43,597 - INFO - ✅ API调用成功: 121.509819, 31.187773 -> 浦东新区
2025-07-12 02:01:43,602 - INFO - 🔄 正在处理记录 3289: (121.448575, 31.29142)
2025-07-12 02:01:43,602 - INFO - 📈 进度: 2792/3473 (80.4%)
2025-07-12 02:01:44,669 - INFO - ✅ API调用成功: 121.504274, 31.199506 -> 浦东新区
2025-07-12 02:01:44,673 - INFO - 🔄 正在处理记录 3290: (121.449046, 31.64675)
2025-07-12 02:01:44,673 - INFO - 📈 进度: 2793/3473 (80.4%)
2025-07-12 02:01:45,686 - INFO - ✅ API调用成功: 121.309908, 30.727959 -> 金山区
2025-07-12 02:01:45,691 - INFO - 🔄 正在处理记录 3291: (121.388184, 31.619914)
2025-07-12 02:01:45,691 - INFO - 📈 进度: 2794/3473 (80.4%)
2025-07-12 02:01:46,632 - INFO - ✅ API调用成功: 121.671019, 31.242345 -> 浦东新区
2025-07-12 02:01:46,637 - INFO - 🔄 正在处理记录 3292: (121.72882, 30.899899)
2025-07-12 02:01:46,637 - INFO - 📈 进度: 2795/3473 (80.5%)
2025-07-12 02:01:47,647 - INFO - ✅ API调用成功: 121.532131, 31.157016 -> 浦东新区
2025-07-12 02:01:47,654 - INFO - 🔄 正在处理记录 3293: (121.26237, 31.172194)
2025-07-12 02:01:47,654 - INFO - 📈 进度: 2796/3473 (80.5%)
2025-07-12 02:01:48,829 - INFO - ✅ API调用成功: 121.530491, 31.580192 -> 崇明区
2025-07-12 02:01:48,837 - INFO - 🔄 正在处理记录 3294: (121.566467, 31.160394)
2025-07-12 02:01:48,837 - INFO - 📈 进度: 2797/3473 (80.5%)
2025-07-12 02:01:49,644 - INFO - ✅ API调用成功: 121.540284, 31.652655 -> 崇明区
2025-07-12 02:01:49,648 - INFO - 🔄 正在处理记录 3295: (121.778146, 31.091738)
2025-07-12 02:01:49,648 - INFO - 📈 进度: 2798/3473 (80.6%)
2025-07-12 02:01:50,654 - INFO - ✅ API调用成功: 121.553738, 31.231096 -> 浦东新区
2025-07-12 02:01:50,660 - INFO - 🔄 正在处理记录 3296: (121.744521, 31.070602)
2025-07-12 02:01:50,660 - INFO - 📈 进度: 2799/3473 (80.6%)
2025-07-12 02:01:51,695 - INFO - ✅ API调用成功: 121.682991, 30.925808 -> 奉贤区
2025-07-12 02:01:51,699 - INFO - 🔄 正在处理记录 3297: (121.835195, 31.094419)
2025-07-12 02:01:51,705 - INFO - ✅ 写入 10 条结果到 /Users/songdingan/Downloads/detect_bus/final_station_ranking_with_district.csv
2025-07-12 02:01:51,705 - INFO - 📈 进度: 2800/3473 (80.6%)
2025-07-12 02:01:52,683 - INFO - ✅ API调用成功: 121.294897, 30.730868 -> 金山区
2025-07-12 02:01:52,688 - INFO - 🔄 正在处理记录 3298: (121.504232, 31.264711)
2025-07-12 02:01:52,688 - INFO - 📈 进度: 2801/3473 (80.7%)
2025-07-12 02:01:53,707 - INFO - ✅ API调用成功: 121.325, 31.127989 -> 松江区
2025-07-12 02:01:53,714 - INFO - 🔄 正在处理记录 3299: (121.346212, 31.359347)
2025-07-12 02:01:53,714 - INFO - 📈 进度: 2802/3473 (80.7%)
2025-07-12 02:01:54,685 - INFO - ✅ API调用成功: 121.781176, 31.051398 -> 浦东新区
2025-07-12 02:01:54,689 - INFO - 🔄 正在处理记录 3300: (121.757659, 31.088564)
2025-07-12 02:01:54,689 - INFO - 📈 进度: 2803/3473 (80.7%)
2025-07-12 02:01:55,699 - INFO - ✅ API调用成功: 121.265303, 31.817068 -> 崇明区
2025-07-12 02:01:55,706 - INFO - 🔄 正在处理记录 3301: (121.419752, 31.180499)
2025-07-12 02:01:55,706 - INFO - 📈 进度: 2804/3473 (80.7%)
2025-07-12 02:01:56,687 - INFO - ✅ API调用成功: 121.431125, 31.699736 -> 崇明区
2025-07-12 02:01:56,692 - INFO - 🔄 正在处理记录 3302: (121.498668, 31.174061)
2025-07-12 02:01:56,692 - INFO - 📈 进度: 2805/3473 (80.8%)
2025-07-12 02:01:57,726 - INFO - ✅ API调用成功: 121.630679, 31.280135 -> 浦东新区
2025-07-12 02:01:57,731 - INFO - 🔄 正在处理记录 3303: (121.035983, 31.107985)
2025-07-12 02:01:57,731 - INFO - 📈 进度: 2806/3473 (80.8%)
2025-07-12 02:01:58,707 - INFO - ✅ API调用成功: 121.555295, 31.198167 -> 浦东新区
2025-07-12 02:01:58,713 - INFO - 🔄 正在处理记录 3304: (121.553481, 31.280527)
2025-07-12 02:01:58,713 - INFO - 📈 进度: 2807/3473 (80.8%)
2025-07-12 02:01:59,737 - INFO - ✅ API调用成功: 121.644142, 31.165611 -> 浦东新区
2025-07-12 02:01:59,744 - INFO - 🔄 正在处理记录 3305: (121.548581, 31.228494)
2025-07-12 02:01:59,744 - INFO - 📈 进度: 2808/3473 (80.9%)
2025-07-12 02:02:00,808 - INFO - ✅ API调用成功: 121.362778, 31.221585 -> 长宁区
2025-07-12 02:02:00,815 - INFO - 🔄 正在处理记录 3306: (121.018923, 31.115091)
2025-07-12 02:02:00,815 - INFO - 📈 进度: 2809/3473 (80.9%)
2025-07-12 02:02:01,805 - INFO - ✅ API调用成功: 121.249778, 31.217411 -> 青浦区
2025-07-12 02:02:01,810 - INFO - 🔄 正在处理记录 3307: (121.182021, 31.04419)
2025-07-12 02:02:01,815 - INFO - ✅ 写入 10 条结果到 /Users/songdingan/Downloads/detect_bus/final_station_ranking_with_district.csv
2025-07-12 02:02:01,816 - INFO - 📈 进度: 2810/3473 (80.9%)
2025-07-12 02:02:02,775 - INFO - ✅ API调用成功: 121.232682, 31.361376 -> 嘉定区
2025-07-12 02:02:02,780 - INFO - 🔄 正在处理记录 3308: (121.437584, 31.368618)
2025-07-12 02:02:02,780 - INFO - 📈 进度: 2811/3473 (80.9%)
2025-07-12 02:02:03,776 - INFO - ✅ API调用成功: 121.511808, 30.97841 -> 奉贤区
2025-07-12 02:02:03,780 - INFO - 🔄 正在处理记录 3309: (121.150678, 31.352544)
2025-07-12 02:02:03,780 - INFO - 📈 进度: 2812/3473 (81.0%)
2025-07-12 02:02:05,389 - INFO - ✅ API调用成功: 121.592936, 30.985845 -> 奉贤区
2025-07-12 02:02:05,393 - INFO - 🔄 正在处理记录 3310: (121.314931, 31.13246)
2025-07-12 02:02:05,393 - INFO - 📈 进度: 2813/3473 (81.0%)
2025-07-12 02:02:05,787 - INFO - ✅ API调用成功: 121.345649, 31.426343 -> 宝山区
2025-07-12 02:02:05,795 - INFO - 🔄 正在处理记录 3311: (121.237695, 31.461299)
2025-07-12 02:02:05,795 - INFO - 📈 进度: 2814/3473 (81.0%)
2025-07-12 02:02:06,774 - INFO - ✅ API调用成功: 121.665394, 31.111941 -> 浦东新区
2025-07-12 02:02:06,779 - INFO - 🔄 正在处理记录 3312: (121.460157, 31.029425)
2025-07-12 02:02:06,779 - INFO - 📈 进度: 2815/3473 (81.1%)
2025-07-12 02:02:07,783 - INFO - ✅ API调用成功: 121.863048, 30.99396 -> 浦东新区
2025-07-12 02:02:07,789 - INFO - 🔄 正在处理记录 3313: (121.363737, 31.191827)
2025-07-12 02:02:07,789 - INFO - 📈 进度: 2816/3473 (81.1%)
2025-07-12 02:02:08,823 - INFO - ✅ API调用成功: 121.30329, 31.267861 -> 嘉定区
2025-07-12 02:02:08,827 - INFO - 🔄 正在处理记录 3314: (121.45588, 31.232456)
2025-07-12 02:02:08,827 - INFO - 📈 进度: 2817/3473 (81.1%)
2025-07-12 02:02:09,815 - INFO - ✅ API调用成功: 121.290519, 31.271079 -> 嘉定区
2025-07-12 02:02:09,817 - INFO - 🔄 正在处理记录 3315: (121.356985, 31.213876)
2025-07-12 02:02:09,817 - INFO - 📈 进度: 2818/3473 (81.1%)
2025-07-12 02:02:10,876 - INFO - ✅ API调用成功: 121.377986, 31.079832 -> 闵行区
2025-07-12 02:02:10,881 - INFO - 🔄 正在处理记录 3316: (121.327883, 31.066668)
2025-07-12 02:02:10,881 - INFO - 📈 进度: 2819/3473 (81.2%)
2025-07-12 02:02:11,956 - INFO - ✅ API调用成功: 121.288749, 31.10349 -> 松江区
2025-07-12 02:02:11,961 - INFO - 🔄 正在处理记录 3317: (121.744602, 31.172276)
2025-07-12 02:02:11,966 - INFO - ✅ 写入 10 条结果到 /Users/songdingan/Downloads/detect_bus/final_station_ranking_with_district.csv
2025-07-12 02:02:11,966 - INFO - 📈 进度: 2820/3473 (81.2%)
2025-07-12 02:02:12,848 - INFO - ✅ API调用成功: 121.631966, 31.313278 -> 浦东新区
2025-07-12 02:02:12,854 - INFO - 🔄 正在处理记录 3318: (121.568073, 31.158491)
2025-07-12 02:02:12,854 - INFO - 📈 进度: 2821/3473 (81.2%)
2025-07-12 02:02:13,836 - INFO - ✅ API调用成功: 121.451243, 31.115062 -> 闵行区
2025-07-12 02:02:13,841 - INFO - 🔄 正在处理记录 3319: (121.439427, 31.32772)
2025-07-12 02:02:13,841 - INFO - 📈 进度: 2822/3473 (81.3%)
2025-07-12 02:02:15,875 - INFO - ✅ API调用成功: 121.437212, 31.10735 -> 闵行区
2025-07-12 02:02:15,879 - INFO - 🔄 正在处理记录 3320: (121.453695, 31.312649)
2025-07-12 02:02:15,879 - INFO - 📈 进度: 2823/3473 (81.3%)
2025-07-12 02:02:15,917 - INFO - ✅ API调用成功: 121.089738, 30.870152 -> 金山区
2025-07-12 02:02:15,921 - INFO - 🔄 正在处理记录 3321: (121.504883, 31.276557)
2025-07-12 02:02:15,921 - INFO - 📈 进度: 2824/3473 (81.3%)
2025-07-12 02:02:16,883 - INFO - ✅ API调用成功: 121.619694, 31.112787 -> 浦东新区
2025-07-12 02:02:16,888 - INFO - 🔄 正在处理记录 3322: (121.352306, 31.171746)
2025-07-12 02:02:16,888 - INFO - 📈 进度: 2825/3473 (81.3%)
2025-07-12 02:02:17,868 - INFO - ✅ API调用成功: 121.263958, 31.380185 -> 嘉定区
2025-07-12 02:02:17,875 - INFO - 🔄 正在处理记录 3323: (121.509793, 31.277783)
2025-07-12 02:02:17,875 - INFO - 📈 进度: 2826/3473 (81.4%)
2025-07-12 02:02:18,851 - INFO - ✅ API调用成功: 121.533312, 31.166349 -> 浦东新区
2025-07-12 02:02:18,856 - INFO - 🔄 正在处理记录 3324: (121.621136, 31.327681)
2025-07-12 02:02:18,856 - INFO - 📈 进度: 2827/3473 (81.4%)
2025-07-12 02:02:19,912 - INFO - ✅ API调用成功: 121.606675, 31.265341 -> 浦东新区
2025-07-12 02:02:19,914 - INFO - 🔄 正在处理记录 3325: (121.501818, 31.174373)
2025-07-12 02:02:19,914 - INFO - 📈 进度: 2828/3473 (81.4%)
2025-07-12 02:02:20,865 - INFO - ✅ API调用成功: 121.633732, 31.22061 -> 浦东新区
2025-07-12 02:02:20,870 - INFO - 🔄 正在处理记录 3326: (121.491543, 31.158248)
2025-07-12 02:02:20,870 - INFO - 📈 进度: 2829/3473 (81.5%)
2025-07-12 02:02:21,855 - INFO - ✅ API调用成功: 121.309159, 31.191267 -> 青浦区
2025-07-12 02:02:21,860 - INFO - 🔄 正在处理记录 3327: (121.373951, 31.033181)
2025-07-12 02:02:21,865 - INFO - ✅ 写入 10 条结果到 /Users/songdingan/Downloads/detect_bus/final_station_ranking_with_district.csv
2025-07-12 02:02:21,866 - INFO - 📈 进度: 2830/3473 (81.5%)
2025-07-12 02:02:22,880 - INFO - ✅ API调用成功: 121.315231, 31.258 -> 嘉定区
2025-07-12 02:02:22,884 - INFO - 🔄 正在处理记录 3328: (121.630165, 31.33063)
2025-07-12 02:02:22,884 - INFO - 📈 进度: 2831/3473 (81.5%)
2025-07-12 02:02:23,904 - INFO - ✅ API调用成功: 121.448575, 31.29142 -> 静安区
2025-07-12 02:02:23,906 - INFO - 🔄 正在处理记录 3329: (121.48584, 31.175442)
2025-07-12 02:02:23,906 - INFO - 📈 进度: 2832/3473 (81.5%)
2025-07-12 02:02:25,034 - INFO - ✅ API调用成功: 121.449046, 31.64675 -> 崇明区
2025-07-12 02:02:25,039 - INFO - 🔄 正在处理记录 3330: (121.520623, 31.208535)
2025-07-12 02:02:25,039 - INFO - 📈 进度: 2833/3473 (81.6%)
2025-07-12 02:02:27,585 - INFO - ✅ API调用成功: 121.72882, 30.899899 -> 奉贤区
2025-07-12 02:02:27,586 - INFO - ✅ API调用成功: 121.388184, 31.619914 -> 崇明区
2025-07-12 02:02:27,591 - INFO - 🔄 正在处理记录 3331: (121.044776, 31.122837)
2025-07-12 02:02:27,591 - INFO - 📈 进度: 2834/3473 (81.6%)
2025-07-12 02:02:27,595 - INFO - 🔄 正在处理记录 3332: (121.51304, 31.229541)
2025-07-12 02:02:27,595 - INFO - 📈 进度: 2835/3473 (81.6%)
2025-07-12 02:02:27,894 - INFO - ✅ API调用成功: 121.26237, 31.172194 -> 青浦区
2025-07-12 02:02:27,901 - INFO - 🔄 正在处理记录 3333: (121.529307, 31.300968)
2025-07-12 02:02:27,901 - INFO - 📈 进度: 2836/3473 (81.7%)
2025-07-12 02:02:29,009 - INFO - ✅ API调用成功: 121.566467, 31.160394 -> 浦东新区
2025-07-12 02:02:29,013 - INFO - 🔄 正在处理记录 3334: (121.529017, 31.340441)
2025-07-12 02:02:29,013 - INFO - 📈 进度: 2837/3473 (81.7%)
2025-07-12 02:02:29,919 - INFO - ✅ API调用成功: 121.778146, 31.091738 -> 浦东新区
2025-07-12 02:02:29,921 - INFO - 🔄 正在处理记录 3335: (121.498631, 31.177682)
2025-07-12 02:02:29,921 - INFO - 📈 进度: 2838/3473 (81.7%)
2025-07-12 02:02:30,919 - INFO - ✅ API调用成功: 121.744521, 31.070602 -> 浦东新区
2025-07-12 02:02:30,923 - INFO - 🔄 正在处理记录 3336: (121.485573, 31.2395)
2025-07-12 02:02:30,924 - INFO - 📈 进度: 2839/3473 (81.7%)
2025-07-12 02:02:31,897 - INFO - ✅ API调用成功: 121.835195, 31.094419 -> 浦东新区
2025-07-12 02:02:31,902 - INFO - 🔄 正在处理记录 3337: (121.771694, 31.341406)
2025-07-12 02:02:31,908 - INFO - ✅ 写入 10 条结果到 /Users/songdingan/Downloads/detect_bus/final_station_ranking_with_district.csv
2025-07-12 02:02:31,908 - INFO - 📈 进度: 2840/3473 (81.8%)
2025-07-12 02:02:32,945 - INFO - ✅ API调用成功: 121.504232, 31.264711 -> 虹口区
2025-07-12 02:02:32,950 - INFO - 🔄 正在处理记录 3338: (121.434209, 31.21993)
2025-07-12 02:02:32,950 - INFO - 📈 进度: 2841/3473 (81.8%)
2025-07-12 02:02:33,957 - INFO - ✅ API调用成功: 121.346212, 31.359347 -> 宝山区
2025-07-12 02:02:33,962 - INFO - 🔄 正在处理记录 3339: (121.591431, 31.212542)
2025-07-12 02:02:33,962 - INFO - 📈 进度: 2842/3473 (81.8%)
2025-07-12 02:02:34,972 - INFO - ✅ API调用成功: 121.757659, 31.088564 -> 浦东新区
2025-07-12 02:02:34,977 - INFO - 🔄 正在处理记录 3340: (121.464566, 31.199489)
2025-07-12 02:02:34,977 - INFO - 📈 进度: 2843/3473 (81.9%)
2025-07-12 02:02:35,963 - INFO - ✅ API调用成功: 121.419752, 31.180499 -> 徐汇区
2025-07-12 02:02:35,967 - INFO - 🔄 正在处理记录 3341: (121.056107, 31.110427)
2025-07-12 02:02:35,967 - INFO - 📈 进度: 2844/3473 (81.9%)
2025-07-12 02:02:36,968 - INFO - ✅ API调用成功: 121.498668, 31.174061 -> 浦东新区
2025-07-12 02:02:36,972 - INFO - 🔄 正在处理记录 3342: (121.542411, 31.042829)
2025-07-12 02:02:36,972 - INFO - 📈 进度: 2845/3473 (81.9%)
2025-07-12 02:02:38,074 - INFO - ✅ API调用成功: 121.035983, 31.107985 -> 青浦区
2025-07-12 02:02:38,085 - INFO - 🔄 正在处理记录 3343: (121.515759, 31.300207)
2025-07-12 02:02:38,085 - INFO - 📈 进度: 2846/3473 (81.9%)
2025-07-12 02:02:38,985 - INFO - ✅ API调用成功: 121.553481, 31.280527 -> 杨浦区
2025-07-12 02:02:38,989 - INFO - 🔄 正在处理记录 3344: (121.427678, 31.221702)
2025-07-12 02:02:38,989 - INFO - 📈 进度: 2847/3473 (82.0%)
2025-07-12 02:02:39,975 - INFO - ✅ API调用成功: 121.548581, 31.228494 -> 浦东新区
2025-07-12 02:02:39,980 - INFO - 🔄 正在处理记录 3345: (121.269963, 31.004722)
2025-07-12 02:02:39,980 - INFO - 📈 进度: 2848/3473 (82.0%)
2025-07-12 02:02:40,982 - INFO - ✅ API调用成功: 121.018923, 31.115091 -> 青浦区
2025-07-12 02:02:40,987 - INFO - 🔄 正在处理记录 3346: (121.614505, 31.538174)
2025-07-12 02:02:40,987 - INFO - 📈 进度: 2849/3473 (82.0%)
2025-07-12 02:02:41,987 - INFO - ✅ API调用成功: 121.182021, 31.04419 -> 松江区
2025-07-12 02:02:41,991 - INFO - 🔄 正在处理记录 3347: (121.446148, 31.14636)
2025-07-12 02:02:41,997 - INFO - ✅ 写入 10 条结果到 /Users/songdingan/Downloads/detect_bus/final_station_ranking_with_district.csv
2025-07-12 02:02:41,997 - INFO - 📈 进度: 2850/3473 (82.1%)
2025-07-12 02:02:42,998 - INFO - ✅ API调用成功: 121.437584, 31.368618 -> 宝山区
2025-07-12 02:02:43,002 - INFO - 🔄 正在处理记录 3348: (121.290025, 31.818283)
2025-07-12 02:02:43,002 - INFO - 📈 进度: 2851/3473 (82.1%)
2025-07-12 02:02:44,012 - INFO - ✅ API调用成功: 121.150678, 31.352544 -> 嘉定区
2025-07-12 02:02:44,016 - INFO - 🔄 正在处理记录 3349: (121.286437, 31.792942)
2025-07-12 02:02:44,017 - INFO - 📈 进度: 2852/3473 (82.1%)
2025-07-12 02:02:45,000 - INFO - ✅ API调用成功: 121.314931, 31.13246 -> 松江区
2025-07-12 02:02:45,004 - INFO - 🔄 正在处理记录 3350: (121.522072, 31.28402)
2025-07-12 02:02:45,004 - INFO - 📈 进度: 2853/3473 (82.1%)
2025-07-12 02:02:46,003 - INFO - ✅ API调用成功: 121.237695, 31.461299 -> 嘉定区
2025-07-12 02:02:46,008 - INFO - 🔄 正在处理记录 3351: (121.66789, 31.198477)
2025-07-12 02:02:46,008 - INFO - 📈 进度: 2854/3473 (82.2%)
2025-07-12 02:02:47,047 - INFO - ✅ API调用成功: 121.460157, 31.029425 -> 闵行区
2025-07-12 02:02:47,052 - INFO - 🔄 正在处理记录 3352: (121.378776, 31.771581)
2025-07-12 02:02:47,052 - INFO - 📈 进度: 2855/3473 (82.2%)
2025-07-12 02:02:48,035 - INFO - ✅ API调用成功: 121.363737, 31.191827 -> 长宁区
2025-07-12 02:02:48,040 - INFO - 🔄 正在处理记录 3353: (121.573999, 31.137392)
2025-07-12 02:02:48,040 - INFO - 📈 进度: 2856/3473 (82.2%)
2025-07-12 02:02:49,442 - INFO - ✅ API调用成功: 121.45588, 31.232456 -> 静安区
2025-07-12 02:02:49,446 - INFO - 🔄 正在处理记录 3354: (121.199143, 31.25159)
2025-07-12 02:02:49,447 - INFO - 📈 进度: 2857/3473 (82.3%)
2025-07-12 02:02:50,182 - INFO - ✅ API调用成功: 121.356985, 31.213876 -> 长宁区
2025-07-12 02:02:50,187 - INFO - 🔄 正在处理记录 3355: (121.612126, 31.204781)
2025-07-12 02:02:50,187 - INFO - 📈 进度: 2858/3473 (82.3%)
2025-07-12 02:02:51,053 - INFO - ✅ API调用成功: 121.327883, 31.066668 -> 松江区
2025-07-12 02:02:51,057 - INFO - 🔄 正在处理记录 3356: (121.280629, 31.36869)
2025-07-12 02:02:51,057 - INFO - 📈 进度: 2859/3473 (82.3%)
2025-07-12 02:02:52,333 - INFO - ✅ API调用成功: 121.744602, 31.172276 -> 浦东新区
2025-07-12 02:02:52,339 - INFO - 🔄 正在处理记录 3357: (121.519622, 31.213943)
2025-07-12 02:02:52,345 - INFO - ✅ 写入 10 条结果到 /Users/songdingan/Downloads/detect_bus/final_station_ranking_with_district.csv
2025-07-12 02:02:52,345 - INFO - 📈 进度: 2860/3473 (82.3%)
2025-07-12 02:02:53,443 - INFO - ✅ API调用成功: 121.568073, 31.158491 -> 浦东新区
2025-07-12 02:02:53,447 - INFO - 🔄 正在处理记录 3358: (121.40968, 31.251932)
2025-07-12 02:02:53,448 - INFO - 📈 进度: 2861/3473 (82.4%)
2025-07-12 02:02:54,456 - INFO - ✅ API调用成功: 121.439427, 31.32772 -> 宝山区
2025-07-12 02:02:54,461 - INFO - 🔄 正在处理记录 3359: (121.168109, 31.270143)
2025-07-12 02:02:54,461 - INFO - 📈 进度: 2862/3473 (82.4%)
2025-07-12 02:02:55,109 - INFO - ✅ API调用成功: 121.453695, 31.312649 -> 静安区
2025-07-12 02:02:55,114 - INFO - 🔄 正在处理记录 3360: (121.687461, 31.060523)
2025-07-12 02:02:55,114 - INFO - 📈 进度: 2863/3473 (82.4%)
2025-07-12 02:02:56,096 - INFO - ✅ API调用成功: 121.504883, 31.276557 -> 虹口区
2025-07-12 02:02:56,101 - INFO - 🔄 正在处理记录 3361: (121.519436, 31.181059)
2025-07-12 02:02:56,101 - INFO - 📈 进度: 2864/3473 (82.5%)
2025-07-12 02:02:57,094 - INFO - ✅ API调用成功: 121.352306, 31.171746 -> 闵行区
2025-07-12 02:02:57,099 - INFO - 🔄 正在处理记录 3362: (121.193311, 31.007415)
2025-07-12 02:02:57,099 - INFO - 📈 进度: 2865/3473 (82.5%)
2025-07-12 02:02:58,116 - INFO - ✅ API调用成功: 121.509793, 31.277783 -> 虹口区
2025-07-12 02:02:58,120 - INFO - 🔄 正在处理记录 3363: (121.701216, 31.192006)
2025-07-12 02:02:58,120 - INFO - 📈 进度: 2866/3473 (82.5%)
2025-07-12 02:02:59,102 - INFO - ✅ API调用成功: 121.621136, 31.327681 -> 浦东新区
2025-07-12 02:02:59,107 - INFO - 🔄 正在处理记录 3364: (121.194039, 30.941917)
2025-07-12 02:02:59,107 - INFO - 📈 进度: 2867/3473 (82.6%)
2025-07-12 02:03:00,237 - INFO - ✅ API调用成功: 121.501818, 31.174373 -> 浦东新区
2025-07-12 02:03:00,241 - INFO - 🔄 正在处理记录 3365: (121.443805, 31.191476)
2025-07-12 02:03:00,241 - INFO - 📈 进度: 2868/3473 (82.6%)
2025-07-12 02:03:01,126 - INFO - ✅ API调用成功: 121.491543, 31.158248 -> 浦东新区
2025-07-12 02:03:01,134 - INFO - 🔄 正在处理记录 3366: (121.052748, 31.086923)
2025-07-12 02:03:01,134 - INFO - 📈 进度: 2869/3473 (82.6%)
2025-07-12 02:03:02,125 - INFO - ✅ API调用成功: 121.373951, 31.033181 -> 闵行区
2025-07-12 02:03:02,129 - INFO - 🔄 正在处理记录 3367: (121.04713, 31.087323)
2025-07-12 02:03:02,140 - INFO - ✅ 写入 10 条结果到 /Users/songdingan/Downloads/detect_bus/final_station_ranking_with_district.csv
2025-07-12 02:03:02,140 - INFO - 📈 进度: 2870/3473 (82.6%)
2025-07-12 02:03:03,148 - INFO - ✅ API调用成功: 121.630165, 31.33063 -> 浦东新区
2025-07-12 02:03:03,154 - INFO - 🔄 正在处理记录 3368: (121.288004, 31.199391)
2025-07-12 02:03:03,154 - INFO - 📈 进度: 2871/3473 (82.7%)
2025-07-12 02:03:04,170 - INFO - ✅ API调用成功: 121.48584, 31.175442 -> 浦东新区
2025-07-12 02:03:04,174 - INFO - 🔄 正在处理记录 3369: (121.45913, 31.257018)
2025-07-12 02:03:04,174 - INFO - 📈 进度: 2872/3473 (82.7%)
2025-07-12 02:03:05,273 - INFO - ✅ API调用成功: 121.520623, 31.208535 -> 浦东新区
2025-07-12 02:03:05,278 - INFO - 🔄 正在处理记录 3370: (121.227639, 30.829087)
2025-07-12 02:03:05,279 - INFO - 📈 进度: 2873/3473 (82.7%)
2025-07-12 02:03:06,149 - INFO - ✅ API调用成功: 121.044776, 31.122837 -> 青浦区
2025-07-12 02:03:06,154 - INFO - 🔄 正在处理记录 3371: (121.452505, 31.040668)
2025-07-12 02:03:06,154 - INFO - 📈 进度: 2874/3473 (82.8%)
2025-07-12 02:03:07,151 - INFO - ✅ API调用成功: 121.51304, 31.229541 -> 黄浦区
2025-07-12 02:03:07,165 - INFO - 🔄 正在处理记录 3372: (121.693255, 31.395391)
2025-07-12 02:03:07,165 - INFO - 📈 进度: 2875/3473 (82.8%)
2025-07-12 02:03:08,180 - INFO - ✅ API调用成功: 121.529307, 31.300968 -> 杨浦区
2025-07-12 02:03:08,185 - INFO - 🔄 正在处理记录 3373: (121.467473, 31.316939)
2025-07-12 02:03:08,185 - INFO - 📈 进度: 2876/3473 (82.8%)
2025-07-12 02:03:09,197 - INFO - ✅ API调用成功: 121.529017, 31.340441 -> 杨浦区
2025-07-12 02:03:09,202 - INFO - 🔄 正在处理记录 3374: (121.467389, 31.327719)
2025-07-12 02:03:09,202 - INFO - 📈 进度: 2877/3473 (82.8%)
2025-07-12 02:03:10,177 - INFO - ✅ API调用成功: 121.498631, 31.177682 -> 浦东新区
2025-07-12 02:03:10,184 - INFO - 🔄 正在处理记录 3375: (121.470245, 31.25396)
2025-07-12 02:03:10,184 - INFO - 📈 进度: 2878/3473 (82.9%)
2025-07-12 02:03:11,213 - INFO - ✅ API调用成功: 121.485573, 31.2395 -> 黄浦区
2025-07-12 02:03:11,220 - INFO - 🔄 正在处理记录 3376: (121.490467, 30.921337)
2025-07-12 02:03:11,220 - INFO - 📈 进度: 2879/3473 (82.9%)
2025-07-12 02:03:12,162 - INFO - ✅ API调用成功: 121.771694, 31.341406 -> 崇明区
2025-07-12 02:03:12,166 - INFO - 🔄 正在处理记录 3377: (121.443116, 31.372824)
2025-07-12 02:03:12,176 - INFO - ✅ 写入 10 条结果到 /Users/songdingan/Downloads/detect_bus/final_station_ranking_with_district.csv
2025-07-12 02:03:12,176 - INFO - 📈 进度: 2880/3473 (82.9%)
2025-07-12 02:03:13,208 - INFO - ✅ API调用成功: 121.434209, 31.21993 -> 长宁区
2025-07-12 02:03:13,213 - INFO - 🔄 正在处理记录 3378: (121.438653, 30.963684)
2025-07-12 02:03:13,213 - INFO - 📈 进度: 2881/3473 (83.0%)
2025-07-12 02:03:14,226 - INFO - ✅ API调用成功: 121.591431, 31.212542 -> 浦东新区
2025-07-12 02:03:14,231 - INFO - 🔄 正在处理记录 3379: (121.823018, 30.863909)
2025-07-12 02:03:14,231 - INFO - 📈 进度: 2882/3473 (83.0%)
2025-07-12 02:03:15,234 - INFO - ✅ API调用成功: 121.464566, 31.199489 -> 徐汇区
2025-07-12 02:03:15,238 - INFO - 🔄 正在处理记录 3380: (121.732081, 30.885098)
2025-07-12 02:03:15,238 - INFO - 📈 进度: 2883/3473 (83.0%)
2025-07-12 02:03:16,231 - INFO - ✅ API调用成功: 121.056107, 31.110427 -> 青浦区
2025-07-12 02:03:16,235 - INFO - 🔄 正在处理记录 3381: (121.642054, 30.949175)
2025-07-12 02:03:16,235 - INFO - 📈 进度: 2884/3473 (83.0%)
2025-07-12 02:03:17,209 - INFO - ✅ API调用成功: 121.542411, 31.042829 -> 闵行区
2025-07-12 02:03:17,213 - INFO - 🔄 正在处理记录 3382: (121.464232, 31.247504)
2025-07-12 02:03:17,213 - INFO - 📈 进度: 2885/3473 (83.1%)
2025-07-12 02:03:18,234 - INFO - ✅ API调用成功: 121.515759, 31.300207 -> 杨浦区
2025-07-12 02:03:18,238 - INFO - 🔄 正在处理记录 3383: (121.761936, 31.104624)
2025-07-12 02:03:18,238 - INFO - 📈 进度: 2886/3473 (83.1%)
2025-07-12 02:03:19,218 - INFO - ✅ API调用成功: 121.427678, 31.221702 -> 长宁区
2025-07-12 02:03:19,222 - INFO - 🔄 正在处理记录 3384: (121.580734, 31.337937)
2025-07-12 02:03:19,222 - INFO - 📈 进度: 2887/3473 (83.1%)
2025-07-12 02:03:20,238 - INFO - ✅ API调用成功: 121.269963, 31.004722 -> 松江区
2025-07-12 02:03:20,242 - INFO - 🔄 正在处理记录 3385: (121.467313, 31.031581)
2025-07-12 02:03:20,242 - INFO - 📈 进度: 2888/3473 (83.2%)
2025-07-12 02:03:21,248 - INFO - ✅ API调用成功: 121.614505, 31.538174 -> 崇明区
2025-07-12 02:03:21,253 - INFO - 🔄 正在处理记录 3386: (121.709317, 31.112261)
2025-07-12 02:03:21,253 - INFO - 📈 进度: 2889/3473 (83.2%)
2025-07-12 02:03:22,286 - INFO - ✅ API调用成功: 121.446148, 31.14636 -> 徐汇区
2025-07-12 02:03:22,291 - INFO - 🔄 正在处理记录 3387: (121.298442, 31.407769)
2025-07-12 02:03:22,296 - INFO - ✅ 写入 10 条结果到 /Users/songdingan/Downloads/detect_bus/final_station_ranking_with_district.csv
2025-07-12 02:03:22,296 - INFO - 📈 进度: 2890/3473 (83.2%)
2025-07-12 02:03:23,256 - INFO - ✅ API调用成功: 121.290025, 31.818283 -> 崇明区
2025-07-12 02:03:23,260 - INFO - 🔄 正在处理记录 3388: (121.259204, 31.161665)
2025-07-12 02:03:23,260 - INFO - 📈 进度: 2891/3473 (83.2%)
2025-07-12 02:03:24,423 - INFO - ✅ API调用成功: 121.286437, 31.792942 -> 崇明区
2025-07-12 02:03:24,429 - INFO - 🔄 正在处理记录 3389: (121.201679, 31.152445)
2025-07-12 02:03:24,430 - INFO - 📈 进度: 2892/3473 (83.3%)
2025-07-12 02:03:25,263 - INFO - ✅ API调用成功: 121.522072, 31.28402 -> 杨浦区
2025-07-12 02:03:25,272 - INFO - 🔄 正在处理记录 3390: (121.35363, 31.145225)
2025-07-12 02:03:25,272 - INFO - 📈 进度: 2893/3473 (83.3%)
2025-07-12 02:03:26,272 - INFO - ✅ API调用成功: 121.66789, 31.198477 -> 浦东新区
2025-07-12 02:03:26,278 - INFO - 🔄 正在处理记录 3391: (121.313532, 30.889639)
2025-07-12 02:03:26,278 - INFO - 📈 进度: 2894/3473 (83.3%)
2025-07-12 02:03:27,288 - INFO - ✅ API调用成功: 121.378776, 31.771581 -> 崇明区
2025-07-12 02:03:27,294 - INFO - 🔄 正在处理记录 3392: (121.3494, 30.890683)
2025-07-12 02:03:27,295 - INFO - 📈 进度: 2895/3473 (83.4%)
2025-07-12 02:03:28,289 - INFO - ✅ API调用成功: 121.573999, 31.137392 -> 浦东新区
2025-07-12 02:03:28,294 - INFO - 🔄 正在处理记录 3393: (121.428824, 31.413947)
2025-07-12 02:03:28,294 - INFO - 📈 进度: 2896/3473 (83.4%)
2025-07-12 02:03:29,305 - INFO - ✅ API调用成功: 121.199143, 31.25159 -> 青浦区
2025-07-12 02:03:29,309 - INFO - 🔄 正在处理记录 3394: (121.376442, 31.167214)
2025-07-12 02:03:29,309 - INFO - 📈 进度: 2897/3473 (83.4%)
2025-07-12 02:03:30,329 - INFO - ✅ API调用成功: 121.612126, 31.204781 -> 浦东新区
2025-07-12 02:03:30,333 - INFO - 🔄 正在处理记录 3395: (121.367246, 31.172868)
2025-07-12 02:03:30,333 - INFO - 📈 进度: 2898/3473 (83.4%)
2025-07-12 02:03:31,317 - INFO - ✅ API调用成功: 121.280629, 31.36869 -> 嘉定区
2025-07-12 02:03:31,321 - INFO - 🔄 正在处理记录 3396: (121.372817, 31.099622)
2025-07-12 02:03:31,321 - INFO - 📈 进度: 2899/3473 (83.5%)
2025-07-12 02:03:32,301 - INFO - ✅ API调用成功: 121.519622, 31.213943 -> 浦东新区
2025-07-12 02:03:32,306 - INFO - 🔄 正在处理记录 3397: (121.391943, 31.15566)
2025-07-12 02:03:32,310 - INFO - ✅ 写入 10 条结果到 /Users/songdingan/Downloads/detect_bus/final_station_ranking_with_district.csv
2025-07-12 02:03:32,310 - INFO - 📈 进度: 2900/3473 (83.5%)
2025-07-12 02:03:33,362 - INFO - ✅ API调用成功: 121.40968, 31.251932 -> 普陀区
2025-07-12 02:03:33,366 - INFO - 🔄 正在处理记录 3398: (121.397329, 31.428976)
2025-07-12 02:03:33,366 - INFO - 📈 进度: 2901/3473 (83.5%)
2025-07-12 02:03:34,322 - INFO - ✅ API调用成功: 121.168109, 31.270143 -> 青浦区
2025-07-12 02:03:34,327 - INFO - 🔄 正在处理记录 3399: (121.504009, 31.014904)
2025-07-12 02:03:34,327 - INFO - 📈 进度: 2902/3473 (83.6%)
2025-07-12 02:03:35,295 - INFO - ✅ API调用成功: 121.687461, 31.060523 -> 浦东新区
2025-07-12 02:03:35,299 - INFO - 🔄 正在处理记录 3400: (121.467985, 30.922332)
2025-07-12 02:03:35,300 - INFO - 📈 进度: 2903/3473 (83.6%)
2025-07-12 02:03:36,549 - INFO - ✅ API调用成功: 121.519436, 31.181059 -> 浦东新区
2025-07-12 02:03:36,553 - INFO - 🔄 正在处理记录 3401: (121.511954, 30.925616)
2025-07-12 02:03:36,553 - INFO - 📈 进度: 2904/3473 (83.6%)
2025-07-12 02:03:37,334 - INFO - ✅ API调用成功: 121.193311, 31.007415 -> 松江区
2025-07-12 02:03:37,339 - INFO - 🔄 正在处理记录 3402: (121.111853, 30.989287)
2025-07-12 02:03:37,339 - INFO - 📈 进度: 2905/3473 (83.6%)
2025-07-12 02:03:38,345 - INFO - ✅ API调用成功: 121.701216, 31.192006 -> 浦东新区
2025-07-12 02:03:38,349 - INFO - 🔄 正在处理记录 3403: (121.332066, 31.136959)
2025-07-12 02:03:38,349 - INFO - 📈 进度: 2906/3473 (83.7%)
2025-07-12 02:03:39,327 - INFO - ✅ API调用成功: 121.194039, 30.941917 -> 松江区
2025-07-12 02:03:39,332 - INFO - 🔄 正在处理记录 3404: (121.454165, 30.919176)
2025-07-12 02:03:39,332 - INFO - 📈 进度: 2907/3473 (83.7%)
2025-07-12 02:03:40,355 - INFO - ✅ API调用成功: 121.443805, 31.191476 -> 徐汇区
2025-07-12 02:03:40,359 - INFO - 🔄 正在处理记录 3405: (121.367483, 31.135661)
2025-07-12 02:03:40,359 - INFO - 📈 进度: 2908/3473 (83.7%)
2025-07-12 02:03:41,468 - INFO - ✅ API调用成功: 121.052748, 31.086923 -> 青浦区
2025-07-12 02:03:41,475 - INFO - 🔄 正在处理记录 3406: (121.594603, 31.250992)
2025-07-12 02:03:41,475 - INFO - 📈 进度: 2909/3473 (83.8%)
2025-07-12 02:03:42,352 - INFO - ✅ API调用成功: 121.04713, 31.087323 -> 青浦区
2025-07-12 02:03:42,357 - INFO - 🔄 正在处理记录 3407: (121.548536, 31.252698)
2025-07-12 02:03:42,362 - INFO - ✅ 写入 10 条结果到 /Users/songdingan/Downloads/detect_bus/final_station_ranking_with_district.csv
2025-07-12 02:03:42,362 - INFO - 📈 进度: 2910/3473 (83.8%)
2025-07-12 02:03:43,359 - INFO - ✅ API调用成功: 121.288004, 31.199391 -> 青浦区
2025-07-12 02:03:43,363 - INFO - 🔄 正在处理记录 3408: (121.561909, 31.228434)
2025-07-12 02:03:43,363 - INFO - 📈 进度: 2911/3473 (83.8%)
2025-07-12 02:03:44,391 - INFO - ✅ API调用成功: 121.45913, 31.257018 -> 静安区
2025-07-12 02:03:44,396 - INFO - 🔄 正在处理记录 3409: (121.224518, 30.985067)
2025-07-12 02:03:44,396 - INFO - 📈 进度: 2912/3473 (83.8%)
2025-07-12 02:03:45,378 - INFO - ✅ API调用成功: 121.227639, 30.829087 -> 金山区
2025-07-12 02:03:45,384 - INFO - 🔄 正在处理记录 3410: (121.197053, 30.971254)
2025-07-12 02:03:45,384 - INFO - 📈 进度: 2913/3473 (83.9%)
2025-07-12 02:03:46,382 - INFO - ✅ API调用成功: 121.452505, 31.040668 -> 闵行区
2025-07-12 02:03:46,386 - INFO - 🔄 正在处理记录 3411: (121.217392, 31.387034)
2025-07-12 02:03:46,386 - INFO - 📈 进度: 2914/3473 (83.9%)
2025-07-12 02:03:47,393 - INFO - ✅ API调用成功: 121.693255, 31.395391 -> 崇明区
2025-07-12 02:03:47,398 - INFO - 🔄 正在处理记录 3412: (121.047503, 31.035059)
2025-07-12 02:03:47,398 - INFO - 📈 进度: 2915/3473 (83.9%)
2025-07-12 02:03:48,590 - INFO - ✅ API调用成功: 121.467473, 31.316939 -> 静安区
2025-07-12 02:03:48,594 - INFO - 🔄 正在处理记录 3413: (121.203274, 31.40862)
2025-07-12 02:03:48,594 - INFO - 📈 进度: 2916/3473 (84.0%)
2025-07-12 02:03:49,423 - INFO - ✅ API调用成功: 121.467389, 31.327719 -> 宝山区
2025-07-12 02:03:49,427 - INFO - 🔄 正在处理记录 3414: (121.749233, 31.05563)
2025-07-12 02:03:49,427 - INFO - 📈 进度: 2917/3473 (84.0%)
2025-07-12 02:03:50,419 - INFO - ✅ API调用成功: 121.470245, 31.25396 -> 静安区
2025-07-12 02:03:50,423 - INFO - 🔄 正在处理记录 3415: (121.442089, 31.259375)
2025-07-12 02:03:50,423 - INFO - 📈 进度: 2918/3473 (84.0%)
2025-07-12 02:03:51,403 - INFO - ✅ API调用成功: 121.490467, 30.921337 -> 奉贤区
2025-07-12 02:03:51,407 - INFO - 🔄 正在处理记录 3416: (121.584362, 31.021405)
2025-07-12 02:03:51,407 - INFO - 📈 进度: 2919/3473 (84.0%)
2025-07-12 02:03:52,444 - INFO - ✅ API调用成功: 121.443116, 31.372824 -> 宝山区
2025-07-12 02:03:52,449 - INFO - 🔄 正在处理记录 3417: (121.154836, 31.153044)
2025-07-12 02:03:52,455 - INFO - ✅ 写入 10 条结果到 /Users/songdingan/Downloads/detect_bus/final_station_ranking_with_district.csv
2025-07-12 02:03:52,455 - INFO - 📈 进度: 2920/3473 (84.1%)
2025-07-12 02:03:53,502 - INFO - ✅ API调用成功: 121.438653, 30.963684 -> 奉贤区
2025-07-12 02:03:53,507 - INFO - 🔄 正在处理记录 3418: (121.276462, 30.931907)
2025-07-12 02:03:53,507 - INFO - 📈 进度: 2921/3473 (84.1%)
2025-07-12 02:03:54,443 - INFO - ✅ API调用成功: 121.823018, 30.863909 -> 浦东新区
2025-07-12 02:03:54,447 - INFO - 🔄 正在处理记录 3419: (121.248783, 31.351841)
2025-07-12 02:03:54,447 - INFO - 📈 进度: 2922/3473 (84.1%)
2025-07-12 02:03:55,408 - INFO - ✅ API调用成功: 121.732081, 30.885098 -> 奉贤区
2025-07-12 02:03:55,412 - INFO - 🔄 正在处理记录 3420: (121.13879, 31.160513)
2025-07-12 02:03:55,412 - INFO - 📈 进度: 2923/3473 (84.2%)
2025-07-12 02:03:56,518 - INFO - ✅ API调用成功: 121.642054, 30.949175 -> 奉贤区
2025-07-12 02:03:56,523 - INFO - 🔄 正在处理记录 3421: (121.529338, 31.307598)
2025-07-12 02:03:56,523 - INFO - 📈 进度: 2924/3473 (84.2%)
2025-07-12 02:03:57,471 - INFO - ✅ API调用成功: 121.464232, 31.247504 -> 静安区
2025-07-12 02:03:57,478 - INFO - 🔄 正在处理记录 3422: (121.097254, 31.148766)
2025-07-12 02:03:57,478 - INFO - 📈 进度: 2925/3473 (84.2%)
2025-07-12 02:03:58,470 - INFO - ✅ API调用成功: 121.761936, 31.104624 -> 浦东新区
2025-07-12 02:03:58,475 - INFO - 🔄 正在处理记录 3423: (121.792902, 30.902076)
2025-07-12 02:03:58,475 - INFO - 📈 进度: 2926/3473 (84.2%)
2025-07-12 02:03:59,475 - INFO - ✅ API调用成功: 121.580734, 31.337937 -> 浦东新区
2025-07-12 02:03:59,479 - INFO - 🔄 正在处理记录 3424: (121.742375, 30.97306)
2025-07-12 02:03:59,479 - INFO - 📈 进度: 2927/3473 (84.3%)
2025-07-12 02:04:00,705 - INFO - ✅ API调用成功: 121.467313, 31.031581 -> 闵行区
2025-07-12 02:04:00,710 - INFO - 🔄 正在处理记录 3425: (121.27416, 31.409686)
2025-07-12 02:04:00,710 - INFO - 📈 进度: 2928/3473 (84.3%)
2025-07-12 02:04:01,492 - INFO - ✅ API调用成功: 121.709317, 31.112261 -> 浦东新区
2025-07-12 02:04:01,498 - INFO - 🔄 正在处理记录 3426: (121.5094, 31.028622)
2025-07-12 02:04:01,499 - INFO - 📈 进度: 2929/3473 (84.3%)
2025-07-12 02:04:02,503 - INFO - ✅ API调用成功: 121.298442, 31.407769 -> 嘉定区
2025-07-12 02:04:02,507 - INFO - 🔄 正在处理记录 3427: (121.476685, 31.308448)
2025-07-12 02:04:02,511 - INFO - ✅ 写入 10 条结果到 /Users/songdingan/Downloads/detect_bus/final_station_ranking_with_district.csv
2025-07-12 02:04:02,511 - INFO - 📈 进度: 2930/3473 (84.4%)
2025-07-12 02:04:03,515 - INFO - ✅ API调用成功: 121.259204, 31.161665 -> 青浦区
2025-07-12 02:04:03,519 - INFO - 🔄 正在处理记录 3428: (121.601412, 31.558041)
2025-07-12 02:04:03,520 - INFO - 📈 进度: 2931/3473 (84.4%)
2025-07-12 02:04:04,505 - INFO - ✅ API调用成功: 121.201679, 31.152445 -> 青浦区
2025-07-12 02:04:04,509 - INFO - 🔄 正在处理记录 3429: (121.161602, 31.366919)
2025-07-12 02:04:04,509 - INFO - 📈 进度: 2932/3473 (84.4%)
2025-07-12 02:04:05,526 - INFO - ✅ API调用成功: 121.35363, 31.145225 -> 闵行区
2025-07-12 02:04:05,530 - INFO - 🔄 正在处理记录 3430: (121.22483, 31.105299)
2025-07-12 02:04:05,530 - INFO - 📈 进度: 2933/3473 (84.5%)
2025-07-12 02:04:06,538 - INFO - ✅ API调用成功: 121.313532, 30.889639 -> 金山区
2025-07-12 02:04:06,542 - INFO - 🔄 正在处理记录 3431: (121.42055, 31.196656)
2025-07-12 02:04:06,542 - INFO - 📈 进度: 2934/3473 (84.5%)
2025-07-12 02:04:07,527 - INFO - ✅ API调用成功: 121.3494, 30.890683 -> 金山区
2025-07-12 02:04:07,530 - INFO - 🔄 正在处理记录 3432: (121.419336, 31.209611)
2025-07-12 02:04:07,531 - INFO - 📈 进度: 2935/3473 (84.5%)
2025-07-12 02:04:08,534 - INFO - ✅ API调用成功: 121.428824, 31.413947 -> 宝山区
2025-07-12 02:04:08,538 - INFO - 🔄 正在处理记录 3433: (121.36148, 31.244101)
2025-07-12 02:04:08,538 - INFO - 📈 进度: 2936/3473 (84.5%)
2025-07-12 02:04:09,540 - INFO - ✅ API调用成功: 121.376442, 31.167214 -> 闵行区
2025-07-12 02:04:09,547 - INFO - 🔄 正在处理记录 3434: (121.270544, 31.117383)
2025-07-12 02:04:09,547 - INFO - 📈 进度: 2937/3473 (84.6%)
2025-07-12 02:04:10,549 - INFO - ✅ API调用成功: 121.367246, 31.172868 -> 闵行区
2025-07-12 02:04:10,552 - INFO - 🔄 正在处理记录 3435: (121.671019, 31.242345)
2025-07-12 02:04:10,552 - INFO - 📈 进度: 2938/3473 (84.6%)
2025-07-12 02:04:11,555 - INFO - ✅ API调用成功: 121.372817, 31.099622 -> 闵行区
2025-07-12 02:04:11,559 - INFO - 🔄 正在处理记录 3436: (121.401585, 31.256103)
2025-07-12 02:04:11,559 - INFO - 📈 进度: 2939/3473 (84.6%)
2025-07-12 02:04:12,752 - INFO - ✅ API调用成功: 121.391943, 31.15566 -> 闵行区
2025-07-12 02:04:12,756 - INFO - 🔄 正在处理记录 3437: (121.372691, 31.191422)
2025-07-12 02:04:12,762 - INFO - ✅ 写入 10 条结果到 /Users/songdingan/Downloads/detect_bus/final_station_ranking_with_district.csv
2025-07-12 02:04:12,762 - INFO - 📈 进度: 2940/3473 (84.7%)
2025-07-12 02:04:13,576 - INFO - ✅ API调用成功: 121.397329, 31.428976 -> 宝山区
2025-07-12 02:04:13,580 - INFO - 🔄 正在处理记录 3438: (121.253233, 31.01956)
2025-07-12 02:04:13,580 - INFO - 📈 进度: 2941/3473 (84.7%)
2025-07-12 02:04:14,563 - INFO - ✅ API调用成功: 121.504009, 31.014904 -> 闵行区
2025-07-12 02:04:14,568 - INFO - 🔄 正在处理记录 3439: (121.521825, 31.065433)
2025-07-12 02:04:14,568 - INFO - 📈 进度: 2942/3473 (84.7%)
2025-07-12 02:04:15,601 - INFO - ✅ API调用成功: 121.467985, 30.922332 -> 奉贤区
2025-07-12 02:04:15,606 - INFO - 🔄 正在处理记录 3440: (121.565119, 31.082695)
2025-07-12 02:04:15,606 - INFO - 📈 进度: 2943/3473 (84.7%)
2025-07-12 02:04:16,601 - INFO - ✅ API调用成功: 121.511954, 30.925616 -> 奉贤区
2025-07-12 02:04:16,606 - INFO - 🔄 正在处理记录 3441: (121.375778, 31.166767)
2025-07-12 02:04:16,606 - INFO - 📈 进度: 2944/3473 (84.8%)
2025-07-12 02:04:17,589 - INFO - ✅ API调用成功: 121.111853, 30.989287 -> 松江区
2025-07-12 02:04:17,594 - INFO - 🔄 正在处理记录 3442: (121.41533, 31.137443)
2025-07-12 02:04:17,594 - INFO - 📈 进度: 2945/3473 (84.8%)
2025-07-12 02:04:18,613 - INFO - ✅ API调用成功: 121.332066, 31.136959 -> 松江区
2025-07-12 02:04:18,617 - INFO - 🔄 正在处理记录 3443: (121.446818, 31.237504)
2025-07-12 02:04:18,617 - INFO - 📈 进度: 2946/3473 (84.8%)
2025-07-12 02:04:19,650 - INFO - ✅ API调用成功: 121.454165, 30.919176 -> 奉贤区
2025-07-12 02:04:19,655 - INFO - 🔄 正在处理记录 3444: (121.606589, 31.282249)
2025-07-12 02:04:19,655 - INFO - 📈 进度: 2947/3473 (84.9%)
2025-07-12 02:04:20,642 - INFO - ✅ API调用成功: 121.367483, 31.135661 -> 闵行区
2025-07-12 02:04:20,648 - INFO - 🔄 正在处理记录 3445: (121.373061, 31.055816)
2025-07-12 02:04:20,648 - INFO - 📈 进度: 2948/3473 (84.9%)
2025-07-12 02:04:21,630 - INFO - ✅ API调用成功: 121.594603, 31.250992 -> 浦东新区
2025-07-12 02:04:21,635 - INFO - 🔄 正在处理记录 3446: (121.493752, 31.218175)
2025-07-12 02:04:21,635 - INFO - 📈 进度: 2949/3473 (84.9%)
2025-07-12 02:04:22,648 - INFO - ✅ API调用成功: 121.548536, 31.252698 -> 浦东新区
2025-07-12 02:04:22,652 - INFO - 🔄 正在处理记录 3447: (121.511403, 31.212941)
2025-07-12 02:04:22,658 - INFO - ✅ 写入 10 条结果到 /Users/songdingan/Downloads/detect_bus/final_station_ranking_with_district.csv
2025-07-12 02:04:22,659 - INFO - 📈 进度: 2950/3473 (84.9%)
2025-07-12 02:04:23,732 - INFO - ✅ API调用成功: 121.561909, 31.228434 -> 浦东新区
2025-07-12 02:04:23,738 - INFO - 🔄 正在处理记录 3448: (121.427432, 31.253615)
2025-07-12 02:04:23,738 - INFO - 📈 进度: 2951/3473 (85.0%)
2025-07-12 02:04:24,888 - INFO - ✅ API调用成功: 121.224518, 30.985067 -> 松江区
2025-07-12 02:04:24,893 - INFO - 🔄 正在处理记录 3449: (121.256531, 31.118594)
2025-07-12 02:04:24,893 - INFO - 📈 进度: 2952/3473 (85.0%)
2025-07-12 02:04:25,651 - INFO - ✅ API调用成功: 121.197053, 30.971254 -> 松江区
2025-07-12 02:04:25,655 - INFO - 🔄 正在处理记录 3450: (121.270277, 31.124795)
2025-07-12 02:04:25,655 - INFO - 📈 进度: 2953/3473 (85.0%)
2025-07-12 02:04:26,661 - INFO - ✅ API调用成功: 121.217392, 31.387034 -> 嘉定区
2025-07-12 02:04:26,667 - INFO - 🔄 正在处理记录 3451: (121.794429, 31.0288)
2025-07-12 02:04:26,667 - INFO - 📈 进度: 2954/3473 (85.1%)
2025-07-12 02:04:27,652 - INFO - ✅ API调用成功: 121.047503, 31.035059 -> 青浦区
2025-07-12 02:04:27,656 - INFO - 🔄 正在处理记录 3452: (121.274376, 30.725851)
2025-07-12 02:04:27,656 - INFO - 📈 进度: 2955/3473 (85.1%)
2025-07-12 02:04:28,656 - INFO - ✅ API调用成功: 121.203274, 31.40862 -> 嘉定区
2025-07-12 02:04:28,661 - INFO - 🔄 正在处理记录 3453: (121.562411, 30.927128)
2025-07-12 02:04:28,661 - INFO - 📈 进度: 2956/3473 (85.1%)
2025-07-12 02:04:29,708 - INFO - ✅ API调用成功: 121.749233, 31.05563 -> 浦东新区
2025-07-12 02:04:29,712 - INFO - 🔄 正在处理记录 3454: (121.76404, 30.97514)
2025-07-12 02:04:29,712 - INFO - 📈 进度: 2957/3473 (85.1%)
2025-07-12 02:04:30,673 - INFO - ✅ API调用成功: 121.442089, 31.259375 -> 普陀区
2025-07-12 02:04:30,677 - INFO - 🔄 正在处理记录 3455: (121.339389, 30.729455)
2025-07-12 02:04:30,677 - INFO - 📈 进度: 2958/3473 (85.2%)
2025-07-12 02:04:31,750 - INFO - ✅ API调用成功: 121.584362, 31.021405 -> 浦东新区
2025-07-12 02:04:31,757 - INFO - 🔄 正在处理记录 3456: (121.46614, 31.244081)
2025-07-12 02:04:31,757 - INFO - 📈 进度: 2959/3473 (85.2%)
2025-07-12 02:04:32,707 - INFO - ✅ API调用成功: 121.154836, 31.153044 -> 青浦区
2025-07-12 02:04:32,712 - INFO - 🔄 正在处理记录 3457: (121.544853, 31.077258)
2025-07-12 02:04:32,718 - INFO - ✅ 写入 10 条结果到 /Users/songdingan/Downloads/detect_bus/final_station_ranking_with_district.csv
2025-07-12 02:04:32,718 - INFO - 📈 进度: 2960/3473 (85.2%)
2025-07-12 02:04:33,735 - INFO - ✅ API调用成功: 121.276462, 30.931907 -> 松江区
2025-07-12 02:04:33,739 - INFO - 🔄 正在处理记录 3458: (121.575071, 31.241148)
2025-07-12 02:04:33,739 - INFO - 📈 进度: 2961/3473 (85.3%)
2025-07-12 02:04:34,698 - INFO - ✅ API调用成功: 121.248783, 31.351841 -> 嘉定区
2025-07-12 02:04:34,703 - INFO - 🔄 正在处理记录 3459: (121.346752, 30.893859)
2025-07-12 02:04:34,703 - INFO - 📈 进度: 2962/3473 (85.3%)
2025-07-12 02:04:35,689 - INFO - ✅ API调用成功: 121.13879, 31.160513 -> 青浦区
2025-07-12 02:04:35,693 - INFO - 🔄 正在处理记录 3460: (121.511876, 31.220806)
2025-07-12 02:04:35,693 - INFO - 📈 进度: 2963/3473 (85.3%)
2025-07-12 02:04:36,905 - INFO - ✅ API调用成功: 121.529338, 31.307598 -> 杨浦区
2025-07-12 02:04:36,909 - INFO - 🔄 正在处理记录 3461: (121.473874, 31.090267)
2025-07-12 02:04:36,909 - INFO - 📈 进度: 2964/3473 (85.3%)
2025-07-12 02:04:37,716 - INFO - ✅ API调用成功: 121.097254, 31.148766 -> 青浦区
2025-07-12 02:04:37,723 - INFO - 🔄 正在处理记录 3462: (121.266896, 30.860719)
2025-07-12 02:04:37,723 - INFO - 📈 进度: 2965/3473 (85.4%)
2025-07-12 02:04:38,707 - INFO - ✅ API调用成功: 121.792902, 30.902076 -> 浦东新区
2025-07-12 02:04:38,711 - INFO - 🔄 正在处理记录 3463: (121.314181, 31.145579)
2025-07-12 02:04:38,711 - INFO - 📈 进度: 2966/3473 (85.4%)
2025-07-12 02:04:39,702 - INFO - ✅ API调用成功: 121.742375, 30.97306 -> 浦东新区
2025-07-12 02:04:39,772 - INFO - 🔄 正在处理记录 3464: (121.612836, 31.223269)
2025-07-12 02:04:39,772 - INFO - 📈 进度: 2967/3473 (85.4%)
2025-07-12 02:04:40,714 - INFO - ✅ API调用成功: 121.27416, 31.409686 -> 嘉定区
2025-07-12 02:04:40,718 - INFO - 🔄 正在处理记录 3465: (121.560478, 31.206358)
2025-07-12 02:04:40,718 - INFO - 📈 进度: 2968/3473 (85.5%)
2025-07-12 02:04:41,879 - INFO - ✅ API调用成功: 121.5094, 31.028622 -> 闵行区
2025-07-12 02:04:41,884 - INFO - 🔄 正在处理记录 3466: (121.713327, 31.241096)
2025-07-12 02:04:41,884 - INFO - 📈 进度: 2969/3473 (85.5%)
2025-07-12 02:04:42,722 - INFO - ✅ API调用成功: 121.476685, 31.308448 -> 虹口区
2025-07-12 02:04:42,729 - INFO - 🔄 正在处理记录 3467: (121.365298, 31.032045)
2025-07-12 02:04:42,735 - INFO - ✅ 写入 10 条结果到 /Users/songdingan/Downloads/detect_bus/final_station_ranking_with_district.csv
2025-07-12 02:04:42,735 - INFO - 📈 进度: 2970/3473 (85.5%)
2025-07-12 02:04:43,739 - INFO - ✅ API调用成功: 121.601412, 31.558041 -> 崇明区
2025-07-12 02:04:43,744 - INFO - 🔄 正在处理记录 3468: (121.359896, 31.071062)
2025-07-12 02:04:43,744 - INFO - 📈 进度: 2971/3473 (85.5%)
2025-07-12 02:04:44,768 - INFO - ✅ API调用成功: 121.161602, 31.366919 -> 嘉定区
2025-07-12 02:04:44,773 - INFO - 🔄 正在处理记录 3469: (121.370496, 31.040759)
2025-07-12 02:04:44,773 - INFO - 📈 进度: 2972/3473 (85.6%)
2025-07-12 02:04:45,755 - INFO - ✅ API调用成功: 121.22483, 31.105299 -> 松江区
2025-07-12 02:04:45,759 - INFO - 🔄 正在处理记录 3470: (121.48716, 31.284211)
2025-07-12 02:04:45,759 - INFO - 📈 进度: 2973/3473 (85.6%)
2025-07-12 02:04:46,746 - INFO - ✅ API调用成功: 121.42055, 31.196656 -> 徐汇区
2025-07-12 02:04:46,750 - INFO - 🔄 正在处理记录 3471: (121.366079, 31.075142)
2025-07-12 02:04:46,750 - INFO - 📈 进度: 2974/3473 (85.6%)
2025-07-12 02:04:47,765 - INFO - ✅ API调用成功: 121.419336, 31.209611 -> 长宁区
2025-07-12 02:04:47,769 - INFO - 🔄 正在处理记录 3472: (121.580333, 31.251182)
2025-07-12 02:04:47,770 - INFO - 📈 进度: 2975/3473 (85.7%)
2025-07-12 02:04:48,889 - INFO - ✅ API调用成功: 121.36148, 31.244101 -> 嘉定区
2025-07-12 02:04:48,894 - INFO - 🔄 正在处理记录 3473: (121.805887, 31.071002)
2025-07-12 02:04:48,894 - INFO - 📈 进度: 2976/3473 (85.7%)
2025-07-12 02:04:49,808 - INFO - ✅ API调用成功: 121.270544, 31.117383 -> 松江区
2025-07-12 02:04:49,813 - INFO - 🔄 正在处理记录 3474: (121.523673, 30.828263)
2025-07-12 02:04:49,813 - INFO - 📈 进度: 2977/3473 (85.7%)
2025-07-12 02:04:50,780 - INFO - ✅ API调用成功: 121.671019, 31.242345 -> 浦东新区
2025-07-12 02:04:50,786 - INFO - 🔄 正在处理记录 3475: (121.470097, 31.259034)
2025-07-12 02:04:50,786 - INFO - 📈 进度: 2978/3473 (85.7%)
2025-07-12 02:04:51,812 - INFO - ✅ API调用成功: 121.401585, 31.256103 -> 普陀区
2025-07-12 02:04:51,817 - INFO - 🔄 正在处理记录 3476: (121.569106, 31.297291)
2025-07-12 02:04:51,817 - INFO - 📈 进度: 2979/3473 (85.8%)
2025-07-12 02:04:52,818 - INFO - ✅ API调用成功: 121.372691, 31.191422 -> 长宁区
2025-07-12 02:04:52,823 - INFO - 🔄 正在处理记录 3477: (121.529875, 31.264841)
2025-07-12 02:04:52,829 - INFO - ✅ 写入 10 条结果到 /Users/songdingan/Downloads/detect_bus/final_station_ranking_with_district.csv
2025-07-12 02:04:52,829 - INFO - 📈 进度: 2980/3473 (85.8%)
2025-07-12 02:04:53,846 - INFO - ✅ API调用成功: 121.253233, 31.01956 -> 松江区
2025-07-12 02:04:53,852 - INFO - 🔄 正在处理记录 3478: (121.368912, 31.189303)
2025-07-12 02:04:53,852 - INFO - 📈 进度: 2981/3473 (85.8%)
2025-07-12 02:04:54,797 - INFO - ✅ API调用成功: 121.521825, 31.065433 -> 闵行区
2025-07-12 02:04:54,803 - INFO - 🔄 正在处理记录 3479: (121.469141, 31.345666)
2025-07-12 02:04:54,803 - INFO - 📈 进度: 2982/3473 (85.9%)
2025-07-12 02:04:55,830 - INFO - ✅ API调用成功: 121.565119, 31.082695 -> 闵行区
2025-07-12 02:04:55,836 - INFO - 🔄 正在处理记录 3480: (121.485616, 31.333868)
2025-07-12 02:04:55,837 - INFO - 📈 进度: 2983/3473 (85.9%)
2025-07-12 02:04:56,804 - INFO - ✅ API调用成功: 121.375778, 31.166767 -> 闵行区
2025-07-12 02:04:56,808 - INFO - 🔄 正在处理记录 3481: (121.135728, 31.259067)
2025-07-12 02:04:56,808 - INFO - 📈 进度: 2984/3473 (85.9%)
2025-07-12 02:04:57,846 - INFO - ✅ API调用成功: 121.41533, 31.137443 -> 闵行区
2025-07-12 02:04:57,851 - INFO - 🔄 正在处理记录 3482: (121.499104, 31.265243)
2025-07-12 02:04:57,851 - INFO - 📈 进度: 2985/3473 (85.9%)
2025-07-12 02:04:59,003 - INFO - ✅ API调用成功: 121.446818, 31.237504 -> 静安区
2025-07-12 02:04:59,007 - INFO - 🔄 正在处理记录 3483: (121.54281, 31.272499)
2025-07-12 02:04:59,007 - INFO - 📈 进度: 2986/3473 (86.0%)
2025-07-12 02:04:59,859 - INFO - ✅ API调用成功: 121.606589, 31.282249 -> 浦东新区
2025-07-12 02:04:59,863 - INFO - 🔄 正在处理记录 3484: (121.558097, 31.212958)
2025-07-12 02:04:59,863 - INFO - 📈 进度: 2987/3473 (86.0%)
2025-07-12 02:05:00,971 - INFO - ✅ API调用成功: 121.373061, 31.055816 -> 闵行区
2025-07-12 02:05:00,977 - INFO - 🔄 正在处理记录 3485: (121.672727, 31.283386)
2025-07-12 02:05:00,977 - INFO - 📈 进度: 2988/3473 (86.0%)
2025-07-12 02:05:01,851 - INFO - ✅ API调用成功: 121.493752, 31.218175 -> 黄浦区
2025-07-12 02:05:01,857 - INFO - 🔄 正在处理记录 3486: (121.265603, 31.093776)
2025-07-12 02:05:01,857 - INFO - 📈 进度: 2989/3473 (86.1%)
2025-07-12 02:05:02,863 - INFO - ✅ API调用成功: 121.511403, 31.212941 -> 黄浦区
2025-07-12 02:05:02,868 - INFO - 🔄 正在处理记录 3487: (121.353415, 31.224678)
2025-07-12 02:05:02,873 - INFO - ✅ 写入 10 条结果到 /Users/songdingan/Downloads/detect_bus/final_station_ranking_with_district.csv
2025-07-12 02:05:02,873 - INFO - 📈 进度: 2990/3473 (86.1%)
2025-07-12 02:05:03,911 - INFO - ✅ API调用成功: 121.427432, 31.253615 -> 普陀区
2025-07-12 02:05:03,916 - INFO - 🔄 正在处理记录 3488: (121.499397, 31.161337)
2025-07-12 02:05:03,916 - INFO - 📈 进度: 2991/3473 (86.1%)
2025-07-12 02:05:05,025 - INFO - ✅ API调用成功: 121.256531, 31.118594 -> 松江区
2025-07-12 02:05:05,027 - INFO - 🔄 正在处理记录 3489: (121.341594, 31.225241)
2025-07-12 02:05:05,028 - INFO - 📈 进度: 2992/3473 (86.2%)
2025-07-12 02:05:05,859 - INFO - ✅ API调用成功: 121.270277, 31.124795 -> 松江区
2025-07-12 02:05:05,866 - INFO - 🔄 正在处理记录 3490: (121.45539, 31.312772)
2025-07-12 02:05:05,866 - INFO - 📈 进度: 2993/3473 (86.2%)
2025-07-12 02:05:06,882 - INFO - ✅ API调用成功: 121.794429, 31.0288 -> 浦东新区
2025-07-12 02:05:06,887 - INFO - 🔄 正在处理记录 3491: (121.146162, 31.092035)
2025-07-12 02:05:06,887 - INFO - 📈 进度: 2994/3473 (86.2%)
2025-07-12 02:05:07,869 - INFO - ✅ API调用成功: 121.274376, 30.725851 -> 平湖市
2025-07-12 02:05:07,874 - INFO - 🔄 正在处理记录 3492: (121.1422, 30.801039)
2025-07-12 02:05:07,874 - INFO - 📈 进度: 2995/3473 (86.2%)
2025-07-12 02:05:09,036 - INFO - ✅ API调用成功: 121.562411, 30.927128 -> 奉贤区
2025-07-12 02:05:09,041 - INFO - 🔄 正在处理记录 3493: (121.51001, 31.18571)
2025-07-12 02:05:09,041 - INFO - 📈 进度: 2996/3473 (86.3%)
2025-07-12 02:05:09,910 - INFO - ✅ API调用成功: 121.76404, 30.97514 -> 浦东新区
2025-07-12 02:05:09,926 - INFO - 🔄 正在处理记录 3494: (121.186657, 31.279784)
2025-07-12 02:05:09,926 - INFO - 📈 进度: 2997/3473 (86.3%)
2025-07-12 02:05:10,873 - INFO - ✅ API调用成功: 121.339389, 30.729455 -> 金山区
2025-07-12 02:05:10,877 - INFO - 🔄 正在处理记录 3495: (121.327141, 30.994544)
2025-07-12 02:05:10,878 - INFO - 📈 进度: 2998/3473 (86.3%)
2025-07-12 02:05:11,880 - INFO - ✅ API调用成功: 121.46614, 31.244081 -> 静安区
2025-07-12 02:05:11,885 - INFO - 🔄 正在处理记录 3496: (121.465592, 31.240358)
2025-07-12 02:05:11,885 - INFO - 📈 进度: 2999/3473 (86.4%)
2025-07-12 02:05:12,963 - INFO - ✅ API调用成功: 121.544853, 31.077258 -> 闵行区
2025-07-12 02:05:12,968 - INFO - 🔄 正在处理记录 3497: (121.513639, 31.2438)
2025-07-12 02:05:12,974 - INFO - ✅ 写入 10 条结果到 /Users/songdingan/Downloads/detect_bus/final_station_ranking_with_district.csv
2025-07-12 02:05:12,974 - INFO - 📈 进度: 3000/3473 (86.4%)
2025-07-12 02:05:13,909 - INFO - ✅ API调用成功: 121.575071, 31.241148 -> 浦东新区
2025-07-12 02:05:13,915 - INFO - 🔄 正在处理记录 3498: (121.211271, 31.051446)
2025-07-12 02:05:13,915 - INFO - 📈 进度: 3001/3473 (86.4%)
2025-07-12 02:05:14,898 - INFO - ✅ API调用成功: 121.346752, 30.893859 -> 金山区
2025-07-12 02:05:14,902 - INFO - 🔄 正在处理记录 3499: (121.518199, 31.582716)
2025-07-12 02:05:14,902 - INFO - 📈 进度: 3002/3473 (86.4%)
2025-07-12 02:05:15,896 - INFO - ✅ API调用成功: 121.511876, 31.220806 -> 黄浦区
2025-07-12 02:05:15,902 - INFO - 🔄 正在处理记录 3500: (121.217157, 31.050533)
2025-07-12 02:05:15,902 - INFO - 📈 进度: 3003/3473 (86.5%)
2025-07-12 02:05:16,950 - INFO - ✅ API调用成功: 121.473874, 31.090267 -> 闵行区
2025-07-12 02:05:16,966 - INFO - 🔄 正在处理记录 3501: (121.518236, 31.236585)
2025-07-12 02:05:16,966 - INFO - 📈 进度: 3004/3473 (86.5%)
2025-07-12 02:05:17,918 - INFO - ✅ API调用成功: 121.266896, 30.860719 -> 金山区
2025-07-12 02:05:17,922 - INFO - 🔄 正在处理记录 3502: (121.398294, 31.002862)
2025-07-12 02:05:17,922 - INFO - 📈 进度: 3005/3473 (86.5%)
2025-07-12 02:05:18,936 - INFO - ✅ API调用成功: 121.314181, 31.145579 -> 松江区
2025-07-12 02:05:18,940 - INFO - 🔄 正在处理记录 3503: (121.510324, 31.15152)
2025-07-12 02:05:18,940 - INFO - 📈 进度: 3006/3473 (86.6%)
2025-07-12 02:05:19,929 - INFO - ✅ API调用成功: 121.612836, 31.223269 -> 浦东新区
2025-07-12 02:05:19,934 - INFO - 🔄 正在处理记录 3504: (121.721001, 30.943602)
2025-07-12 02:05:19,934 - INFO - 📈 进度: 3007/3473 (86.6%)
2025-07-12 02:05:20,952 - INFO - ✅ API调用成功: 121.560478, 31.206358 -> 浦东新区
2025-07-12 02:05:20,956 - INFO - 🔄 正在处理记录 3505: (121.488509, 31.408556)
2025-07-12 02:05:20,956 - INFO - 📈 进度: 3008/3473 (86.6%)
2025-07-12 02:05:21,980 - INFO - ✅ API调用成功: 121.713327, 31.241096 -> 浦东新区
2025-07-12 02:05:21,984 - INFO - 🔄 正在处理记录 3506: (121.318661, 31.121156)
2025-07-12 02:05:21,984 - INFO - 📈 进度: 3009/3473 (86.6%)
2025-07-12 02:05:22,951 - INFO - ✅ API调用成功: 121.365298, 31.032045 -> 闵行区
2025-07-12 02:05:22,956 - INFO - 🔄 正在处理记录 3507: (121.495226, 31.27799)
2025-07-12 02:05:22,959 - INFO - ✅ 写入 10 条结果到 /Users/songdingan/Downloads/detect_bus/final_station_ranking_with_district.csv
2025-07-12 02:05:22,960 - INFO - 📈 进度: 3010/3473 (86.7%)
2025-07-12 02:05:24,024 - INFO - ✅ API调用成功: 121.359896, 31.071062 -> 松江区
2025-07-12 02:05:24,027 - INFO - 🔄 正在处理记录 3508: (121.483963, 31.214111)
2025-07-12 02:05:24,027 - INFO - 📈 进度: 3011/3473 (86.7%)
2025-07-12 02:05:25,066 - INFO - ✅ API调用成功: 121.370496, 31.040759 -> 闵行区
2025-07-12 02:05:25,068 - INFO - 🔄 正在处理记录 3509: (121.76456, 31.057288)
2025-07-12 02:05:25,068 - INFO - 📈 进度: 3012/3473 (86.7%)
2025-07-12 02:05:25,980 - INFO - ✅ API调用成功: 121.48716, 31.284211 -> 虹口区
2025-07-12 02:05:25,984 - INFO - 🔄 正在处理记录 3510: (121.346151, 31.344587)
2025-07-12 02:05:25,984 - INFO - 📈 进度: 3013/3473 (86.8%)
2025-07-12 02:05:26,972 - INFO - ✅ API调用成功: 121.366079, 31.075142 -> 松江区
2025-07-12 02:05:26,977 - INFO - 🔄 正在处理记录 3511: (121.225304, 31.813183)
2025-07-12 02:05:26,977 - INFO - 📈 进度: 3014/3473 (86.8%)
2025-07-12 02:05:27,996 - INFO - ✅ API调用成功: 121.580333, 31.251182 -> 浦东新区
2025-07-12 02:05:28,002 - INFO - 🔄 正在处理记录 3512: (121.428805, 31.715558)
2025-07-12 02:05:28,002 - INFO - 📈 进度: 3015/3473 (86.8%)
2025-07-12 02:05:28,978 - INFO - ✅ API调用成功: 121.805887, 31.071002 -> 浦东新区
2025-07-12 02:05:28,983 - INFO - 🔄 正在处理记录 3513: (121.428579, 31.694924)
2025-07-12 02:05:28,983 - INFO - 📈 进度: 3016/3473 (86.8%)
2025-07-12 02:05:30,021 - INFO - ✅ API调用成功: 121.523673, 30.828263 -> 奉贤区
2025-07-12 02:05:30,026 - INFO - 🔄 正在处理记录 3514: (121.396812, 31.733714)
2025-07-12 02:05:30,026 - INFO - 📈 进度: 3017/3473 (86.9%)
2025-07-12 02:05:31,036 - INFO - ✅ API调用成功: 121.470097, 31.259034 -> 静安区
2025-07-12 02:05:31,040 - INFO - 🔄 正在处理记录 3515: (121.082156, 31.2577)
2025-07-12 02:05:31,040 - INFO - 📈 进度: 3018/3473 (86.9%)
2025-07-12 02:05:32,023 - INFO - ✅ API调用成功: 121.569106, 31.297291 -> 杨浦区
2025-07-12 02:05:32,028 - INFO - 🔄 正在处理记录 3516: (121.270315, 31.335428)
2025-07-12 02:05:32,028 - INFO - 📈 进度: 3019/3473 (86.9%)
2025-07-12 02:05:33,035 - INFO - ✅ API调用成功: 121.529875, 31.264841 -> 杨浦区
2025-07-12 02:05:33,040 - INFO - 🔄 正在处理记录 3517: (121.489019, 31.386703)
2025-07-12 02:05:33,044 - INFO - ✅ 写入 10 条结果到 /Users/songdingan/Downloads/detect_bus/final_station_ranking_with_district.csv
2025-07-12 02:05:33,044 - INFO - 📈 进度: 3020/3473 (87.0%)
2025-07-12 02:05:34,019 - INFO - ✅ API调用成功: 121.368912, 31.189303 -> 闵行区
2025-07-12 02:05:34,025 - INFO - 🔄 正在处理记录 3518: (121.487632, 31.233629)
2025-07-12 02:05:34,025 - INFO - 📈 进度: 3021/3473 (87.0%)
2025-07-12 02:05:35,035 - INFO - ✅ API调用成功: 121.469141, 31.345666 -> 宝山区
2025-07-12 02:05:35,039 - INFO - 🔄 正在处理记录 3519: (121.626448, 31.185343)
2025-07-12 02:05:35,039 - INFO - 📈 进度: 3022/3473 (87.0%)
2025-07-12 02:05:36,056 - INFO - ✅ API调用成功: 121.485616, 31.333868 -> 宝山区
2025-07-12 02:05:36,060 - INFO - 🔄 正在处理记录 3520: (121.245272, 31.366239)
2025-07-12 02:05:36,060 - INFO - 📈 进度: 3023/3473 (87.0%)
2025-07-12 02:05:37,121 - INFO - ✅ API调用成功: 121.135728, 31.259067 -> 青浦区
2025-07-12 02:05:37,126 - INFO - 🔄 正在处理记录 3521: (121.374463, 31.022849)
2025-07-12 02:05:37,126 - INFO - 📈 进度: 3024/3473 (87.1%)
2025-07-12 02:05:38,066 - INFO - ✅ API调用成功: 121.499104, 31.265243 -> 虹口区
2025-07-12 02:05:38,071 - INFO - 🔄 正在处理记录 3522: (121.596123, 31.139527)
2025-07-12 02:05:38,071 - INFO - 📈 进度: 3025/3473 (87.1%)
2025-07-12 02:05:39,062 - INFO - ✅ API调用成功: 121.54281, 31.272499 -> 杨浦区
2025-07-12 02:05:39,067 - INFO - 🔄 正在处理记录 3523: (121.006232, 30.890397)
2025-07-12 02:05:39,067 - INFO - 📈 进度: 3026/3473 (87.1%)
2025-07-12 02:05:40,060 - INFO - ✅ API调用成功: 121.558097, 31.212958 -> 浦东新区
2025-07-12 02:05:40,062 - INFO - 🔄 正在处理记录 3524: (121.315418, 31.26627)
2025-07-12 02:05:40,062 - INFO - 📈 进度: 3027/3473 (87.2%)
2025-07-12 02:05:41,075 - INFO - ✅ API调用成功: 121.672727, 31.283386 -> 浦东新区
2025-07-12 02:05:41,079 - INFO - 🔄 正在处理记录 3525: (121.279436, 31.11096)
2025-07-12 02:05:41,079 - INFO - 📈 进度: 3028/3473 (87.2%)
2025-07-12 02:05:42,084 - INFO - ✅ API调用成功: 121.265603, 31.093776 -> 松江区
2025-07-12 02:05:42,088 - INFO - 🔄 正在处理记录 3526: (121.353254, 31.110079)
2025-07-12 02:05:42,088 - INFO - 📈 进度: 3029/3473 (87.2%)
2025-07-12 02:05:43,071 - INFO - ✅ API调用成功: 121.353415, 31.224678 -> 长宁区
2025-07-12 02:05:43,076 - INFO - 🔄 正在处理记录 3527: (121.654338, 31.202127)
2025-07-12 02:05:43,083 - INFO - ✅ 写入 10 条结果到 /Users/songdingan/Downloads/detect_bus/final_station_ranking_with_district.csv
2025-07-12 02:05:43,083 - INFO - 📈 进度: 3030/3473 (87.2%)
2025-07-12 02:05:44,092 - INFO - ✅ API调用成功: 121.499397, 31.161337 -> 浦东新区
2025-07-12 02:05:44,096 - INFO - 🔄 正在处理记录 3528: (121.547867, 31.206547)
2025-07-12 02:05:44,096 - INFO - 📈 进度: 3031/3473 (87.3%)
2025-07-12 02:05:45,120 - INFO - ✅ API调用成功: 121.341594, 31.225241 -> 闵行区
2025-07-12 02:05:45,122 - INFO - 🔄 正在处理记录 3529: (121.235747, 31.38979)
2025-07-12 02:05:45,122 - INFO - 📈 进度: 3032/3473 (87.3%)
2025-07-12 02:05:46,119 - INFO - ✅ API调用成功: 121.45539, 31.312772 -> 静安区
2025-07-12 02:05:46,123 - INFO - 🔄 正在处理记录 3530: (121.427984, 31.256366)
2025-07-12 02:05:46,123 - INFO - 📈 进度: 3033/3473 (87.3%)
2025-07-12 02:05:47,113 - INFO - ✅ API调用成功: 121.146162, 31.092035 -> 松江区
2025-07-12 02:05:47,117 - INFO - 🔄 正在处理记录 3531: (121.315979, 31.347695)
2025-07-12 02:05:47,117 - INFO - 📈 进度: 3034/3473 (87.4%)
2025-07-12 02:05:48,091 - INFO - ✅ API调用成功: 121.1422, 30.801039 -> 金山区
2025-07-12 02:05:48,095 - INFO - 🔄 正在处理记录 3532: (121.229212, 31.377009)
2025-07-12 02:05:48,095 - INFO - 📈 进度: 3035/3473 (87.4%)
2025-07-12 02:05:49,180 - INFO - ✅ API调用成功: 121.51001, 31.18571 -> 浦东新区
2025-07-12 02:05:49,186 - INFO - 🔄 正在处理记录 3533: (121.257473, 31.020805)
2025-07-12 02:05:49,186 - INFO - 📈 进度: 3036/3473 (87.4%)
2025-07-12 02:05:50,188 - INFO - ✅ API调用成功: 121.186657, 31.279784 -> 嘉定区
2025-07-12 02:05:50,190 - INFO - 🔄 正在处理记录 3534: (121.47352, 31.32273)
2025-07-12 02:05:50,190 - INFO - 📈 进度: 3037/3473 (87.4%)
2025-07-12 02:05:51,130 - INFO - ✅ API调用成功: 121.327141, 30.994544 -> 松江区
2025-07-12 02:05:51,135 - INFO - 🔄 正在处理记录 3535: (121.554834, 31.148335)
2025-07-12 02:05:51,135 - INFO - 📈 进度: 3038/3473 (87.5%)
2025-07-12 02:05:52,135 - INFO - ✅ API调用成功: 121.465592, 31.240358 -> 静安区
2025-07-12 02:05:52,139 - INFO - 🔄 正在处理记录 3536: (121.722424, 31.16539)
2025-07-12 02:05:52,140 - INFO - 📈 进度: 3039/3473 (87.5%)
2025-07-12 02:05:53,166 - INFO - ✅ API调用成功: 121.513639, 31.2438 -> 浦东新区
2025-07-12 02:05:53,172 - INFO - 🔄 正在处理记录 3537: (121.627847, 31.555919)
2025-07-12 02:05:53,177 - INFO - ✅ 写入 10 条结果到 /Users/songdingan/Downloads/detect_bus/final_station_ranking_with_district.csv
2025-07-12 02:05:53,177 - INFO - 📈 进度: 3040/3473 (87.5%)
2025-07-12 02:05:54,162 - INFO - ✅ API调用成功: 121.211271, 31.051446 -> 松江区
2025-07-12 02:05:54,169 - INFO - 🔄 正在处理记录 3538: (121.198509, 31.123791)
2025-07-12 02:05:54,169 - INFO - 📈 进度: 3041/3473 (87.6%)
2025-07-12 02:05:55,149 - INFO - ✅ API调用成功: 121.518199, 31.582716 -> 崇明区
2025-07-12 02:05:55,151 - INFO - 🔄 正在处理记录 3539: (121.476443, 31.639675)
2025-07-12 02:05:55,151 - INFO - 📈 进度: 3042/3473 (87.6%)
2025-07-12 02:05:56,181 - INFO - ✅ API调用成功: 121.217157, 31.050533 -> 松江区
2025-07-12 02:05:56,187 - INFO - 🔄 正在处理记录 3540: (121.541665, 31.24242)
2025-07-12 02:05:56,187 - INFO - 📈 进度: 3043/3473 (87.6%)
2025-07-12 02:05:57,172 - INFO - ✅ API调用成功: 121.518236, 31.236585 -> 浦东新区
2025-07-12 02:05:57,176 - INFO - 🔄 正在处理记录 3541: (121.503446, 30.951407)
2025-07-12 02:05:57,177 - INFO - 📈 进度: 3044/3473 (87.6%)
2025-07-12 02:05:58,162 - INFO - ✅ API调用成功: 121.398294, 31.002862 -> 闵行区
2025-07-12 02:05:58,167 - INFO - 🔄 正在处理记录 3542: (121.339243, 31.371497)
2025-07-12 02:05:58,167 - INFO - 📈 进度: 3045/3473 (87.7%)
2025-07-12 02:05:59,300 - INFO - ✅ API调用成功: 121.510324, 31.15152 -> 浦东新区
2025-07-12 02:05:59,305 - INFO - 🔄 正在处理记录 3543: (121.539338, 31.290601)
2025-07-12 02:05:59,305 - INFO - 📈 进度: 3046/3473 (87.7%)
2025-07-12 02:06:00,171 - INFO - ✅ API调用成功: 121.721001, 30.943602 -> 奉贤区
2025-07-12 02:06:00,173 - INFO - 🔄 正在处理记录 3544: (121.495132, 31.334929)
2025-07-12 02:06:00,173 - INFO - 📈 进度: 3047/3473 (87.7%)
2025-07-12 02:06:01,234 - INFO - ✅ API调用成功: 121.488509, 31.408556 -> 宝山区
2025-07-12 02:06:01,243 - INFO - 🔄 正在处理记录 3545: (121.437496, 31.289146)
2025-07-12 02:06:01,243 - INFO - 📈 进度: 3048/3473 (87.8%)
2025-07-12 02:06:02,197 - INFO - ✅ API调用成功: 121.318661, 31.121156 -> 松江区
2025-07-12 02:06:02,201 - INFO - 🔄 正在处理记录 3546: (121.443313, 31.392915)
2025-07-12 02:06:02,201 - INFO - 📈 进度: 3049/3473 (87.8%)
2025-07-12 02:06:03,182 - INFO - ✅ API调用成功: 121.495226, 31.27799 -> 虹口区
2025-07-12 02:06:03,187 - INFO - 🔄 正在处理记录 3547: (121.332107, 30.719879)
2025-07-12 02:06:03,195 - INFO - ✅ 写入 10 条结果到 /Users/songdingan/Downloads/detect_bus/final_station_ranking_with_district.csv
2025-07-12 02:06:03,195 - INFO - 📈 进度: 3050/3473 (87.8%)
2025-07-12 02:06:04,255 - INFO - ✅ API调用成功: 121.483963, 31.214111 -> 黄浦区
2025-07-12 02:06:04,260 - INFO - 🔄 正在处理记录 3548: (121.541879, 31.308089)
2025-07-12 02:06:04,260 - INFO - 📈 进度: 3051/3473 (87.8%)
2025-07-12 02:06:05,322 - INFO - ✅ API调用成功: 121.76456, 31.057288 -> 浦东新区
2025-07-12 02:06:05,327 - INFO - 🔄 正在处理记录 3549: (121.423119, 31.289839)
2025-07-12 02:06:05,327 - INFO - 📈 进度: 3052/3473 (87.9%)
2025-07-12 02:06:06,245 - INFO - ✅ API调用成功: 121.346151, 31.344587 -> 嘉定区
2025-07-12 02:06:06,249 - INFO - 🔄 正在处理记录 3550: (121.405205, 31.419806)
2025-07-12 02:06:06,249 - INFO - 📈 进度: 3053/3473 (87.9%)
2025-07-12 02:06:07,227 - INFO - ✅ API调用成功: 121.225304, 31.813183 -> 崇明区
2025-07-12 02:06:07,232 - INFO - 🔄 正在处理记录 3551: (121.508644, 31.086147)
2025-07-12 02:06:07,232 - INFO - 📈 进度: 3054/3473 (87.9%)
2025-07-12 02:06:08,226 - INFO - ✅ API调用成功: 121.428805, 31.715558 -> 崇明区
2025-07-12 02:06:08,231 - INFO - 🔄 正在处理记录 3552: (121.217188, 31.037182)
2025-07-12 02:06:08,231 - INFO - 📈 进度: 3055/3473 (88.0%)
2025-07-12 02:06:09,456 - INFO - ✅ API调用成功: 121.428579, 31.694924 -> 崇明区
2025-07-12 02:06:09,460 - INFO - 🔄 正在处理记录 3553: (121.38995, 31.620798)
2025-07-12 02:06:09,461 - INFO - 📈 进度: 3056/3473 (88.0%)
2025-07-12 02:06:10,228 - INFO - ✅ API调用成功: 121.396812, 31.733714 -> 崇明区
2025-07-12 02:06:10,232 - INFO - 🔄 正在处理记录 3554: (121.564881, 30.959507)
2025-07-12 02:06:10,232 - INFO - 📈 进度: 3057/3473 (88.0%)
2025-07-12 02:06:11,282 - INFO - ✅ API调用成功: 121.082156, 31.2577 -> 青浦区
2025-07-12 02:06:11,286 - INFO - 🔄 正在处理记录 3555: (121.064291, 31.095858)
2025-07-12 02:06:11,286 - INFO - 📈 进度: 3058/3473 (88.1%)
2025-07-12 02:06:12,256 - INFO - ✅ API调用成功: 121.270315, 31.335428 -> 嘉定区
2025-07-12 02:06:12,260 - INFO - 🔄 正在处理记录 3556: (121.422677, 30.833567)
2025-07-12 02:06:12,260 - INFO - 📈 进度: 3059/3473 (88.1%)
2025-07-12 02:06:13,292 - INFO - ✅ API调用成功: 121.489019, 31.386703 -> 宝山区
2025-07-12 02:06:13,296 - INFO - 🔄 正在处理记录 3557: (121.425022, 31.018798)
2025-07-12 02:06:13,301 - INFO - ✅ 写入 10 条结果到 /Users/songdingan/Downloads/detect_bus/final_station_ranking_with_district.csv
2025-07-12 02:06:13,301 - INFO - 📈 进度: 3060/3473 (88.1%)
2025-07-12 02:06:14,294 - INFO - ✅ API调用成功: 121.487632, 31.233629 -> 黄浦区
2025-07-12 02:06:14,299 - INFO - 🔄 正在处理记录 3558: (121.465922, 31.233244)
2025-07-12 02:06:14,299 - INFO - 📈 进度: 3061/3473 (88.1%)
2025-07-12 02:06:15,283 - INFO - ✅ API调用成功: 121.626448, 31.185343 -> 浦东新区
2025-07-12 02:06:15,288 - INFO - 🔄 正在处理记录 3559: (121.756613, 31.142299)
2025-07-12 02:06:15,288 - INFO - 📈 进度: 3062/3473 (88.2%)
2025-07-12 02:06:16,282 - INFO - ✅ API调用成功: 121.245272, 31.366239 -> 嘉定区
2025-07-12 02:06:16,287 - INFO - 🔄 正在处理记录 3560: (121.452529, 31.328744)
2025-07-12 02:06:16,287 - INFO - 📈 进度: 3063/3473 (88.2%)
2025-07-12 02:06:17,301 - INFO - ✅ API调用成功: 121.374463, 31.022849 -> 闵行区
2025-07-12 02:06:17,305 - INFO - 🔄 正在处理记录 3561: (121.413765, 30.91159)
2025-07-12 02:06:17,306 - INFO - 📈 进度: 3064/3473 (88.2%)
2025-07-12 02:06:18,283 - INFO - ✅ API调用成功: 121.596123, 31.139527 -> 浦东新区
2025-07-12 02:06:18,288 - INFO - 🔄 正在处理记录 3562: (121.471316, 30.829096)
2025-07-12 02:06:18,288 - INFO - 📈 进度: 3065/3473 (88.3%)
2025-07-12 02:06:19,287 - INFO - ✅ API调用成功: 121.006232, 30.890397 -> 嘉善县
2025-07-12 02:06:19,291 - INFO - 🔄 正在处理记录 3563: (121.506836, 31.304258)
2025-07-12 02:06:19,291 - INFO - 📈 进度: 3066/3473 (88.3%)
2025-07-12 02:06:20,283 - INFO - ✅ API调用成功: 121.315418, 31.26627 -> 嘉定区
2025-07-12 02:06:20,288 - INFO - 🔄 正在处理记录 3564: (121.484447, 31.252896)
2025-07-12 02:06:20,288 - INFO - 📈 进度: 3067/3473 (88.3%)
2025-07-12 02:06:21,305 - INFO - ✅ API调用成功: 121.279436, 31.11096 -> 松江区
2025-07-12 02:06:21,309 - INFO - 🔄 正在处理记录 3565: (121.477424, 31.241959)
2025-07-12 02:06:21,309 - INFO - 📈 进度: 3068/3473 (88.3%)
2025-07-12 02:06:22,320 - INFO - ✅ API调用成功: 121.353254, 31.110079 -> 松江区
2025-07-12 02:06:22,322 - INFO - 🔄 正在处理记录 3566: (121.477481, 31.247469)
2025-07-12 02:06:22,322 - INFO - 📈 进度: 3069/3473 (88.4%)
2025-07-12 02:06:23,317 - INFO - ✅ API调用成功: 121.654338, 31.202127 -> 浦东新区
2025-07-12 02:06:23,321 - INFO - 🔄 正在处理记录 3567: (121.390772, 31.01355)
2025-07-12 02:06:23,326 - INFO - ✅ 写入 10 条结果到 /Users/songdingan/Downloads/detect_bus/final_station_ranking_with_district.csv
2025-07-12 02:06:23,326 - INFO - 📈 进度: 3070/3473 (88.4%)
2025-07-12 02:06:24,316 - INFO - ✅ API调用成功: 121.547867, 31.206547 -> 浦东新区
2025-07-12 02:06:24,320 - INFO - 🔄 正在处理记录 3568: (121.662265, 30.902072)
2025-07-12 02:06:24,320 - INFO - 📈 进度: 3071/3473 (88.4%)
2025-07-12 02:06:25,368 - INFO - ✅ API调用成功: 121.235747, 31.38979 -> 嘉定区
2025-07-12 02:06:25,373 - INFO - 🔄 正在处理记录 3569: (121.181849, 31.163016)
2025-07-12 02:06:25,373 - INFO - 📈 进度: 3072/3473 (88.5%)
2025-07-12 02:06:26,366 - INFO - ✅ API调用成功: 121.427984, 31.256366 -> 普陀区
2025-07-12 02:06:26,373 - INFO - 🔄 正在处理记录 3570: (121.489503, 31.170154)
2025-07-12 02:06:26,373 - INFO - 📈 进度: 3073/3473 (88.5%)
2025-07-12 02:06:27,357 - INFO - ✅ API调用成功: 121.315979, 31.347695 -> 嘉定区
2025-07-12 02:06:27,361 - INFO - 🔄 正在处理记录 3571: (121.51826, 31.294713)
2025-07-12 02:06:27,361 - INFO - 📈 进度: 3074/3473 (88.5%)
2025-07-12 02:06:28,361 - INFO - ✅ API调用成功: 121.229212, 31.377009 -> 嘉定区
2025-07-12 02:06:28,366 - INFO - 🔄 正在处理记录 3572: (121.491974, 31.104936)
2025-07-12 02:06:28,366 - INFO - 📈 进度: 3075/3473 (88.5%)
2025-07-12 02:06:29,402 - INFO - ✅ API调用成功: 121.257473, 31.020805 -> 松江区
2025-07-12 02:06:29,407 - INFO - 🔄 正在处理记录 3573: (121.434643, 31.269394)
2025-07-12 02:06:29,407 - INFO - 📈 进度: 3076/3473 (88.6%)
2025-07-12 02:06:30,370 - INFO - ✅ API调用成功: 121.47352, 31.32273 -> 静安区
2025-07-12 02:06:30,375 - INFO - 🔄 正在处理记录 3574: (121.006232, 30.890397)
2025-07-12 02:06:30,375 - INFO - 📈 进度: 3077/3473 (88.6%)
2025-07-12 02:06:31,386 - INFO - ✅ API调用成功: 121.554834, 31.148335 -> 浦东新区
2025-07-12 02:06:31,391 - INFO - 🔄 正在处理记录 3575: (121.203418, 31.24946)
2025-07-12 02:06:31,391 - INFO - 📈 进度: 3078/3473 (88.6%)
2025-07-12 02:06:32,404 - INFO - ✅ API调用成功: 121.722424, 31.16539 -> 浦东新区
2025-07-12 02:06:32,408 - INFO - 🔄 正在处理记录 3576: (121.034644, 31.13589)
2025-07-12 02:06:32,408 - INFO - 📈 进度: 3079/3473 (88.7%)
2025-07-12 02:06:33,409 - INFO - ✅ API调用成功: 121.627847, 31.555919 -> 崇明区
2025-07-12 02:06:33,413 - INFO - 🔄 正在处理记录 3577: (121.198089, 31.018368)
2025-07-12 02:06:33,419 - INFO - ✅ 写入 10 条结果到 /Users/songdingan/Downloads/detect_bus/final_station_ranking_with_district.csv
2025-07-12 02:06:33,419 - INFO - 📈 进度: 3080/3473 (88.7%)
2025-07-12 02:06:34,390 - INFO - ✅ API调用成功: 121.198509, 31.123791 -> 松江区
2025-07-12 02:06:34,394 - INFO - 🔄 正在处理记录 3578: (121.455307, 31.085145)
2025-07-12 02:06:34,395 - INFO - 📈 进度: 3081/3473 (88.7%)
2025-07-12 02:06:35,415 - INFO - ✅ API调用成功: 121.476443, 31.639675 -> 崇明区
2025-07-12 02:06:35,419 - INFO - 🔄 正在处理记录 3579: (121.686282, 31.198288)
2025-07-12 02:06:35,419 - INFO - 📈 进度: 3082/3473 (88.7%)
2025-07-12 02:06:36,435 - INFO - ✅ API调用成功: 121.541665, 31.24242 -> 浦东新区
2025-07-12 02:06:36,439 - INFO - 🔄 正在处理记录 3580: (121.346099, 31.714368)
2025-07-12 02:06:36,439 - INFO - 📈 进度: 3083/3473 (88.8%)
2025-07-12 02:06:37,428 - INFO - ✅ API调用成功: 121.503446, 30.951407 -> 奉贤区
2025-07-12 02:06:37,432 - INFO - 🔄 正在处理记录 3581: (121.540593, 31.248111)
2025-07-12 02:06:37,432 - INFO - 📈 进度: 3084/3473 (88.8%)
2025-07-12 02:06:38,420 - INFO - ✅ API调用成功: 121.339243, 31.371497 -> 嘉定区
2025-07-12 02:06:38,425 - INFO - 🔄 正在处理记录 3582: (121.549993, 31.247337)
2025-07-12 02:06:38,425 - INFO - 📈 进度: 3085/3473 (88.8%)
2025-07-12 02:06:39,446 - INFO - ✅ API调用成功: 121.539338, 31.290601 -> 杨浦区
2025-07-12 02:06:39,450 - INFO - 🔄 正在处理记录 3583: (121.231853, 31.0144)
2025-07-12 02:06:39,451 - INFO - 📈 进度: 3086/3473 (88.9%)
2025-07-12 02:06:40,461 - INFO - ✅ API调用成功: 121.495132, 31.334929 -> 宝山区
2025-07-12 02:06:40,467 - INFO - 🔄 正在处理记录 3584: (121.458804, 31.228949)
2025-07-12 02:06:40,467 - INFO - 📈 进度: 3087/3473 (88.9%)
2025-07-12 02:06:41,463 - INFO - ✅ API调用成功: 121.437496, 31.289146 -> 静安区
2025-07-12 02:06:41,466 - INFO - 🔄 正在处理记录 3585: (121.401585, 31.256103)
2025-07-12 02:06:41,466 - INFO - 📈 进度: 3088/3473 (88.9%)
2025-07-12 02:06:42,464 - INFO - ✅ API调用成功: 121.443313, 31.392915 -> 宝山区
2025-07-12 02:06:42,472 - INFO - 🔄 正在处理记录 3586: (121.424998, 31.304331)
2025-07-12 02:06:42,472 - INFO - 📈 进度: 3089/3473 (88.9%)
2025-07-12 02:06:43,450 - INFO - ✅ API调用成功: 121.332107, 30.719879 -> 金山区
2025-07-12 02:06:43,455 - INFO - 🔄 正在处理记录 3587: (121.445446, 31.202682)
2025-07-12 02:06:43,467 - INFO - ✅ 写入 10 条结果到 /Users/songdingan/Downloads/detect_bus/final_station_ranking_with_district.csv
2025-07-12 02:06:43,467 - INFO - 📈 进度: 3090/3473 (89.0%)
2025-07-12 02:06:44,473 - INFO - ✅ API调用成功: 121.541879, 31.308089 -> 杨浦区
2025-07-12 02:06:44,477 - INFO - 🔄 正在处理记录 3588: (121.166681, 31.27171)
2025-07-12 02:06:44,477 - INFO - 📈 进度: 3091/3473 (89.0%)
2025-07-12 02:06:45,487 - INFO - ✅ API调用成功: 121.423119, 31.289839 -> 宝山区
2025-07-12 02:06:45,492 - INFO - 🔄 正在处理记录 3589: (121.550585, 31.185061)
2025-07-12 02:06:45,492 - INFO - 📈 进度: 3092/3473 (89.0%)
2025-07-12 02:06:46,459 - INFO - ✅ API调用成功: 121.405205, 31.419806 -> 宝山区
2025-07-12 02:06:46,463 - INFO - 🔄 正在处理记录 3590: (121.204737, 30.942971)
2025-07-12 02:06:46,463 - INFO - 📈 进度: 3093/3473 (89.1%)
2025-07-12 02:06:47,471 - INFO - ✅ API调用成功: 121.508644, 31.086147 -> 闵行区
2025-07-12 02:06:47,475 - INFO - 🔄 正在处理记录 3591: (121.137837, 31.150397)
2025-07-12 02:06:47,475 - INFO - 📈 进度: 3094/3473 (89.1%)
2025-07-12 02:06:48,486 - INFO - ✅ API调用成功: 121.217188, 31.037182 -> 松江区
2025-07-12 02:06:48,491 - INFO - 🔄 正在处理记录 3592: (121.13879, 31.160513)
2025-07-12 02:06:48,491 - INFO - 📈 进度: 3095/3473 (89.1%)
2025-07-12 02:06:49,502 - INFO - ✅ API调用成功: 121.38995, 31.620798 -> 崇明区
2025-07-12 02:06:49,506 - INFO - 🔄 正在处理记录 3593: (121.516171, 31.235087)
2025-07-12 02:06:49,506 - INFO - 📈 进度: 3096/3473 (89.1%)
2025-07-12 02:06:50,490 - INFO - ✅ API调用成功: 121.564881, 30.959507 -> 奉贤区
2025-07-12 02:06:50,494 - INFO - 🔄 正在处理记录 3594: (121.305545, 31.431911)
2025-07-12 02:06:50,494 - INFO - 📈 进度: 3097/3473 (89.2%)
2025-07-12 02:06:51,558 - INFO - ✅ API调用成功: 121.064291, 31.095858 -> 青浦区
2025-07-12 02:06:51,562 - INFO - 🔄 正在处理记录 3595: (121.27731, 31.195296)
2025-07-12 02:06:51,562 - INFO - 📈 进度: 3098/3473 (89.2%)
2025-07-12 02:06:52,641 - INFO - ✅ API调用成功: 121.422677, 30.833567 -> 奉贤区
2025-07-12 02:06:52,646 - INFO - 🔄 正在处理记录 3596: (121.321273, 31.152516)
2025-07-12 02:06:52,646 - INFO - 📈 进度: 3099/3473 (89.2%)
2025-07-12 02:06:53,488 - INFO - ✅ API调用成功: 121.425022, 31.018798 -> 闵行区
2025-07-12 02:06:53,493 - INFO - 🔄 正在处理记录 3597: (121.304021, 31.175877)
2025-07-12 02:06:53,499 - INFO - ✅ 写入 10 条结果到 /Users/songdingan/Downloads/detect_bus/final_station_ranking_with_district.csv
2025-07-12 02:06:53,499 - INFO - 📈 进度: 3100/3473 (89.3%)
2025-07-12 02:06:54,504 - INFO - ✅ API调用成功: 121.465922, 31.233244 -> 静安区
2025-07-12 02:06:54,508 - INFO - 🔄 正在处理记录 3598: (121.307067, 31.164686)
2025-07-12 02:06:54,508 - INFO - 📈 进度: 3101/3473 (89.3%)
2025-07-12 02:06:55,506 - INFO - ✅ API调用成功: 121.756613, 31.142299 -> 浦东新区
2025-07-12 02:06:55,511 - INFO - 🔄 正在处理记录 3599: (121.387978, 31.240074)
2025-07-12 02:06:55,511 - INFO - 📈 进度: 3102/3473 (89.3%)
2025-07-12 02:06:56,538 - INFO - ✅ API调用成功: 121.452529, 31.328744 -> 宝山区
2025-07-12 02:06:56,542 - INFO - 🔄 正在处理记录 3600: (121.717662, 31.122902)
2025-07-12 02:06:56,542 - INFO - 📈 进度: 3103/3473 (89.3%)
2025-07-12 02:06:57,519 - INFO - ✅ API调用成功: 121.413765, 30.91159 -> 奉贤区
2025-07-12 02:06:57,523 - INFO - 🔄 正在处理记录 3601: (121.730885, 31.136562)
2025-07-12 02:06:57,523 - INFO - 📈 进度: 3104/3473 (89.4%)
2025-07-12 02:06:58,562 - INFO - ✅ API调用成功: 121.471316, 30.829096 -> 奉贤区
2025-07-12 02:06:58,567 - INFO - 🔄 正在处理记录 3602: (121.510641, 30.908551)
2025-07-12 02:06:58,567 - INFO - 📈 进度: 3105/3473 (89.4%)
2025-07-12 02:06:59,504 - INFO - ✅ API调用成功: 121.506836, 31.304258 -> 杨浦区
2025-07-12 02:06:59,508 - INFO - 🔄 正在处理记录 3603: (121.450689, 31.000625)
2025-07-12 02:06:59,508 - INFO - 📈 进度: 3106/3473 (89.4%)
2025-07-12 02:07:00,701 - INFO - ✅ API调用成功: 121.484447, 31.252896 -> 静安区
2025-07-12 02:07:00,710 - INFO - 🔄 正在处理记录 3604: (121.48306, 31.285007)
2025-07-12 02:07:00,710 - INFO - 📈 进度: 3107/3473 (89.5%)
2025-07-12 02:07:01,556 - INFO - ✅ API调用成功: 121.477424, 31.241959 -> 黄浦区
2025-07-12 02:07:01,560 - INFO - 🔄 正在处理记录 3605: (121.259756, 31.204539)
2025-07-12 02:07:01,560 - INFO - 📈 进度: 3108/3473 (89.5%)
2025-07-12 02:07:02,526 - INFO - ✅ API调用成功: 121.477481, 31.247469 -> 静安区
2025-07-12 02:07:02,531 - INFO - 🔄 正在处理记录 3606: (121.477916, 31.235726)
2025-07-12 02:07:02,531 - INFO - 📈 进度: 3109/3473 (89.5%)
2025-07-12 02:07:03,543 - INFO - ✅ API调用成功: 121.390772, 31.01355 -> 闵行区
2025-07-12 02:07:03,548 - INFO - 🔄 正在处理记录 3607: (121.556476, 31.252688)
2025-07-12 02:07:03,555 - INFO - ✅ 写入 10 条结果到 /Users/songdingan/Downloads/detect_bus/final_station_ranking_with_district.csv
2025-07-12 02:07:03,555 - INFO - 📈 进度: 3110/3473 (89.5%)
2025-07-12 02:07:04,718 - INFO - ✅ API调用成功: 121.662265, 30.902072 -> 奉贤区
2025-07-12 02:07:04,722 - INFO - 🔄 正在处理记录 3608: (121.566905, 31.256567)
2025-07-12 02:07:04,722 - INFO - 📈 进度: 3111/3473 (89.6%)
2025-07-12 02:07:05,561 - INFO - ✅ API调用成功: 121.181849, 31.163016 -> 青浦区
2025-07-12 02:07:05,565 - INFO - 🔄 正在处理记录 3609: (121.542422, 31.233354)
2025-07-12 02:07:05,565 - INFO - 📈 进度: 3112/3473 (89.6%)
2025-07-12 02:07:06,578 - INFO - ✅ API调用成功: 121.489503, 31.170154 -> 浦东新区
2025-07-12 02:07:06,582 - INFO - 🔄 正在处理记录 3610: (121.719606, 30.942346)
2025-07-12 02:07:06,582 - INFO - 📈 进度: 3113/3473 (89.6%)
2025-07-12 02:07:07,868 - INFO - ✅ API调用成功: 121.51826, 31.294713 -> 杨浦区
2025-07-12 02:07:07,872 - INFO - 🔄 正在处理记录 3611: (121.641204, 30.960949)
2025-07-12 02:07:07,872 - INFO - 📈 进度: 3114/3473 (89.7%)
2025-07-12 02:07:08,549 - INFO - ✅ API调用成功: 121.491974, 31.104936 -> 闵行区
2025-07-12 02:07:08,553 - INFO - 🔄 正在处理记录 3612: (121.640452, 30.965342)
2025-07-12 02:07:08,553 - INFO - 📈 进度: 3115/3473 (89.7%)
2025-07-12 02:07:09,634 - INFO - ✅ API调用成功: 121.434643, 31.269394 -> 普陀区
2025-07-12 02:07:09,639 - INFO - 🔄 正在处理记录 3613: (121.643182, 30.99132)
2025-07-12 02:07:09,639 - INFO - 📈 进度: 3116/3473 (89.7%)
2025-07-12 02:07:10,570 - INFO - ✅ API调用成功: 121.006232, 30.890397 -> 嘉善县
2025-07-12 02:07:10,574 - INFO - 🔄 正在处理记录 3614: (121.671141, 30.925026)
2025-07-12 02:07:10,574 - INFO - 📈 进度: 3117/3473 (89.7%)
2025-07-12 02:07:11,564 - INFO - ✅ API调用成功: 121.203418, 31.24946 -> 青浦区
2025-07-12 02:07:11,568 - INFO - 🔄 正在处理记录 3615: (121.472629, 31.25168)
2025-07-12 02:07:11,568 - INFO - 📈 进度: 3118/3473 (89.8%)
2025-07-12 02:07:12,802 - INFO - ✅ API调用成功: 121.034644, 31.13589 -> 青浦区
2025-07-12 02:07:12,806 - INFO - 🔄 正在处理记录 3616: (121.501807, 31.148157)
2025-07-12 02:07:12,806 - INFO - 📈 进度: 3119/3473 (89.8%)
2025-07-12 02:07:13,584 - INFO - ✅ API调用成功: 121.198089, 31.018368 -> 松江区
2025-07-12 02:07:13,589 - INFO - 🔄 正在处理记录 3617: (121.772932, 31.106975)
2025-07-12 02:07:13,594 - INFO - ✅ 写入 10 条结果到 /Users/songdingan/Downloads/detect_bus/final_station_ranking_with_district.csv
2025-07-12 02:07:13,594 - INFO - 📈 进度: 3120/3473 (89.8%)
2025-07-12 02:07:14,593 - INFO - ✅ API调用成功: 121.455307, 31.085145 -> 闵行区
2025-07-12 02:07:14,598 - INFO - 🔄 正在处理记录 3618: (121.436788, 31.237579)
2025-07-12 02:07:14,598 - INFO - 📈 进度: 3121/3473 (89.9%)
2025-07-12 02:07:15,615 - INFO - ✅ API调用成功: 121.686282, 31.198288 -> 浦东新区
2025-07-12 02:07:15,619 - INFO - 🔄 正在处理记录 3619: (121.33356, 31.173638)
2025-07-12 02:07:15,619 - INFO - 📈 进度: 3122/3473 (89.9%)
2025-07-12 02:07:16,603 - INFO - ✅ API调用成功: 121.346099, 31.714368 -> 崇明区
2025-07-12 02:07:16,607 - INFO - 🔄 正在处理记录 3620: (121.471958, 31.228187)
2025-07-12 02:07:16,607 - INFO - 📈 进度: 3123/3473 (89.9%)
2025-07-12 02:07:17,600 - INFO - ✅ API调用成功: 121.540593, 31.248111 -> 浦东新区
2025-07-12 02:07:17,605 - INFO - 🔄 正在处理记录 3621: (121.206402, 31.153177)
2025-07-12 02:07:17,605 - INFO - 📈 进度: 3124/3473 (90.0%)
2025-07-12 02:07:18,617 - INFO - ✅ API调用成功: 121.549993, 31.247337 -> 浦东新区
2025-07-12 02:07:18,621 - INFO - 🔄 正在处理记录 3622: (121.453338, 31.218229)
2025-07-12 02:07:18,621 - INFO - 📈 进度: 3125/3473 (90.0%)
2025-07-12 02:07:19,624 - INFO - ✅ API调用成功: 121.231853, 31.0144 -> 松江区
2025-07-12 02:07:19,628 - INFO - 🔄 正在处理记录 3623: (121.722837, 31.230789)
2025-07-12 02:07:19,628 - INFO - 📈 进度: 3126/3473 (90.0%)
2025-07-12 02:07:20,661 - INFO - ✅ API调用成功: 121.458804, 31.228949 -> 静安区
2025-07-12 02:07:20,666 - INFO - 🔄 正在处理记录 3624: (121.358391, 31.136991)
2025-07-12 02:07:20,666 - INFO - 📈 进度: 3127/3473 (90.0%)
2025-07-12 02:07:21,642 - INFO - ✅ API调用成功: 121.401585, 31.256103 -> 普陀区
2025-07-12 02:07:21,646 - INFO - 🔄 正在处理记录 3625: (121.556447, 31.170956)
2025-07-12 02:07:21,647 - INFO - 📈 进度: 3128/3473 (90.1%)
2025-07-12 02:07:22,654 - INFO - ✅ API调用成功: 121.424998, 31.304331 -> 宝山区
2025-07-12 02:07:22,658 - INFO - 🔄 正在处理记录 3626: (121.405248, 31.442741)
2025-07-12 02:07:22,659 - INFO - 📈 进度: 3129/3473 (90.1%)
2025-07-12 02:07:23,662 - INFO - ✅ API调用成功: 121.445446, 31.202682 -> 徐汇区
2025-07-12 02:07:23,666 - INFO - 🔄 正在处理记录 3627: (121.322747, 31.129976)
2025-07-12 02:07:23,673 - INFO - ✅ 写入 10 条结果到 /Users/songdingan/Downloads/detect_bus/final_station_ranking_with_district.csv
2025-07-12 02:07:23,673 - INFO - 📈 进度: 3130/3473 (90.1%)
2025-07-12 02:07:24,873 - INFO - ✅ API调用成功: 121.166681, 31.27171 -> 青浦区
2025-07-12 02:07:24,877 - INFO - 🔄 正在处理记录 3628: (121.498683, 31.391177)
2025-07-12 02:07:24,877 - INFO - 📈 进度: 3131/3473 (90.2%)
2025-07-12 02:07:25,688 - INFO - ✅ API调用成功: 121.550585, 31.185061 -> 浦东新区
2025-07-12 02:07:25,693 - INFO - 🔄 正在处理记录 3629: (121.494812, 31.120616)
2025-07-12 02:07:25,693 - INFO - 📈 进度: 3132/3473 (90.2%)
2025-07-12 02:07:26,686 - INFO - ✅ API调用成功: 121.204737, 30.942971 -> 松江区
2025-07-12 02:07:26,691 - INFO - 🔄 正在处理记录 3630: (121.573903, 31.295343)
2025-07-12 02:07:26,691 - INFO - 📈 进度: 3133/3473 (90.2%)
2025-07-12 02:07:27,731 - INFO - ✅ API调用成功: 121.137837, 31.150397 -> 青浦区
2025-07-12 02:07:27,734 - INFO - 🔄 正在处理记录 3631: (121.707407, 31.186813)
2025-07-12 02:07:27,735 - INFO - 📈 进度: 3134/3473 (90.2%)
2025-07-12 02:07:28,714 - INFO - ✅ API调用成功: 121.13879, 31.160513 -> 青浦区
2025-07-12 02:07:28,719 - INFO - 🔄 正在处理记录 3632: (121.436148, 30.90908)
2025-07-12 02:07:28,720 - INFO - 📈 进度: 3135/3473 (90.3%)
2025-07-12 02:07:29,680 - INFO - ✅ API调用成功: 121.516171, 31.235087 -> 浦东新区
2025-07-12 02:07:29,684 - INFO - 🔄 正在处理记录 3633: (121.406147, 31.42936)
2025-07-12 02:07:29,684 - INFO - 📈 进度: 3136/3473 (90.3%)
2025-07-12 02:07:30,704 - INFO - ✅ API调用成功: 121.305545, 31.431911 -> 嘉定区
2025-07-12 02:07:30,709 - INFO - 🔄 正在处理记录 3634: (121.514445, 31.014513)
2025-07-12 02:07:30,709 - INFO - 📈 进度: 3137/3473 (90.3%)
2025-07-12 02:07:31,714 - INFO - ✅ API调用成功: 121.27731, 31.195296 -> 青浦区
2025-07-12 02:07:31,720 - INFO - 🔄 正在处理记录 3635: (121.328731, 31.143115)
2025-07-12 02:07:31,720 - INFO - 📈 进度: 3138/3473 (90.4%)
2025-07-12 02:07:32,726 - INFO - ✅ API调用成功: 121.321273, 31.152516 -> 松江区
2025-07-12 02:07:32,731 - INFO - 🔄 正在处理记录 3636: (121.388832, 31.205699)
2025-07-12 02:07:32,731 - INFO - 📈 进度: 3139/3473 (90.4%)
2025-07-12 02:07:33,742 - INFO - ✅ API调用成功: 121.304021, 31.175877 -> 青浦区
2025-07-12 02:07:33,747 - INFO - 🔄 正在处理记录 3637: (121.397888, 31.146889)
2025-07-12 02:07:33,752 - INFO - ✅ 写入 10 条结果到 /Users/songdingan/Downloads/detect_bus/final_station_ranking_with_district.csv
2025-07-12 02:07:33,752 - INFO - 📈 进度: 3140/3473 (90.4%)
2025-07-12 02:07:34,736 - INFO - ✅ API调用成功: 121.307067, 31.164686 -> 青浦区
2025-07-12 02:07:34,740 - INFO - 🔄 正在处理记录 3638: (121.374368, 31.217765)
2025-07-12 02:07:34,740 - INFO - 📈 进度: 3141/3473 (90.4%)
2025-07-12 02:07:35,758 - INFO - ✅ API调用成功: 121.387978, 31.240074 -> 普陀区
2025-07-12 02:07:35,763 - INFO - 🔄 正在处理记录 3639: (121.390729, 31.209183)
2025-07-12 02:07:35,763 - INFO - 📈 进度: 3142/3473 (90.5%)
2025-07-12 02:07:36,896 - INFO - ✅ API调用成功: 121.717662, 31.122902 -> 浦东新区
2025-07-12 02:07:36,900 - INFO - 🔄 正在处理记录 3640: (121.461941, 30.921699)
2025-07-12 02:07:36,900 - INFO - 📈 进度: 3143/3473 (90.5%)
2025-07-12 02:07:37,778 - INFO - ✅ API调用成功: 121.730885, 31.136562 -> 浦东新区
2025-07-12 02:07:37,782 - INFO - 🔄 正在处理记录 3641: (121.417802, 31.281083)
2025-07-12 02:07:37,782 - INFO - 📈 进度: 3144/3473 (90.5%)
2025-07-12 02:07:38,767 - INFO - ✅ API调用成功: 121.510641, 30.908551 -> 奉贤区
2025-07-12 02:07:38,773 - INFO - 🔄 正在处理记录 3642: (121.091151, 30.990378)
2025-07-12 02:07:38,773 - INFO - 📈 进度: 3145/3473 (90.6%)
2025-07-12 02:07:39,775 - INFO - ✅ API调用成功: 121.450689, 31.000625 -> 奉贤区
2025-07-12 02:07:39,780 - INFO - 🔄 正在处理记录 3643: (121.295411, 30.801318)
2025-07-12 02:07:39,780 - INFO - 📈 进度: 3146/3473 (90.6%)
2025-07-12 02:07:40,762 - INFO - ✅ API调用成功: 121.48306, 31.285007 -> 虹口区
2025-07-12 02:07:40,766 - INFO - 🔄 正在处理记录 3644: (121.359139, 31.108411)
2025-07-12 02:07:40,766 - INFO - 📈 进度: 3147/3473 (90.6%)
2025-07-12 02:07:41,773 - INFO - ✅ API调用成功: 121.259756, 31.204539 -> 青浦区
2025-07-12 02:07:41,778 - INFO - 🔄 正在处理记录 3645: (121.387529, 31.109203)
2025-07-12 02:07:41,778 - INFO - 📈 进度: 3148/3473 (90.6%)
2025-07-12 02:07:42,751 - INFO - ✅ API调用成功: 121.477916, 31.235726 -> 黄浦区
2025-07-12 02:07:42,759 - INFO - 🔄 正在处理记录 3646: (121.396955, 31.132838)
2025-07-12 02:07:42,759 - INFO - 📈 进度: 3149/3473 (90.7%)
2025-07-12 02:07:43,775 - INFO - ✅ API调用成功: 121.556476, 31.252688 -> 浦东新区
2025-07-12 02:07:43,780 - INFO - 🔄 正在处理记录 3647: (121.391634, 31.141916)
2025-07-12 02:07:43,785 - INFO - ✅ 写入 10 条结果到 /Users/songdingan/Downloads/detect_bus/final_station_ranking_with_district.csv
2025-07-12 02:07:43,785 - INFO - 📈 进度: 3150/3473 (90.7%)
2025-07-12 02:07:44,791 - INFO - ✅ API调用成功: 121.566905, 31.256567 -> 浦东新区
2025-07-12 02:07:44,796 - INFO - 🔄 正在处理记录 3648: (121.247758, 31.002355)
2025-07-12 02:07:44,796 - INFO - 📈 进度: 3151/3473 (90.7%)
2025-07-12 02:07:45,799 - INFO - ✅ API调用成功: 121.542422, 31.233354 -> 浦东新区
2025-07-12 02:07:45,803 - INFO - 🔄 正在处理记录 3649: (121.442089, 31.259375)
2025-07-12 02:07:45,803 - INFO - 📈 进度: 3152/3473 (90.8%)
2025-07-12 02:07:46,804 - INFO - ✅ API调用成功: 121.719606, 30.942346 -> 奉贤区
2025-07-12 02:07:46,808 - INFO - 🔄 正在处理记录 3650: (121.221659, 31.020441)
2025-07-12 02:07:46,809 - INFO - 📈 进度: 3153/3473 (90.8%)
2025-07-12 02:07:47,791 - INFO - ✅ API调用成功: 121.641204, 30.960949 -> 奉贤区
2025-07-12 02:07:47,795 - INFO - 🔄 正在处理记录 3651: (121.695205, 31.03503)
2025-07-12 02:07:47,796 - INFO - 📈 进度: 3154/3473 (90.8%)
2025-07-12 02:07:48,917 - INFO - ✅ API调用成功: 121.640452, 30.965342 -> 奉贤区
2025-07-12 02:07:48,921 - INFO - 🔄 正在处理记录 3652: (121.617459, 31.535163)
2025-07-12 02:07:48,921 - INFO - 📈 进度: 3155/3473 (90.8%)
2025-07-12 02:07:49,822 - INFO - ✅ API调用成功: 121.643182, 30.99132 -> 奉贤区
2025-07-12 02:07:49,826 - INFO - 🔄 正在处理记录 3653: (121.42544, 31.203711)
2025-07-12 02:07:49,826 - INFO - 📈 进度: 3156/3473 (90.9%)
2025-07-12 02:07:50,823 - INFO - ✅ API调用成功: 121.671141, 30.925026 -> 奉贤区
2025-07-12 02:07:50,827 - INFO - 🔄 正在处理记录 3654: (121.276318, 31.20502)
2025-07-12 02:07:50,827 - INFO - 📈 进度: 3157/3473 (90.9%)
2025-07-12 02:07:51,854 - INFO - ✅ API调用成功: 121.472629, 31.25168 -> 静安区
2025-07-12 02:07:51,859 - INFO - 🔄 正在处理记录 3655: (121.047878, 31.030976)
2025-07-12 02:07:51,859 - INFO - 📈 进度: 3158/3473 (90.9%)
2025-07-12 02:07:52,870 - INFO - ✅ API调用成功: 121.501807, 31.148157 -> 浦东新区
2025-07-12 02:07:52,874 - INFO - 🔄 正在处理记录 3656: (121.49301, 31.403829)
2025-07-12 02:07:52,874 - INFO - 📈 进度: 3159/3473 (91.0%)
2025-07-12 02:07:53,837 - INFO - ✅ API调用成功: 121.772932, 31.106975 -> 浦东新区
2025-07-12 02:07:53,842 - INFO - 🔄 正在处理记录 3657: (121.46693, 31.245055)
2025-07-12 02:07:53,847 - INFO - ✅ 写入 10 条结果到 /Users/songdingan/Downloads/detect_bus/final_station_ranking_with_district.csv
2025-07-12 02:07:53,847 - INFO - 📈 进度: 3160/3473 (91.0%)
2025-07-12 02:07:54,873 - INFO - ✅ API调用成功: 121.436788, 31.237579 -> 静安区
2025-07-12 02:07:54,878 - INFO - 🔄 正在处理记录 3658: (121.04713, 31.087323)
2025-07-12 02:07:54,878 - INFO - 📈 进度: 3161/3473 (91.0%)
2025-07-12 02:07:55,870 - INFO - ✅ API调用成功: 121.33356, 31.173638 -> 闵行区
2025-07-12 02:07:55,874 - INFO - 🔄 正在处理记录 3659: (121.530491, 31.580192)
2025-07-12 02:07:55,874 - INFO - 📈 进度: 3162/3473 (91.0%)
2025-07-12 02:07:56,858 - INFO - ✅ API调用成功: 121.471958, 31.228187 -> 黄浦区
2025-07-12 02:07:56,862 - INFO - 🔄 正在处理记录 3660: (121.843252, 31.078197)
2025-07-12 02:07:56,862 - INFO - 📈 进度: 3163/3473 (91.1%)
2025-07-12 02:07:57,872 - INFO - ✅ API调用成功: 121.206402, 31.153177 -> 青浦区
2025-07-12 02:07:57,876 - INFO - 🔄 正在处理记录 3661: (121.455357, 31.318267)
2025-07-12 02:07:57,876 - INFO - 📈 进度: 3164/3473 (91.1%)
2025-07-12 02:07:58,906 - INFO - ✅ API调用成功: 121.453338, 31.218229 -> 徐汇区
2025-07-12 02:07:58,912 - INFO - 🔄 正在处理记录 3662: (121.501087, 31.198539)
2025-07-12 02:07:58,912 - INFO - 📈 进度: 3165/3473 (91.1%)
2025-07-12 02:07:59,899 - INFO - ✅ API调用成功: 121.722837, 31.230789 -> 浦东新区
2025-07-12 02:07:59,903 - INFO - 🔄 正在处理记录 3663: (121.556476, 31.252688)
2025-07-12 02:07:59,903 - INFO - 📈 进度: 3166/3473 (91.2%)
2025-07-12 02:08:00,993 - INFO - ✅ API调用成功: 121.358391, 31.136991 -> 闵行区
2025-07-12 02:08:00,998 - INFO - 🔄 正在处理记录 3664: (121.10539, 31.148524)
2025-07-12 02:08:00,998 - INFO - 📈 进度: 3167/3473 (91.2%)
2025-07-12 02:08:01,904 - INFO - ✅ API调用成功: 121.556447, 31.170956 -> 浦东新区
2025-07-12 02:08:01,907 - INFO - 🔄 正在处理记录 3665: (121.390065, 31.170606)
2025-07-12 02:08:01,908 - INFO - 📈 进度: 3168/3473 (91.2%)
2025-07-12 02:08:02,904 - INFO - ✅ API调用成功: 121.405248, 31.442741 -> 宝山区
2025-07-12 02:08:02,908 - INFO - 🔄 正在处理记录 3666: (121.264594, 31.116318)
2025-07-12 02:08:02,908 - INFO - 📈 进度: 3169/3473 (91.2%)
2025-07-12 02:08:03,925 - INFO - ✅ API调用成功: 121.322747, 31.129976 -> 松江区
2025-07-12 02:08:03,929 - INFO - 🔄 正在处理记录 3667: (121.362141, 31.27628)
2025-07-12 02:08:03,935 - INFO - ✅ 写入 10 条结果到 /Users/songdingan/Downloads/detect_bus/final_station_ranking_with_district.csv
2025-07-12 02:08:03,935 - INFO - 📈 进度: 3170/3473 (91.3%)
2025-07-12 02:08:05,017 - INFO - ✅ API调用成功: 121.498683, 31.391177 -> 宝山区
2025-07-12 02:08:05,022 - INFO - 🔄 正在处理记录 3668: (121.445203, 31.195002)
2025-07-12 02:08:05,022 - INFO - 📈 进度: 3171/3473 (91.3%)
2025-07-12 02:08:05,906 - INFO - ✅ API调用成功: 121.494812, 31.120616 -> 闵行区
2025-07-12 02:08:05,910 - INFO - 🔄 正在处理记录 3669: (121.581956, 31.2645)
2025-07-12 02:08:05,911 - INFO - 📈 进度: 3172/3473 (91.3%)
2025-07-12 02:08:06,902 - INFO - ✅ API调用成功: 121.573903, 31.295343 -> 杨浦区
2025-07-12 02:08:06,907 - INFO - 🔄 正在处理记录 3670: (121.537196, 31.237366)
2025-07-12 02:08:06,907 - INFO - 📈 进度: 3173/3473 (91.4%)
2025-07-12 02:08:08,121 - INFO - ✅ API调用成功: 121.707407, 31.186813 -> 浦东新区
2025-07-12 02:08:08,125 - INFO - 🔄 正在处理记录 3671: (121.116494, 31.151812)
2025-07-12 02:08:08,125 - INFO - 📈 进度: 3174/3473 (91.4%)
2025-07-12 02:08:09,220 - INFO - ✅ API调用成功: 121.436148, 30.90908 -> 奉贤区
2025-07-12 02:08:09,225 - INFO - 🔄 正在处理记录 3672: (121.583392, 31.310837)
2025-07-12 02:08:09,226 - INFO - 📈 进度: 3175/3473 (91.4%)
2025-07-12 02:08:11,019 - INFO - ✅ API调用成功: 121.514445, 31.014513 -> 闵行区
2025-07-12 02:08:11,021 - INFO - ✅ API调用成功: 121.406147, 31.42936 -> 宝山区
2025-07-12 02:08:11,026 - INFO - 🔄 正在处理记录 3673: (121.384198, 31.364506)
2025-07-12 02:08:11,026 - INFO - 📈 进度: 3176/3473 (91.4%)
2025-07-12 02:08:11,031 - INFO - 🔄 正在处理记录 3674: (121.457199, 30.90964)
2025-07-12 02:08:11,031 - INFO - 📈 进度: 3177/3473 (91.5%)
2025-07-12 02:08:11,957 - INFO - ✅ API调用成功: 121.328731, 31.143115 -> 松江区
2025-07-12 02:08:11,961 - INFO - 🔄 正在处理记录 3675: (121.718636, 31.52473)
2025-07-12 02:08:11,961 - INFO - 📈 进度: 3178/3473 (91.5%)
2025-07-12 02:08:13,022 - INFO - ✅ API调用成功: 121.388832, 31.205699 -> 长宁区
2025-07-12 02:08:13,026 - INFO - 🔄 正在处理记录 3676: (121.047239, 31.03044)
2025-07-12 02:08:13,027 - INFO - 📈 进度: 3179/3473 (91.5%)
2025-07-12 02:08:13,968 - INFO - ✅ API调用成功: 121.397888, 31.146889 -> 闵行区
2025-07-12 02:08:13,973 - INFO - 🔄 正在处理记录 3677: (121.524784, 31.360547)
2025-07-12 02:08:13,978 - INFO - ✅ 写入 10 条结果到 /Users/songdingan/Downloads/detect_bus/final_station_ranking_with_district.csv
2025-07-12 02:08:13,978 - INFO - 📈 进度: 3180/3473 (91.6%)
2025-07-12 02:08:14,988 - INFO - ✅ API调用成功: 121.374368, 31.217765 -> 长宁区
2025-07-12 02:08:14,993 - INFO - 🔄 正在处理记录 3678: (121.345212, 31.206964)
2025-07-12 02:08:14,993 - INFO - 📈 进度: 3181/3473 (91.6%)
2025-07-12 02:08:15,969 - INFO - ✅ API调用成功: 121.390729, 31.209183 -> 长宁区
2025-07-12 02:08:15,973 - INFO - 🔄 正在处理记录 3679: (121.41952, 31.173068)
2025-07-12 02:08:15,973 - INFO - 📈 进度: 3182/3473 (91.6%)
2025-07-12 02:08:17,000 - INFO - ✅ API调用成功: 121.461941, 30.921699 -> 奉贤区
2025-07-12 02:08:17,005 - INFO - 🔄 正在处理记录 3680: (121.314931, 31.13246)
2025-07-12 02:08:17,005 - INFO - 📈 进度: 3183/3473 (91.6%)
2025-07-12 02:08:18,005 - INFO - ✅ API调用成功: 121.417802, 31.281083 -> 宝山区
2025-07-12 02:08:18,009 - INFO - 🔄 正在处理记录 3681: (121.624872, 31.552346)
2025-07-12 02:08:18,009 - INFO - 📈 进度: 3184/3473 (91.7%)
2025-07-12 02:08:19,010 - INFO - ✅ API调用成功: 121.091151, 30.990378 -> 青浦区
2025-07-12 02:08:19,014 - INFO - 🔄 正在处理记录 3682: (121.450649, 31.168524)
2025-07-12 02:08:19,014 - INFO - 📈 进度: 3185/3473 (91.7%)
2025-07-12 02:08:20,008 - INFO - ✅ API调用成功: 121.295411, 30.801318 -> 金山区
2025-07-12 02:08:20,011 - INFO - 🔄 正在处理记录 3683: (121.38995, 31.620798)
2025-07-12 02:08:20,011 - INFO - 📈 进度: 3186/3473 (91.7%)
2025-07-12 02:08:21,008 - INFO - ✅ API调用成功: 121.359139, 31.108411 -> 闵行区
2025-07-12 02:08:21,011 - INFO - 🔄 正在处理记录 3684: (121.388184, 31.619914)
2025-07-12 02:08:21,012 - INFO - 📈 进度: 3187/3473 (91.8%)
2025-07-12 02:08:22,005 - INFO - ✅ API调用成功: 121.387529, 31.109203 -> 闵行区
2025-07-12 02:08:22,009 - INFO - 🔄 正在处理记录 3685: (121.356417, 31.745618)
2025-07-12 02:08:22,009 - INFO - 📈 进度: 3188/3473 (91.8%)
2025-07-12 02:08:23,001 - INFO - ✅ API调用成功: 121.396955, 31.132838 -> 闵行区
2025-07-12 02:08:23,005 - INFO - 🔄 正在处理记录 3686: (121.389069, 31.694082)
2025-07-12 02:08:23,005 - INFO - 📈 进度: 3189/3473 (91.8%)
2025-07-12 02:08:24,024 - INFO - ✅ API调用成功: 121.391634, 31.141916 -> 闵行区
2025-07-12 02:08:24,028 - INFO - 🔄 正在处理记录 3687: (121.47456, 31.230994)
2025-07-12 02:08:24,035 - INFO - ✅ 写入 10 条结果到 /Users/songdingan/Downloads/detect_bus/final_station_ranking_with_district.csv
2025-07-12 02:08:24,035 - INFO - 📈 进度: 3190/3473 (91.9%)
2025-07-12 02:08:25,086 - INFO - ✅ API调用成功: 121.247758, 31.002355 -> 松江区
2025-07-12 02:08:25,090 - INFO - 🔄 正在处理记录 3688: (121.344129, 31.718243)
2025-07-12 02:08:25,091 - INFO - 📈 进度: 3191/3473 (91.9%)
2025-07-12 02:08:26,029 - INFO - ✅ API调用成功: 121.442089, 31.259375 -> 普陀区
2025-07-12 02:08:26,034 - INFO - 🔄 正在处理记录 3689: (121.458733, 30.949004)
2025-07-12 02:08:26,034 - INFO - 📈 进度: 3192/3473 (91.9%)
2025-07-12 02:08:27,049 - INFO - ✅ API调用成功: 121.221659, 31.020441 -> 松江区
2025-07-12 02:08:27,053 - INFO - 🔄 正在处理记录 3690: (121.42926, 31.020168)
2025-07-12 02:08:27,053 - INFO - 📈 进度: 3193/3473 (91.9%)
2025-07-12 02:08:28,037 - INFO - ✅ API调用成功: 121.695205, 31.03503 -> 浦东新区
2025-07-12 02:08:28,040 - INFO - 🔄 正在处理记录 3691: (121.585895, 31.266776)
2025-07-12 02:08:28,041 - INFO - 📈 进度: 3194/3473 (92.0%)
2025-07-12 02:08:29,042 - INFO - ✅ API调用成功: 121.617459, 31.535163 -> 崇明区
2025-07-12 02:08:29,046 - INFO - 🔄 正在处理记录 3692: (121.441548, 31.221247)
2025-07-12 02:08:29,046 - INFO - 📈 进度: 3195/3473 (92.0%)
2025-07-12 02:08:30,061 - INFO - ✅ API调用成功: 121.42544, 31.203711 -> 长宁区
2025-07-12 02:08:30,066 - INFO - 🔄 正在处理记录 3693: (121.211271, 31.051446)
2025-07-12 02:08:30,066 - INFO - 📈 进度: 3196/3473 (92.0%)
2025-07-12 02:08:31,057 - INFO - ✅ API调用成功: 121.276318, 31.20502 -> 闵行区
2025-07-12 02:08:31,061 - INFO - 🔄 正在处理记录 3694: (121.320136, 31.235139)
2025-07-12 02:08:31,062 - INFO - 📈 进度: 3197/3473 (92.1%)
2025-07-12 02:08:32,047 - INFO - ✅ API调用成功: 121.047878, 31.030976 -> 青浦区
2025-07-12 02:08:32,052 - INFO - 🔄 正在处理记录 3695: (121.292356, 31.127598)
2025-07-12 02:08:32,052 - INFO - 📈 进度: 3198/3473 (92.1%)
2025-07-12 02:08:33,116 - INFO - ✅ API调用成功: 121.49301, 31.403829 -> 宝山区
2025-07-12 02:08:33,120 - INFO - 🔄 正在处理记录 3696: (121.309425, 30.878457)
2025-07-12 02:08:33,120 - INFO - 📈 进度: 3199/3473 (92.1%)
2025-07-12 02:08:34,101 - INFO - ✅ API调用成功: 121.46693, 31.245055 -> 静安区
2025-07-12 02:08:34,106 - INFO - 🔄 正在处理记录 3697: (121.616717, 30.918442)
2025-07-12 02:08:34,110 - INFO - ✅ 写入 10 条结果到 /Users/songdingan/Downloads/detect_bus/final_station_ranking_with_district.csv
2025-07-12 02:08:34,110 - INFO - 📈 进度: 3200/3473 (92.1%)
2025-07-12 02:08:35,094 - INFO - ✅ API调用成功: 121.04713, 31.087323 -> 青浦区
2025-07-12 02:08:35,097 - INFO - 🔄 正在处理记录 3698: (121.459174, 30.855495)
2025-07-12 02:08:35,098 - INFO - 📈 进度: 3201/3473 (92.2%)
2025-07-12 02:08:36,096 - INFO - ✅ API调用成功: 121.530491, 31.580192 -> 崇明区
2025-07-12 02:08:36,100 - INFO - 🔄 正在处理记录 3699: (121.765523, 31.024922)
2025-07-12 02:08:36,100 - INFO - 📈 进度: 3202/3473 (92.2%)
2025-07-12 02:08:37,073 - INFO - ✅ API调用成功: 121.843252, 31.078197 -> 浦东新区
2025-07-12 02:08:37,077 - INFO - 🔄 正在处理记录 3700: (121.64101, 30.913285)
2025-07-12 02:08:37,077 - INFO - 📈 进度: 3203/3473 (92.2%)
2025-07-12 02:08:38,142 - INFO - ✅ API调用成功: 121.455357, 31.318267 -> 静安区
2025-07-12 02:08:38,146 - INFO - 🔄 正在处理记录 3701: (121.465689, 30.841825)
2025-07-12 02:08:38,146 - INFO - 📈 进度: 3204/3473 (92.3%)
2025-07-12 02:08:39,147 - INFO - ✅ API调用成功: 121.501087, 31.198539 -> 浦东新区
2025-07-12 02:08:39,151 - INFO - 🔄 正在处理记录 3702: (121.515057, 31.131828)
2025-07-12 02:08:39,151 - INFO - 📈 进度: 3205/3473 (92.3%)
2025-07-12 02:08:40,150 - INFO - ✅ API调用成功: 121.556476, 31.252688 -> 浦东新区
2025-07-12 02:08:40,154 - INFO - 🔄 正在处理记录 3703: (121.281332, 30.86812)
2025-07-12 02:08:40,154 - INFO - 📈 进度: 3206/3473 (92.3%)
2025-07-12 02:08:41,127 - INFO - ✅ API调用成功: 121.10539, 31.148524 -> 青浦区
2025-07-12 02:08:41,164 - INFO - 🔄 正在处理记录 3704: (121.320534, 30.904814)
2025-07-12 02:08:41,164 - INFO - 📈 进度: 3207/3473 (92.3%)
2025-07-12 02:08:42,146 - INFO - ✅ API调用成功: 121.390065, 31.170606 -> 闵行区
2025-07-12 02:08:42,152 - INFO - 🔄 正在处理记录 3705: (121.243617, 30.878018)
2025-07-12 02:08:42,152 - INFO - 📈 进度: 3208/3473 (92.4%)
2025-07-12 02:08:43,172 - INFO - ✅ API调用成功: 121.264594, 31.116318 -> 松江区
2025-07-12 02:08:43,177 - INFO - 🔄 正在处理记录 3706: (121.735104, 31.126304)
2025-07-12 02:08:43,177 - INFO - 📈 进度: 3209/3473 (92.4%)
2025-07-12 02:08:44,198 - INFO - ✅ API调用成功: 121.362141, 31.27628 -> 嘉定区
2025-07-12 02:08:44,202 - INFO - 🔄 正在处理记录 3707: (121.647598, 31.27758)
2025-07-12 02:08:44,209 - INFO - ✅ 写入 10 条结果到 /Users/songdingan/Downloads/detect_bus/final_station_ranking_with_district.csv
2025-07-12 02:08:44,209 - INFO - 📈 进度: 3210/3473 (92.4%)
2025-07-12 02:08:45,162 - INFO - ✅ API调用成功: 121.445203, 31.195002 -> 徐汇区
2025-07-12 02:08:45,167 - INFO - 🔄 正在处理记录 3708: (121.478868, 31.151803)
2025-07-12 02:08:45,168 - INFO - 📈 进度: 3211/3473 (92.5%)
2025-07-12 02:08:46,195 - INFO - ✅ API调用成功: 121.581956, 31.2645 -> 浦东新区
2025-07-12 02:08:46,199 - INFO - 🔄 正在处理记录 3709: (121.192624, 30.894765)
2025-07-12 02:08:46,199 - INFO - 📈 进度: 3212/3473 (92.5%)
2025-07-12 02:08:47,176 - INFO - ✅ API调用成功: 121.537196, 31.237366 -> 浦东新区
2025-07-12 02:08:47,182 - INFO - 🔄 正在处理记录 3710: (121.242334, 30.891347)
2025-07-12 02:08:47,182 - INFO - 📈 进度: 3213/3473 (92.5%)
2025-07-12 02:08:48,186 - INFO - ✅ API调用成功: 121.116494, 31.151812 -> 青浦区
2025-07-12 02:08:48,191 - INFO - 🔄 正在处理记录 3711: (121.408204, 31.182594)
2025-07-12 02:08:48,191 - INFO - 📈 进度: 3214/3473 (92.5%)
2025-07-12 02:08:49,243 - INFO - ✅ API调用成功: 121.583392, 31.310837 -> 浦东新区
2025-07-12 02:08:49,248 - INFO - 🔄 正在处理记录 3712: (121.250199, 30.981249)
2025-07-12 02:08:49,248 - INFO - 📈 进度: 3215/3473 (92.6%)
2025-07-12 02:08:50,215 - INFO - ✅ API调用成功: 121.384198, 31.364506 -> 宝山区
2025-07-12 02:08:50,220 - INFO - 🔄 正在处理记录 3713: (121.334788, 30.726631)
2025-07-12 02:08:50,220 - INFO - 📈 进度: 3216/3473 (92.6%)
2025-07-12 02:08:51,209 - INFO - ✅ API调用成功: 121.457199, 30.90964 -> 奉贤区
2025-07-12 02:08:51,213 - INFO - 🔄 正在处理记录 3714: (121.455833, 31.199518)
2025-07-12 02:08:51,213 - INFO - 📈 进度: 3217/3473 (92.6%)
2025-07-12 02:08:52,189 - INFO - ✅ API调用成功: 121.718636, 31.52473 -> 崇明区
2025-07-12 02:08:52,194 - INFO - 🔄 正在处理记录 3715: (121.479824, 31.247031)
2025-07-12 02:08:52,194 - INFO - 📈 进度: 3218/3473 (92.7%)
2025-07-12 02:08:53,224 - INFO - ✅ API调用成功: 121.047239, 31.03044 -> 青浦区
2025-07-12 02:08:53,228 - INFO - 🔄 正在处理记录 3716: (121.337375, 30.727166)
2025-07-12 02:08:53,228 - INFO - 📈 进度: 3219/3473 (92.7%)
2025-07-12 02:08:54,226 - INFO - ✅ API调用成功: 121.524784, 31.360547 -> 浦东新区
2025-07-12 02:08:54,232 - INFO - 🔄 正在处理记录 3717: (121.199736, 31.030022)
2025-07-12 02:08:54,238 - INFO - ✅ 写入 10 条结果到 /Users/songdingan/Downloads/detect_bus/final_station_ranking_with_district.csv
2025-07-12 02:08:54,238 - INFO - 📈 进度: 3220/3473 (92.7%)
2025-07-12 02:08:55,244 - INFO - ✅ API调用成功: 121.345212, 31.206964 -> 长宁区
2025-07-12 02:08:55,249 - INFO - 🔄 正在处理记录 3718: (121.542119, 31.245572)
2025-07-12 02:08:55,249 - INFO - 📈 进度: 3221/3473 (92.7%)
2025-07-12 02:08:56,239 - INFO - ✅ API调用成功: 121.41952, 31.173068 -> 徐汇区
2025-07-12 02:08:56,243 - INFO - 🔄 正在处理记录 3719: (121.744877, 30.973202)
2025-07-12 02:08:56,243 - INFO - 📈 进度: 3222/3473 (92.8%)
2025-07-12 02:08:57,245 - INFO - ✅ API调用成功: 121.314931, 31.13246 -> 松江区
2025-07-12 02:08:57,247 - INFO - 🔄 正在处理记录 3720: (121.500104, 31.307242)
2025-07-12 02:08:57,248 - INFO - 📈 进度: 3223/3473 (92.8%)
2025-07-12 02:08:58,251 - INFO - ✅ API调用成功: 121.624872, 31.552346 -> 崇明区
2025-07-12 02:08:58,255 - INFO - 🔄 正在处理记录 3721: (121.733149, 31.059184)
2025-07-12 02:08:58,255 - INFO - 📈 进度: 3224/3473 (92.8%)
2025-07-12 02:08:59,272 - INFO - ✅ API调用成功: 121.450649, 31.168524 -> 徐汇区
2025-07-12 02:08:59,277 - INFO - 🔄 正在处理记录 3722: (121.810795, 31.090381)
2025-07-12 02:08:59,277 - INFO - 📈 进度: 3225/3473 (92.9%)
2025-07-12 02:09:00,244 - INFO - ✅ API调用成功: 121.38995, 31.620798 -> 崇明区
2025-07-12 02:09:00,249 - INFO - 🔄 正在处理记录 3723: (121.13245, 31.306683)
2025-07-12 02:09:00,249 - INFO - 📈 进度: 3226/3473 (92.9%)
2025-07-12 02:09:01,241 - INFO - ✅ API调用成功: 121.388184, 31.619914 -> 崇明区
2025-07-12 02:09:01,246 - INFO - 🔄 正在处理记录 3724: (121.498825, 31.212546)
2025-07-12 02:09:01,246 - INFO - 📈 进度: 3227/3473 (92.9%)
2025-07-12 02:09:02,257 - INFO - ✅ API调用成功: 121.356417, 31.745618 -> 崇明区
2025-07-12 02:09:02,262 - INFO - 🔄 正在处理记录 3725: (121.460956, 31.254386)
2025-07-12 02:09:02,262 - INFO - 📈 进度: 3228/3473 (92.9%)
2025-07-12 02:09:03,268 - INFO - ✅ API调用成功: 121.389069, 31.694082 -> 崇明区
2025-07-12 02:09:03,273 - INFO - 🔄 正在处理记录 3726: (121.302645, 31.008001)
2025-07-12 02:09:03,273 - INFO - 📈 进度: 3229/3473 (93.0%)
2025-07-12 02:09:04,330 - INFO - ✅ API调用成功: 121.47456, 31.230994 -> 黄浦区
2025-07-12 02:09:04,335 - INFO - 🔄 正在处理记录 3727: (121.479038, 31.349029)
2025-07-12 02:09:04,347 - INFO - ✅ 写入 10 条结果到 /Users/songdingan/Downloads/detect_bus/final_station_ranking_with_district.csv
2025-07-12 02:09:04,347 - INFO - 📈 进度: 3230/3473 (93.0%)
2025-07-12 02:09:05,301 - INFO - ✅ API调用成功: 121.344129, 31.718243 -> 崇明区
2025-07-12 02:09:05,303 - INFO - 🔄 正在处理记录 3728: (121.671999, 31.280282)
2025-07-12 02:09:05,303 - INFO - 📈 进度: 3231/3473 (93.0%)
2025-07-12 02:09:06,267 - INFO - ✅ API调用成功: 121.458733, 30.949004 -> 奉贤区
2025-07-12 02:09:06,273 - INFO - 🔄 正在处理记录 3729: (121.561173, 31.343122)
2025-07-12 02:09:06,273 - INFO - 📈 进度: 3232/3473 (93.1%)
2025-07-12 02:09:07,278 - INFO - ✅ API调用成功: 121.42926, 31.020168 -> 闵行区
2025-07-12 02:09:07,283 - INFO - 🔄 正在处理记录 3730: (121.534691, 31.627132)
2025-07-12 02:09:07,283 - INFO - 📈 进度: 3233/3473 (93.1%)
2025-07-12 02:09:08,318 - INFO - ✅ API调用成功: 121.585895, 31.266776 -> 浦东新区
2025-07-12 02:09:08,323 - INFO - 🔄 正在处理记录 3731: (121.868455, 30.985493)
2025-07-12 02:09:08,323 - INFO - 📈 进度: 3234/3473 (93.1%)
2025-07-12 02:09:09,268 - INFO - ✅ API调用成功: 121.441548, 31.221247 -> 长宁区
2025-07-12 02:09:09,282 - INFO - 🔄 正在处理记录 3732: (121.327499, 31.121613)
2025-07-12 02:09:09,282 - INFO - 📈 进度: 3235/3473 (93.1%)
2025-07-12 02:09:10,343 - INFO - ✅ API调用成功: 121.211271, 31.051446 -> 松江区
2025-07-12 02:09:10,346 - INFO - 🔄 正在处理记录 3733: (121.41835, 31.240841)
2025-07-12 02:09:10,346 - INFO - 📈 进度: 3236/3473 (93.2%)
2025-07-12 02:09:11,322 - INFO - ✅ API调用成功: 121.320136, 31.235139 -> 嘉定区
2025-07-12 02:09:11,360 - INFO - 🔄 正在处理记录 3734: (121.480288, 31.153356)
2025-07-12 02:09:11,360 - INFO - 📈 进度: 3237/3473 (93.2%)
2025-07-12 02:09:12,355 - INFO - ✅ API调用成功: 121.292356, 31.127598 -> 松江区
2025-07-12 02:09:12,363 - INFO - 🔄 正在处理记录 3735: (121.433887, 31.7047)
2025-07-12 02:09:12,363 - INFO - 📈 进度: 3238/3473 (93.2%)
2025-07-12 02:09:13,331 - INFO - ✅ API调用成功: 121.309425, 30.878457 -> 金山区
2025-07-12 02:09:13,338 - INFO - 🔄 正在处理记录 3736: (121.419442, 31.330822)
2025-07-12 02:09:13,338 - INFO - 📈 进度: 3239/3473 (93.3%)
2025-07-12 02:09:14,303 - INFO - ✅ API调用成功: 121.616717, 30.918442 -> 奉贤区
2025-07-12 02:09:14,308 - INFO - 🔄 正在处理记录 3737: (121.419891, 31.054483)
2025-07-12 02:09:14,313 - INFO - ✅ 写入 10 条结果到 /Users/songdingan/Downloads/detect_bus/final_station_ranking_with_district.csv
2025-07-12 02:09:14,313 - INFO - 📈 进度: 3240/3473 (93.3%)
2025-07-12 02:09:15,300 - INFO - ✅ API调用成功: 121.459174, 30.855495 -> 奉贤区
2025-07-12 02:09:15,302 - INFO - 🔄 正在处理记录 3738: (121.371736, 31.111554)
2025-07-12 02:09:15,302 - INFO - 📈 进度: 3241/3473 (93.3%)
2025-07-12 02:09:16,313 - INFO - ✅ API调用成功: 121.765523, 31.024922 -> 浦东新区
2025-07-12 02:09:16,317 - INFO - 🔄 正在处理记录 3739: (121.537691, 30.979365)
2025-07-12 02:09:16,317 - INFO - 📈 进度: 3242/3473 (93.3%)
2025-07-12 02:09:17,330 - INFO - ✅ API调用成功: 121.64101, 30.913285 -> 奉贤区
2025-07-12 02:09:17,335 - INFO - 🔄 正在处理记录 3740: (121.525835, 31.581605)
2025-07-12 02:09:17,335 - INFO - 📈 进度: 3243/3473 (93.4%)
2025-07-12 02:09:18,329 - INFO - ✅ API调用成功: 121.465689, 30.841825 -> 奉贤区
2025-07-12 02:09:18,334 - INFO - 🔄 正在处理记录 3741: (121.709958, 31.056902)
2025-07-12 02:09:18,334 - INFO - 📈 进度: 3244/3473 (93.4%)
2025-07-12 02:09:19,344 - INFO - ✅ API调用成功: 121.515057, 31.131828 -> 浦东新区
2025-07-12 02:09:19,349 - INFO - 🔄 正在处理记录 3742: (121.243994, 31.370179)
2025-07-12 02:09:19,349 - INFO - 📈 进度: 3245/3473 (93.4%)
2025-07-12 02:09:20,360 - INFO - ✅ API调用成功: 121.281332, 30.86812 -> 金山区
2025-07-12 02:09:20,362 - INFO - 🔄 正在处理记录 3743: (121.612723, 31.295601)
2025-07-12 02:09:20,362 - INFO - 📈 进度: 3246/3473 (93.5%)
2025-07-12 02:09:21,328 - INFO - ✅ API调用成功: 121.320534, 30.904814 -> 金山区
2025-07-12 02:09:21,334 - INFO - 🔄 正在处理记录 3744: (121.272417, 31.111191)
2025-07-12 02:09:21,334 - INFO - 📈 进度: 3247/3473 (93.5%)
2025-07-12 02:09:22,336 - INFO - ✅ API调用成功: 121.243617, 30.878018 -> 金山区
2025-07-12 02:09:22,341 - INFO - 🔄 正在处理记录 3745: (121.073447, 30.991846)
2025-07-12 02:09:22,341 - INFO - 📈 进度: 3248/3473 (93.5%)
2025-07-12 02:09:23,364 - INFO - ✅ API调用成功: 121.735104, 31.126304 -> 浦东新区
2025-07-12 02:09:23,368 - INFO - 🔄 正在处理记录 3746: (121.354611, 31.068192)
2025-07-12 02:09:23,368 - INFO - 📈 进度: 3249/3473 (93.6%)
2025-07-12 02:09:24,595 - INFO - ✅ API调用成功: 121.647598, 31.27758 -> 浦东新区
2025-07-12 02:09:24,609 - INFO - 🔄 正在处理记录 3747: (121.73019, 31.234388)
2025-07-12 02:09:24,624 - INFO - ✅ 写入 10 条结果到 /Users/songdingan/Downloads/detect_bus/final_station_ranking_with_district.csv
2025-07-12 02:09:24,624 - INFO - 📈 进度: 3250/3473 (93.6%)
2025-07-12 02:09:26,374 - INFO - ✅ API调用成功: 121.192624, 30.894765 -> 金山区
2025-07-12 02:09:26,377 - INFO - ✅ API调用成功: 121.478868, 31.151803 -> 浦东新区
2025-07-12 02:09:26,379 - INFO - 🔄 正在处理记录 3748: (121.349012, 31.129561)
2025-07-12 02:09:26,380 - INFO - 📈 进度: 3251/3473 (93.6%)
2025-07-12 02:09:26,384 - INFO - 🔄 正在处理记录 3749: (121.116494, 31.151812)
2025-07-12 02:09:26,384 - INFO - 📈 进度: 3252/3473 (93.6%)
2025-07-12 02:09:27,386 - INFO - ✅ API调用成功: 121.242334, 30.891347 -> 金山区
2025-07-12 02:09:27,391 - INFO - 🔄 正在处理记录 3750: (121.475426, 31.247716)
2025-07-12 02:09:27,391 - INFO - 📈 进度: 3253/3473 (93.7%)
2025-07-12 02:09:28,375 - INFO - ✅ API调用成功: 121.408204, 31.182594 -> 徐汇区
2025-07-12 02:09:28,379 - INFO - 🔄 正在处理记录 3751: (121.24949, 31.180231)
2025-07-12 02:09:28,379 - INFO - 📈 进度: 3254/3473 (93.7%)
2025-07-12 02:09:29,672 - INFO - ✅ API调用成功: 121.250199, 30.981249 -> 松江区
2025-07-12 02:09:29,676 - INFO - 🔄 正在处理记录 3752: (121.630665, 31.252462)
2025-07-12 02:09:29,676 - INFO - 📈 进度: 3255/3473 (93.7%)
2025-07-12 02:09:30,396 - INFO - ✅ API调用成功: 121.334788, 30.726631 -> 金山区
2025-07-12 02:09:30,398 - INFO - 🔄 正在处理记录 3753: (121.312875, 30.941062)
2025-07-12 02:09:30,398 - INFO - 📈 进度: 3256/3473 (93.8%)
2025-07-12 02:09:31,422 - INFO - ✅ API调用成功: 121.455833, 31.199518 -> 徐汇区
2025-07-12 02:09:31,426 - INFO - 🔄 正在处理记录 3754: (121.233583, 31.391748)
2025-07-12 02:09:31,426 - INFO - 📈 进度: 3257/3473 (93.8%)
2025-07-12 02:09:32,416 - INFO - ✅ API调用成功: 121.479824, 31.247031 -> 静安区
2025-07-12 02:09:32,421 - INFO - 🔄 正在处理记录 3755: (121.343469, 31.267338)
2025-07-12 02:09:32,421 - INFO - 📈 进度: 3258/3473 (93.8%)
2025-07-12 02:09:33,420 - INFO - ✅ API调用成功: 121.337375, 30.727166 -> 金山区
2025-07-12 02:09:33,424 - INFO - 🔄 正在处理记录 3756: (121.463795, 31.318663)
2025-07-12 02:09:33,425 - INFO - 📈 进度: 3259/3473 (93.8%)
2025-07-12 02:09:34,421 - INFO - ✅ API调用成功: 121.199736, 31.030022 -> 松江区
2025-07-12 02:09:34,426 - INFO - 🔄 正在处理记录 3757: (121.533209, 31.146588)
2025-07-12 02:09:34,432 - INFO - ✅ 写入 10 条结果到 /Users/songdingan/Downloads/detect_bus/final_station_ranking_with_district.csv
2025-07-12 02:09:34,432 - INFO - 📈 进度: 3260/3473 (93.9%)
2025-07-12 02:09:35,432 - INFO - ✅ API调用成功: 121.542119, 31.245572 -> 浦东新区
2025-07-12 02:09:35,434 - INFO - 🔄 正在处理记录 3758: (121.607016, 31.155993)
2025-07-12 02:09:35,434 - INFO - 📈 进度: 3261/3473 (93.9%)
2025-07-12 02:09:36,611 - INFO - ✅ API调用成功: 121.744877, 30.973202 -> 浦东新区
2025-07-12 02:09:36,616 - INFO - 🔄 正在处理记录 3759: (121.525611, 31.145974)
2025-07-12 02:09:36,616 - INFO - 📈 进度: 3262/3473 (93.9%)
2025-07-12 02:09:37,469 - INFO - ✅ API调用成功: 121.500104, 31.307242 -> 杨浦区
2025-07-12 02:09:37,473 - INFO - 🔄 正在处理记录 3760: (121.533678, 31.331731)
2025-07-12 02:09:37,473 - INFO - 📈 进度: 3263/3473 (94.0%)
2025-07-12 02:09:38,456 - INFO - ✅ API调用成功: 121.733149, 31.059184 -> 浦东新区
2025-07-12 02:09:38,461 - INFO - 🔄 正在处理记录 3761: (121.627895, 31.134337)
2025-07-12 02:09:38,461 - INFO - 📈 进度: 3264/3473 (94.0%)
2025-07-12 02:09:39,445 - INFO - ✅ API调用成功: 121.810795, 31.090381 -> 浦东新区
2025-07-12 02:09:39,450 - INFO - 🔄 正在处理记录 3762: (121.555152, 31.230711)
2025-07-12 02:09:39,450 - INFO - 📈 进度: 3265/3473 (94.0%)
2025-07-12 02:09:40,498 - INFO - ✅ API调用成功: 121.13245, 31.306683 -> 昆山市
2025-07-12 02:09:40,502 - INFO - 🔄 正在处理记录 3763: (121.282384, 31.769458)
2025-07-12 02:09:40,503 - INFO - 📈 进度: 3266/3473 (94.0%)
2025-07-12 02:09:41,489 - INFO - ✅ API调用成功: 121.498825, 31.212546 -> 黄浦区
2025-07-12 02:09:41,494 - INFO - 🔄 正在处理记录 3764: (121.333091, 31.075359)
2025-07-12 02:09:41,494 - INFO - 📈 进度: 3267/3473 (94.1%)
2025-07-12 02:09:42,486 - INFO - ✅ API调用成功: 121.460956, 31.254386 -> 静安区
2025-07-12 02:09:42,491 - INFO - 🔄 正在处理记录 3765: (121.523485, 31.148867)
2025-07-12 02:09:42,491 - INFO - 📈 进度: 3268/3473 (94.1%)
2025-07-12 02:09:43,506 - INFO - ✅ API调用成功: 121.302645, 31.008001 -> 松江区
2025-07-12 02:09:43,510 - INFO - 🔄 正在处理记录 3766: (121.439365, 31.159275)
2025-07-12 02:09:43,510 - INFO - 📈 进度: 3269/3473 (94.1%)
2025-07-12 02:09:44,477 - INFO - ✅ API调用成功: 121.479038, 31.349029 -> 宝山区
2025-07-12 02:09:44,480 - INFO - 🔄 正在处理记录 3767: (121.428227, 31.364991)
2025-07-12 02:09:44,486 - INFO - ✅ 写入 10 条结果到 /Users/songdingan/Downloads/detect_bus/final_station_ranking_with_district.csv
2025-07-12 02:09:44,486 - INFO - 📈 进度: 3270/3473 (94.2%)
2025-07-12 02:09:45,493 - INFO - ✅ API调用成功: 121.671999, 31.280282 -> 浦东新区
2025-07-12 02:09:45,499 - INFO - 🔄 正在处理记录 3768: (121.316015, 31.234851)
2025-07-12 02:09:45,499 - INFO - 📈 进度: 3271/3473 (94.2%)
2025-07-12 02:09:46,488 - INFO - ✅ API调用成功: 121.561173, 31.343122 -> 浦东新区
2025-07-12 02:09:46,493 - INFO - 🔄 正在处理记录 3769: (121.489923, 31.073959)
2025-07-12 02:09:46,493 - INFO - 📈 进度: 3272/3473 (94.2%)
2025-07-12 02:09:47,487 - INFO - ✅ API调用成功: 121.534691, 31.627132 -> 崇明区
2025-07-12 02:09:47,491 - INFO - 🔄 正在处理记录 3770: (121.426216, 31.275365)
2025-07-12 02:09:47,491 - INFO - 📈 进度: 3273/3473 (94.2%)
2025-07-12 02:09:48,641 - INFO - ✅ API调用成功: 121.868455, 30.985493 -> 浦东新区
2025-07-12 02:09:48,646 - INFO - 🔄 正在处理记录 3771: (121.363873, 31.175535)
2025-07-12 02:09:48,646 - INFO - 📈 进度: 3274/3473 (94.3%)
2025-07-12 02:09:49,553 - INFO - ✅ API调用成功: 121.327499, 31.121613 -> 松江区
2025-07-12 02:09:49,557 - INFO - 🔄 正在处理记录 3772: (121.243837, 31.04796)
2025-07-12 02:09:49,557 - INFO - 📈 进度: 3275/3473 (94.3%)
2025-07-12 02:09:50,514 - INFO - ✅ API调用成功: 121.41835, 31.240841 -> 普陀区
2025-07-12 02:09:50,519 - INFO - 🔄 正在处理记录 3773: (121.525214, 31.298305)
2025-07-12 02:09:50,519 - INFO - 📈 进度: 3276/3473 (94.3%)
2025-07-12 02:09:51,529 - INFO - ✅ API调用成功: 121.480288, 31.153356 -> 浦东新区
2025-07-12 02:09:51,532 - INFO - 🔄 正在处理记录 3774: (121.796614, 31.063443)
2025-07-12 02:09:51,533 - INFO - 📈 进度: 3277/3473 (94.4%)
2025-07-12 02:09:52,525 - INFO - ✅ API调用成功: 121.433887, 31.7047 -> 崇明区
2025-07-12 02:09:52,529 - INFO - 🔄 正在处理记录 3775: (121.421755, 31.062142)
2025-07-12 02:09:52,529 - INFO - 📈 进度: 3278/3473 (94.4%)
2025-07-12 02:09:53,540 - INFO - ✅ API调用成功: 121.419442, 31.330822 -> 宝山区
2025-07-12 02:09:53,544 - INFO - 🔄 正在处理记录 3776: (121.66003, 31.099888)
2025-07-12 02:09:53,544 - INFO - 📈 进度: 3279/3473 (94.4%)
2025-07-12 02:09:54,571 - INFO - ✅ API调用成功: 121.419891, 31.054483 -> 闵行区
2025-07-12 02:09:54,576 - INFO - 🔄 正在处理记录 3777: (121.278669, 30.840742)
2025-07-12 02:09:54,580 - INFO - ✅ 写入 10 条结果到 /Users/songdingan/Downloads/detect_bus/final_station_ranking_with_district.csv
2025-07-12 02:09:54,580 - INFO - 📈 进度: 3280/3473 (94.4%)
2025-07-12 02:09:55,570 - INFO - ✅ API调用成功: 121.371736, 31.111554 -> 闵行区
2025-07-12 02:09:55,575 - INFO - 🔄 正在处理记录 3778: (121.273384, 31.246603)
2025-07-12 02:09:55,575 - INFO - 📈 进度: 3281/3473 (94.5%)
2025-07-12 02:09:56,541 - INFO - ✅ API调用成功: 121.537691, 30.979365 -> 奉贤区
2025-07-12 02:09:56,546 - INFO - 🔄 正在处理记录 3779: (121.822269, 30.858008)
2025-07-12 02:09:56,546 - INFO - 📈 进度: 3282/3473 (94.5%)
2025-07-12 02:09:57,565 - INFO - ✅ API调用成功: 121.525835, 31.581605 -> 崇明区
2025-07-12 02:09:57,570 - INFO - 🔄 正在处理记录 3780: (121.525214, 31.298305)
2025-07-12 02:09:57,570 - INFO - 📈 进度: 3283/3473 (94.5%)
2025-07-12 02:09:58,590 - INFO - ✅ API调用成功: 121.709958, 31.056902 -> 浦东新区
2025-07-12 02:09:58,594 - INFO - 🔄 正在处理记录 3781: (121.455325, 31.331314)
2025-07-12 02:09:58,594 - INFO - 📈 进度: 3284/3473 (94.6%)
2025-07-12 02:09:59,603 - INFO - ✅ API调用成功: 121.243994, 31.370179 -> 嘉定区
2025-07-12 02:09:59,607 - INFO - 🔄 正在处理记录 3782: (121.248886, 31.245667)
2025-07-12 02:09:59,607 - INFO - 📈 进度: 3285/3473 (94.6%)
2025-07-12 02:10:00,716 - INFO - ✅ API调用成功: 121.612723, 31.295601 -> 浦东新区
2025-07-12 02:10:00,721 - INFO - 🔄 正在处理记录 3783: (121.503838, 31.193938)
2025-07-12 02:10:00,721 - INFO - 📈 进度: 3286/3473 (94.6%)
2025-07-12 02:10:01,687 - INFO - ✅ API调用成功: 121.272417, 31.111191 -> 松江区
2025-07-12 02:10:01,692 - INFO - 🔄 正在处理记录 3784: (121.276543, 31.332122)
2025-07-12 02:10:01,692 - INFO - 📈 进度: 3287/3473 (94.6%)
2025-07-12 02:10:02,603 - INFO - ✅ API调用成功: 121.073447, 30.991846 -> 青浦区
2025-07-12 02:10:02,608 - INFO - 🔄 正在处理记录 3785: (121.552314, 31.197651)
2025-07-12 02:10:02,608 - INFO - 📈 进度: 3288/3473 (94.7%)
2025-07-12 02:10:03,624 - INFO - ✅ API调用成功: 121.354611, 31.068192 -> 松江区
2025-07-12 02:10:03,629 - INFO - 🔄 正在处理记录 3786: (121.406196, 31.046146)
2025-07-12 02:10:03,629 - INFO - 📈 进度: 3289/3473 (94.7%)
2025-07-12 02:10:04,606 - INFO - ✅ API调用成功: 121.73019, 31.234388 -> 浦东新区
2025-07-12 02:10:04,609 - INFO - 🔄 正在处理记录 3787: (121.147819, 31.30477)
2025-07-12 02:10:04,615 - INFO - ✅ 写入 10 条结果到 /Users/songdingan/Downloads/detect_bus/final_station_ranking_with_district.csv
2025-07-12 02:10:04,616 - INFO - 📈 进度: 3290/3473 (94.7%)
2025-07-12 02:10:05,601 - INFO - ✅ API调用成功: 121.349012, 31.129561 -> 松江区
2025-07-12 02:10:05,606 - INFO - 🔄 正在处理记录 3788: (121.447684, 31.219476)
2025-07-12 02:10:05,606 - INFO - 📈 进度: 3291/3473 (94.8%)
2025-07-12 02:10:06,604 - INFO - ✅ API调用成功: 121.116494, 31.151812 -> 青浦区
2025-07-12 02:10:06,611 - INFO - 🔄 正在处理记录 3789: (121.874285, 30.926665)
2025-07-12 02:10:06,611 - INFO - 📈 进度: 3292/3473 (94.8%)
2025-07-12 02:10:07,653 - INFO - ✅ API调用成功: 121.475426, 31.247716 -> 静安区
2025-07-12 02:10:07,658 - INFO - 🔄 正在处理记录 3790: (121.550482, 31.250862)
2025-07-12 02:10:07,658 - INFO - 📈 进度: 3293/3473 (94.8%)
2025-07-12 02:10:08,626 - INFO - ✅ API调用成功: 121.24949, 31.180231 -> 青浦区
2025-07-12 02:10:08,630 - INFO - 🔄 正在处理记录 3791: (121.696043, 31.396525)
2025-07-12 02:10:08,630 - INFO - 📈 进度: 3294/3473 (94.8%)
2025-07-12 02:10:09,651 - INFO - ✅ API调用成功: 121.630665, 31.252462 -> 浦东新区
2025-07-12 02:10:09,656 - INFO - 🔄 正在处理记录 3792: (121.359944, 31.033884)
2025-07-12 02:10:09,656 - INFO - 📈 进度: 3295/3473 (94.9%)
2025-07-12 02:10:10,793 - INFO - ✅ API调用成功: 121.312875, 30.941062 -> 松江区
2025-07-12 02:10:10,798 - INFO - 🔄 正在处理记录 3793: (121.279199, 31.206873)
2025-07-12 02:10:10,798 - INFO - 📈 进度: 3296/3473 (94.9%)
2025-07-12 02:10:11,624 - INFO - ✅ API调用成功: 121.233583, 31.391748 -> 嘉定区
2025-07-12 02:10:11,638 - INFO - 🔄 正在处理记录 3794: (121.266118, 31.328884)
2025-07-12 02:10:11,638 - INFO - 📈 进度: 3297/3473 (94.9%)
2025-07-12 02:10:12,791 - INFO - ✅ API调用成功: 121.343469, 31.267338 -> 嘉定区
2025-07-12 02:10:12,796 - INFO - 🔄 正在处理记录 3795: (121.266118, 31.328884)
2025-07-12 02:10:12,796 - INFO - 📈 进度: 3298/3473 (95.0%)
2025-07-12 02:10:13,677 - INFO - ✅ API调用成功: 121.463795, 31.318663 -> 静安区
2025-07-12 02:10:13,681 - INFO - 🔄 正在处理记录 3796: (121.220829, 31.377598)
2025-07-12 02:10:13,681 - INFO - 📈 进度: 3299/3473 (95.0%)
2025-07-12 02:10:14,725 - INFO - ✅ API调用成功: 121.533209, 31.146588 -> 浦东新区
2025-07-12 02:10:14,730 - INFO - 🔄 正在处理记录 3797: (121.274079, 31.160384)
2025-07-12 02:10:14,736 - INFO - ✅ 写入 10 条结果到 /Users/songdingan/Downloads/detect_bus/final_station_ranking_with_district.csv
2025-07-12 02:10:14,736 - INFO - 📈 进度: 3300/3473 (95.0%)
2025-07-12 02:10:15,663 - INFO - ✅ API调用成功: 121.607016, 31.155993 -> 浦东新区
2025-07-12 02:10:15,667 - INFO - 🔄 正在处理记录 3798: (121.346445, 30.713701)
2025-07-12 02:10:15,667 - INFO - 📈 进度: 3301/3473 (95.0%)
2025-07-12 02:10:16,757 - INFO - ✅ API调用成功: 121.525611, 31.145974 -> 浦东新区
2025-07-12 02:10:16,762 - INFO - 🔄 正在处理记录 3799: (121.230895, 30.997181)
2025-07-12 02:10:16,762 - INFO - 📈 进度: 3302/3473 (95.1%)
2025-07-12 02:10:17,667 - INFO - ✅ API调用成功: 121.533678, 31.331731 -> 杨浦区
2025-07-12 02:10:17,670 - INFO - 🔄 正在处理记录 3800: (121.489353, 31.223978)
2025-07-12 02:10:17,670 - INFO - 📈 进度: 3303/3473 (95.1%)
2025-07-12 02:10:18,713 - INFO - ✅ API调用成功: 121.627895, 31.134337 -> 浦东新区
2025-07-12 02:10:18,717 - INFO - 🔄 正在处理记录 3801: (121.496593, 30.897574)
2025-07-12 02:10:18,717 - INFO - 📈 进度: 3304/3473 (95.1%)
2025-07-12 02:10:19,721 - INFO - ✅ API调用成功: 121.555152, 31.230711 -> 浦东新区
2025-07-12 02:10:19,725 - INFO - 🔄 正在处理记录 3802: (121.44785, 31.196331)
2025-07-12 02:10:19,725 - INFO - 📈 进度: 3305/3473 (95.2%)
2025-07-12 02:10:20,715 - INFO - ✅ API调用成功: 121.282384, 31.769458 -> 崇明区
2025-07-12 02:10:20,720 - INFO - 🔄 正在处理记录 3803: (121.607924, 31.299548)
2025-07-12 02:10:20,720 - INFO - 📈 进度: 3306/3473 (95.2%)
2025-07-12 02:10:21,766 - INFO - ✅ API调用成功: 121.333091, 31.075359 -> 松江区
2025-07-12 02:10:21,771 - INFO - 🔄 正在处理记录 3804: (121.516431, 31.270274)
2025-07-12 02:10:21,771 - INFO - 📈 进度: 3307/3473 (95.2%)
2025-07-12 02:10:22,718 - INFO - ✅ API调用成功: 121.523485, 31.148867 -> 浦东新区
2025-07-12 02:10:22,722 - INFO - 🔄 正在处理记录 3805: (121.369448, 31.166395)
2025-07-12 02:10:22,722 - INFO - 📈 进度: 3308/3473 (95.2%)
2025-07-12 02:10:23,742 - INFO - ✅ API调用成功: 121.439365, 31.159275 -> 徐汇区
2025-07-12 02:10:23,746 - INFO - 🔄 正在处理记录 3806: (121.900104, 30.903069)
2025-07-12 02:10:23,747 - INFO - 📈 进度: 3309/3473 (95.3%)
2025-07-12 02:10:24,956 - INFO - ✅ API调用成功: 121.428227, 31.364991 -> 宝山区
2025-07-12 02:10:24,959 - INFO - 🔄 正在处理记录 3807: (121.446057, 31.014328)
2025-07-12 02:10:24,964 - INFO - ✅ 写入 10 条结果到 /Users/songdingan/Downloads/detect_bus/final_station_ranking_with_district.csv
2025-07-12 02:10:24,964 - INFO - 📈 进度: 3310/3473 (95.3%)
2025-07-12 02:10:25,775 - INFO - ✅ API调用成功: 121.316015, 31.234851 -> 闵行区
2025-07-12 02:10:25,780 - INFO - 🔄 正在处理记录 3808: (121.448161, 31.179087)
2025-07-12 02:10:25,780 - INFO - 📈 进度: 3311/3473 (95.3%)
2025-07-12 02:10:26,876 - INFO - ✅ API调用成功: 121.489923, 31.073959 -> 闵行区
2025-07-12 02:10:26,881 - INFO - 🔄 正在处理记录 3809: (121.422313, 31.279598)
2025-07-12 02:10:26,881 - INFO - 📈 进度: 3312/3473 (95.4%)
2025-07-12 02:10:27,749 - INFO - ✅ API调用成功: 121.426216, 31.275365 -> 宝山区
2025-07-12 02:10:27,753 - INFO - 🔄 正在处理记录 3810: (121.502534, 31.332338)
2025-07-12 02:10:27,753 - INFO - 📈 进度: 3313/3473 (95.4%)
2025-07-12 02:10:28,768 - INFO - ✅ API调用成功: 121.363873, 31.175535 -> 闵行区
2025-07-12 02:10:28,772 - INFO - 🔄 正在处理记录 3811: (121.439952, 31.262106)
2025-07-12 02:10:28,772 - INFO - 📈 进度: 3314/3473 (95.4%)
2025-07-12 02:10:29,779 - INFO - ✅ API调用成功: 121.243837, 31.04796 -> 松江区
2025-07-12 02:10:29,784 - INFO - 🔄 正在处理记录 3812: (121.693397, 31.070444)
2025-07-12 02:10:29,784 - INFO - 📈 进度: 3315/3473 (95.5%)
2025-07-12 02:10:30,774 - INFO - ✅ API调用成功: 121.525214, 31.298305 -> 杨浦区
2025-07-12 02:10:30,780 - INFO - 🔄 正在处理记录 3813: (121.500537, 30.921956)
2025-07-12 02:10:30,780 - INFO - 📈 进度: 3316/3473 (95.5%)
2025-07-12 02:10:31,786 - INFO - ✅ API调用成功: 121.796614, 31.063443 -> 浦东新区
2025-07-12 02:10:31,792 - INFO - 🔄 正在处理记录 3814: (121.466983, 31.222681)
2025-07-12 02:10:31,793 - INFO - 📈 进度: 3317/3473 (95.5%)
2025-07-12 02:10:32,791 - INFO - ✅ API调用成功: 121.421755, 31.062142 -> 闵行区
2025-07-12 02:10:32,796 - INFO - 🔄 正在处理记录 3815: (121.699405, 31.139295)
2025-07-12 02:10:32,796 - INFO - 📈 进度: 3318/3473 (95.5%)
2025-07-12 02:10:33,798 - INFO - ✅ API调用成功: 121.66003, 31.099888 -> 浦东新区
2025-07-12 02:10:33,802 - INFO - 🔄 正在处理记录 3816: (121.084537, 30.990351)
2025-07-12 02:10:33,802 - INFO - 📈 进度: 3319/3473 (95.6%)
2025-07-12 02:10:34,779 - INFO - ✅ API调用成功: 121.278669, 30.840742 -> 金山区
2025-07-12 02:10:34,784 - INFO - 🔄 正在处理记录 3817: (121.359825, 31.263502)
2025-07-12 02:10:34,790 - INFO - ✅ 写入 10 条结果到 /Users/songdingan/Downloads/detect_bus/final_station_ranking_with_district.csv
2025-07-12 02:10:34,790 - INFO - 📈 进度: 3320/3473 (95.6%)
2025-07-12 02:10:36,159 - INFO - ✅ API调用成功: 121.273384, 31.246603 -> 闵行区
2025-07-12 02:10:36,164 - INFO - 🔄 正在处理记录 3818: (121.35504, 31.709617)
2025-07-12 02:10:36,165 - INFO - 📈 进度: 3321/3473 (95.6%)
2025-07-12 02:10:36,920 - INFO - ✅ API调用成功: 121.822269, 30.858008 -> 浦东新区
2025-07-12 02:10:36,924 - INFO - 🔄 正在处理记录 3819: (121.356048, 31.186076)
2025-07-12 02:10:36,924 - INFO - 📈 进度: 3322/3473 (95.7%)
2025-07-12 02:10:37,816 - INFO - ✅ API调用成功: 121.525214, 31.298305 -> 杨浦区
2025-07-12 02:10:37,820 - INFO - 🔄 正在处理记录 3820: (121.369448, 31.166395)
2025-07-12 02:10:37,820 - INFO - 📈 进度: 3323/3473 (95.7%)
2025-07-12 02:10:38,831 - INFO - ✅ API调用成功: 121.455325, 31.331314 -> 宝山区
2025-07-12 02:10:38,835 - INFO - 🔄 正在处理记录 3821: (121.280043, 31.182742)
2025-07-12 02:10:38,835 - INFO - 📈 进度: 3324/3473 (95.7%)
2025-07-12 02:10:39,808 - INFO - ✅ API调用成功: 121.248886, 31.245667 -> 青浦区
2025-07-12 02:10:39,812 - INFO - 🔄 正在处理记录 3822: (121.54864, 30.982157)
2025-07-12 02:10:39,812 - INFO - 📈 进度: 3325/3473 (95.7%)
2025-07-12 02:10:40,808 - INFO - ✅ API调用成功: 121.503838, 31.193938 -> 浦东新区
2025-07-12 02:10:40,813 - INFO - 🔄 正在处理记录 3823: (121.52126, 31.374599)
2025-07-12 02:10:40,813 - INFO - 📈 进度: 3326/3473 (95.8%)
2025-07-12 02:10:41,861 - INFO - ✅ API调用成功: 121.276543, 31.332122 -> 嘉定区
2025-07-12 02:10:41,866 - INFO - 🔄 正在处理记录 3824: (121.447211, 31.392759)
2025-07-12 02:10:41,866 - INFO - 📈 进度: 3327/3473 (95.8%)
2025-07-12 02:10:42,813 - INFO - ✅ API调用成功: 121.552314, 31.197651 -> 浦东新区
2025-07-12 02:10:42,821 - INFO - 🔄 正在处理记录 3825: (121.313274, 31.194907)
2025-07-12 02:10:42,821 - INFO - 📈 进度: 3328/3473 (95.8%)
2025-07-12 02:10:43,835 - INFO - ✅ API调用成功: 121.406196, 31.046146 -> 闵行区
2025-07-12 02:10:43,840 - INFO - 🔄 正在处理记录 3826: (121.317263, 31.816204)
2025-07-12 02:10:43,840 - INFO - 📈 进度: 3329/3473 (95.9%)
2025-07-12 02:10:44,852 - INFO - ✅ API调用成功: 121.147819, 31.30477 -> 昆山市
2025-07-12 02:10:44,858 - INFO - 🔄 正在处理记录 3827: (121.52768, 31.318507)
2025-07-12 02:10:44,864 - INFO - ✅ 写入 10 条结果到 /Users/songdingan/Downloads/detect_bus/final_station_ranking_with_district.csv
2025-07-12 02:10:44,864 - INFO - 📈 进度: 3330/3473 (95.9%)
2025-07-12 02:10:45,878 - INFO - ✅ API调用成功: 121.447684, 31.219476 -> 徐汇区
2025-07-12 02:10:45,883 - INFO - 🔄 正在处理记录 3828: (121.558717, 31.196302)
2025-07-12 02:10:45,883 - INFO - 📈 进度: 3331/3473 (95.9%)
2025-07-12 02:10:46,864 - INFO - ✅ API调用成功: 121.874285, 30.926665 -> 浦东新区
2025-07-12 02:10:46,869 - INFO - 🔄 正在处理记录 3829: (121.525589, 31.050882)
2025-07-12 02:10:46,869 - INFO - 📈 进度: 3332/3473 (95.9%)
2025-07-12 02:10:47,848 - INFO - ✅ API调用成功: 121.550482, 31.250862 -> 浦东新区
2025-07-12 02:10:47,853 - INFO - 🔄 正在处理记录 3830: (121.376092, 31.216204)
2025-07-12 02:10:47,853 - INFO - 📈 进度: 3333/3473 (96.0%)
2025-07-12 02:10:48,929 - INFO - ✅ API调用成功: 121.696043, 31.396525 -> 崇明区
2025-07-12 02:10:48,934 - INFO - 🔄 正在处理记录 3831: (121.549762, 31.01104)
2025-07-12 02:10:48,934 - INFO - 📈 进度: 3334/3473 (96.0%)
2025-07-12 02:10:49,853 - INFO - ✅ API调用成功: 121.359944, 31.033884 -> 闵行区
2025-07-12 02:10:49,858 - INFO - 🔄 正在处理记录 3832: (121.410995, 31.20982)
2025-07-12 02:10:49,858 - INFO - 📈 进度: 3335/3473 (96.0%)
2025-07-12 02:10:50,873 - INFO - ✅ API调用成功: 121.279199, 31.206873 -> 闵行区
2025-07-12 02:10:50,878 - INFO - 🔄 正在处理记录 3833: (121.75463, 30.991779)
2025-07-12 02:10:50,878 - INFO - 📈 进度: 3336/3473 (96.1%)
2025-07-12 02:10:51,917 - INFO - ✅ API调用成功: 121.266118, 31.328884 -> 嘉定区
2025-07-12 02:10:51,922 - INFO - 🔄 正在处理记录 3834: (121.433804, 31.063667)
2025-07-12 02:10:51,922 - INFO - 📈 进度: 3337/3473 (96.1%)
2025-07-12 02:10:52,891 - INFO - ✅ API调用成功: 121.266118, 31.328884 -> 嘉定区
2025-07-12 02:10:52,898 - INFO - 🔄 正在处理记录 3835: (121.570436, 30.926638)
2025-07-12 02:10:52,899 - INFO - 📈 进度: 3338/3473 (96.1%)
2025-07-12 02:10:53,910 - INFO - ✅ API调用成功: 121.220829, 31.377598 -> 嘉定区
2025-07-12 02:10:53,914 - INFO - 🔄 正在处理记录 3836: (121.575082, 31.257012)
2025-07-12 02:10:53,914 - INFO - 📈 进度: 3339/3473 (96.1%)
2025-07-12 02:10:54,908 - INFO - ✅ API调用成功: 121.274079, 31.160384 -> 青浦区
2025-07-12 02:10:54,913 - INFO - 🔄 正在处理记录 3837: (121.471131, 31.089006)
2025-07-12 02:10:54,917 - INFO - ✅ 写入 10 条结果到 /Users/songdingan/Downloads/detect_bus/final_station_ranking_with_district.csv
2025-07-12 02:10:54,917 - INFO - 📈 进度: 3340/3473 (96.2%)
2025-07-12 02:10:55,898 - INFO - ✅ API调用成功: 121.346445, 30.713701 -> 金山区
2025-07-12 02:10:55,901 - INFO - 🔄 正在处理记录 3838: (121.410344, 31.222122)
2025-07-12 02:10:55,901 - INFO - 📈 进度: 3341/3473 (96.2%)
2025-07-12 02:10:56,947 - INFO - ✅ API调用成功: 121.230895, 30.997181 -> 松江区
2025-07-12 02:10:56,950 - INFO - 🔄 正在处理记录 3839: (121.311103, 31.155001)
2025-07-12 02:10:56,950 - INFO - 📈 进度: 3342/3473 (96.2%)
2025-07-12 02:10:57,929 - INFO - ✅ API调用成功: 121.489353, 31.223978 -> 黄浦区
2025-07-12 02:10:57,934 - INFO - 🔄 正在处理记录 3840: (121.361683, 31.37484)
2025-07-12 02:10:57,934 - INFO - 📈 进度: 3343/3473 (96.3%)
2025-07-12 02:10:58,906 - INFO - ✅ API调用成功: 121.496593, 30.897574 -> 奉贤区
2025-07-12 02:10:58,910 - INFO - 🔄 正在处理记录 3841: (121.290754, 31.189042)
2025-07-12 02:10:58,910 - INFO - 📈 进度: 3344/3473 (96.3%)
2025-07-12 02:10:59,969 - INFO - ✅ API调用成功: 121.44785, 31.196331 -> 徐汇区
2025-07-12 02:10:59,973 - INFO - 🔄 正在处理记录 3842: (121.789686, 31.075582)
2025-07-12 02:10:59,973 - INFO - 📈 进度: 3345/3473 (96.3%)
2025-07-12 02:11:01,058 - INFO - ✅ API调用成功: 121.607924, 31.299548 -> 浦东新区
2025-07-12 02:11:01,062 - INFO - 🔄 正在处理记录 3843: (121.22066, 31.377987)
2025-07-12 02:11:01,062 - INFO - 📈 进度: 3346/3473 (96.3%)
2025-07-12 02:11:01,968 - INFO - ✅ API调用成功: 121.516431, 31.270274 -> 杨浦区
2025-07-12 02:11:01,974 - INFO - 🔄 正在处理记录 3844: (121.782697, 31.566872)
2025-07-12 02:11:01,974 - INFO - 📈 进度: 3347/3473 (96.4%)
2025-07-12 02:11:02,973 - INFO - ✅ API调用成功: 121.369448, 31.166395 -> 闵行区
2025-07-12 02:11:02,978 - INFO - 🔄 正在处理记录 3845: (121.448406, 31.049688)
2025-07-12 02:11:02,978 - INFO - 📈 进度: 3348/3473 (96.4%)
2025-07-12 02:11:03,963 - INFO - ✅ API调用成功: 121.900104, 30.903069 -> 浦东新区
2025-07-12 02:11:03,967 - INFO - 🔄 正在处理记录 3846: (121.266441, 31.194)
2025-07-12 02:11:03,967 - INFO - 📈 进度: 3349/3473 (96.4%)
2025-07-12 02:11:05,116 - INFO - ✅ API调用成功: 121.446057, 31.014328 -> 闵行区
2025-07-12 02:11:05,121 - INFO - 🔄 正在处理记录 3847: (121.517967, 31.105167)
2025-07-12 02:11:05,127 - INFO - ✅ 写入 10 条结果到 /Users/songdingan/Downloads/detect_bus/final_station_ranking_with_district.csv
2025-07-12 02:11:05,127 - INFO - 📈 进度: 3350/3473 (96.5%)
2025-07-12 02:11:05,990 - INFO - ✅ API调用成功: 121.448161, 31.179087 -> 徐汇区
2025-07-12 02:11:05,995 - INFO - 🔄 正在处理记录 3848: (121.43594, 30.968563)
2025-07-12 02:11:05,995 - INFO - 📈 进度: 3351/3473 (96.5%)
2025-07-12 02:11:06,984 - INFO - ✅ API调用成功: 121.422313, 31.279598 -> 宝山区
2025-07-12 02:11:06,988 - INFO - 🔄 正在处理记录 3849: (121.533205, 31.231782)
2025-07-12 02:11:06,988 - INFO - 📈 进度: 3352/3473 (96.5%)
2025-07-12 02:11:08,007 - INFO - ✅ API调用成功: 121.502534, 31.332338 -> 宝山区
2025-07-12 02:11:08,012 - INFO - 🔄 正在处理记录 3850: (121.702227, 31.140425)
2025-07-12 02:11:08,012 - INFO - 📈 进度: 3353/3473 (96.5%)
2025-07-12 02:11:08,987 - INFO - ✅ API调用成功: 121.439952, 31.262106 -> 普陀区
2025-07-12 02:11:08,991 - INFO - 🔄 正在处理记录 3851: (121.439952, 31.262106)
2025-07-12 02:11:08,991 - INFO - 📈 进度: 3354/3473 (96.6%)
2025-07-12 02:11:09,976 - INFO - ✅ API调用成功: 121.693397, 31.070444 -> 浦东新区
2025-07-12 02:11:09,980 - INFO - 🔄 正在处理记录 3852: (121.54864, 30.982157)
2025-07-12 02:11:09,981 - INFO - 📈 进度: 3355/3473 (96.6%)
2025-07-12 02:11:11,224 - INFO - ✅ API调用成功: 121.500537, 30.921956 -> 奉贤区
2025-07-12 02:11:11,229 - INFO - 🔄 正在处理记录 3853: (121.77009, 31.098867)
2025-07-12 02:11:11,229 - INFO - 📈 进度: 3356/3473 (96.6%)
2025-07-12 02:11:12,031 - INFO - ✅ API调用成功: 121.466983, 31.222681 -> 黄浦区
2025-07-12 02:11:12,036 - INFO - 🔄 正在处理记录 3854: (121.645663, 31.530319)
2025-07-12 02:11:12,036 - INFO - 📈 进度: 3357/3473 (96.7%)
2025-07-12 02:11:13,132 - INFO - ✅ API调用成功: 121.699405, 31.139295 -> 浦东新区
2025-07-12 02:11:13,136 - INFO - 🔄 正在处理记录 3855: (121.347512, 30.757231)
2025-07-12 02:11:13,136 - INFO - 📈 进度: 3358/3473 (96.7%)
2025-07-12 02:11:14,034 - INFO - ✅ API调用成功: 121.084537, 30.990351 -> 青浦区
2025-07-12 02:11:14,040 - INFO - 🔄 正在处理记录 3856: (121.269357, 31.194929)
2025-07-12 02:11:14,040 - INFO - 📈 进度: 3359/3473 (96.7%)
2025-07-12 02:11:15,054 - INFO - ✅ API调用成功: 121.359825, 31.263502 -> 嘉定区
2025-07-12 02:11:15,062 - INFO - 🔄 正在处理记录 3857: (121.454289, 31.310224)
2025-07-12 02:11:15,070 - INFO - ✅ 写入 10 条结果到 /Users/songdingan/Downloads/detect_bus/final_station_ranking_with_district.csv
2025-07-12 02:11:15,070 - INFO - 📈 进度: 3360/3473 (96.7%)
2025-07-12 02:11:16,032 - INFO - ✅ API调用成功: 121.35504, 31.709617 -> 崇明区
2025-07-12 02:11:16,036 - INFO - 🔄 正在处理记录 3858: (121.309667, 31.065982)
2025-07-12 02:11:16,036 - INFO - 📈 进度: 3361/3473 (96.8%)
2025-07-12 02:11:17,056 - INFO - ✅ API调用成功: 121.356048, 31.186076 -> 闵行区
2025-07-12 02:11:17,060 - INFO - 🔄 正在处理记录 3859: (121.554093, 31.182933)
2025-07-12 02:11:17,061 - INFO - 📈 进度: 3362/3473 (96.8%)
2025-07-12 02:11:18,170 - INFO - ✅ API调用成功: 121.369448, 31.166395 -> 闵行区
2025-07-12 02:11:18,174 - INFO - 🔄 正在处理记录 3860: (121.744273, 31.202879)
2025-07-12 02:11:18,175 - INFO - 📈 进度: 3363/3473 (96.8%)
2025-07-12 02:11:19,050 - INFO - ✅ API调用成功: 121.280043, 31.182742 -> 青浦区
2025-07-12 02:11:19,054 - INFO - 🔄 正在处理记录 3861: (121.237264, 31.345495)
2025-07-12 02:11:19,054 - INFO - 📈 进度: 3364/3473 (96.9%)
2025-07-12 02:11:20,077 - INFO - ✅ API调用成功: 121.54864, 30.982157 -> 奉贤区
2025-07-12 02:11:20,081 - INFO - 🔄 正在处理记录 3862: (121.440051, 31.170838)
2025-07-12 02:11:20,081 - INFO - 📈 进度: 3365/3473 (96.9%)
2025-07-12 02:11:21,067 - INFO - ✅ API调用成功: 121.52126, 31.374599 -> 浦东新区
2025-07-12 02:11:21,072 - INFO - 🔄 正在处理记录 3863: (121.198227, 31.010881)
2025-07-12 02:11:21,072 - INFO - 📈 进度: 3366/3473 (96.9%)
2025-07-12 02:11:22,382 - INFO - ✅ API调用成功: 121.447211, 31.392759 -> 宝山区
2025-07-12 02:11:22,385 - INFO - 🔄 正在处理记录 3864: (121.248886, 31.245667)
2025-07-12 02:11:22,385 - INFO - 📈 进度: 3367/3473 (96.9%)
2025-07-12 02:11:23,080 - INFO - ✅ API调用成功: 121.313274, 31.194907 -> 青浦区
2025-07-12 02:11:23,082 - INFO - 🔄 正在处理记录 3865: (121.492203, 31.25166)
2025-07-12 02:11:23,082 - INFO - 📈 进度: 3368/3473 (97.0%)
2025-07-12 02:11:24,251 - INFO - ✅ API调用成功: 121.317263, 31.816204 -> 崇明区
2025-07-12 02:11:24,255 - INFO - 🔄 正在处理记录 3866: (121.129872, 31.142025)
2025-07-12 02:11:24,255 - INFO - 📈 进度: 3369/3473 (97.0%)
2025-07-12 02:11:25,452 - INFO - ✅ API调用成功: 121.52768, 31.318507 -> 杨浦区
2025-07-12 02:11:25,454 - INFO - 🔄 正在处理记录 3867: (121.328931, 31.219458)
2025-07-12 02:11:25,459 - INFO - ✅ 写入 10 条结果到 /Users/songdingan/Downloads/detect_bus/final_station_ranking_with_district.csv
2025-07-12 02:11:25,459 - INFO - 📈 进度: 3370/3473 (97.0%)
2025-07-12 02:11:26,100 - INFO - ✅ API调用成功: 121.558717, 31.196302 -> 浦东新区
2025-07-12 02:11:26,105 - INFO - 🔄 正在处理记录 3868: (121.30401, 31.208512)
2025-07-12 02:11:26,106 - INFO - 📈 进度: 3371/3473 (97.1%)
2025-07-12 02:11:27,086 - INFO - ✅ API调用成功: 121.525589, 31.050882 -> 闵行区
2025-07-12 02:11:27,091 - INFO - 🔄 正在处理记录 3869: (121.300507, 31.451762)
2025-07-12 02:11:27,091 - INFO - 📈 进度: 3372/3473 (97.1%)
2025-07-12 02:11:28,107 - INFO - ✅ API调用成功: 121.376092, 31.216204 -> 长宁区
2025-07-12 02:11:28,112 - INFO - 🔄 正在处理记录 3870: (121.486246, 31.234994)
2025-07-12 02:11:28,112 - INFO - 📈 进度: 3373/3473 (97.1%)
2025-07-12 02:11:29,123 - INFO - ✅ API调用成功: 121.549762, 31.01104 -> 闵行区
2025-07-12 02:11:29,128 - INFO - 🔄 正在处理记录 3871: (121.821114, 30.994967)
2025-07-12 02:11:29,128 - INFO - 📈 进度: 3374/3473 (97.1%)
2025-07-12 02:11:30,122 - INFO - ✅ API调用成功: 121.410995, 31.20982 -> 长宁区
2025-07-12 02:11:30,127 - INFO - 🔄 正在处理记录 3872: (121.437417, 31.228739)
2025-07-12 02:11:30,127 - INFO - 📈 进度: 3375/3473 (97.2%)
2025-07-12 02:11:31,104 - INFO - ✅ API调用成功: 121.75463, 30.991779 -> 浦东新区
2025-07-12 02:11:31,109 - INFO - 🔄 正在处理记录 3873: (121.861032, 30.954888)
2025-07-12 02:11:31,110 - INFO - 📈 进度: 3376/3473 (97.2%)
2025-07-12 02:11:32,148 - INFO - ✅ API调用成功: 121.433804, 31.063667 -> 闵行区
2025-07-12 02:11:32,151 - INFO - 🔄 正在处理记录 3874: (121.489353, 31.223978)
2025-07-12 02:11:32,151 - INFO - 📈 进度: 3377/3473 (97.2%)
2025-07-12 02:11:33,118 - INFO - ✅ API调用成功: 121.570436, 30.926638 -> 奉贤区
2025-07-12 02:11:33,123 - INFO - 🔄 正在处理记录 3875: (121.431871, 31.165487)
2025-07-12 02:11:33,123 - INFO - 📈 进度: 3378/3473 (97.3%)
2025-07-12 02:11:34,148 - INFO - ✅ API调用成功: 121.575082, 31.257012 -> 浦东新区
2025-07-12 02:11:34,152 - INFO - 🔄 正在处理记录 3876: (121.502717, 31.083814)
2025-07-12 02:11:34,152 - INFO - 📈 进度: 3379/3473 (97.3%)
2025-07-12 02:11:35,152 - INFO - ✅ API调用成功: 121.471131, 31.089006 -> 闵行区
2025-07-12 02:11:35,156 - INFO - 🔄 正在处理记录 3877: (121.426313, 31.231271)
2025-07-12 02:11:35,160 - INFO - ✅ 写入 10 条结果到 /Users/songdingan/Downloads/detect_bus/final_station_ranking_with_district.csv
2025-07-12 02:11:35,160 - INFO - 📈 进度: 3380/3473 (97.3%)
2025-07-12 02:11:36,167 - INFO - ✅ API调用成功: 121.410344, 31.222122 -> 长宁区
2025-07-12 02:11:36,171 - INFO - 🔄 正在处理记录 3878: (121.30401, 31.208512)
2025-07-12 02:11:36,171 - INFO - 📈 进度: 3381/3473 (97.4%)
2025-07-12 02:11:37,183 - INFO - ✅ API调用成功: 121.311103, 31.155001 -> 松江区
2025-07-12 02:11:37,188 - INFO - 🔄 正在处理记录 3879: (121.439008, 31.333922)
2025-07-12 02:11:37,188 - INFO - 📈 进度: 3382/3473 (97.4%)
2025-07-12 02:11:38,179 - INFO - ✅ API调用成功: 121.361683, 31.37484 -> 宝山区
2025-07-12 02:11:38,185 - INFO - 🔄 正在处理记录 3880: (121.292051, 31.198338)
2025-07-12 02:11:38,185 - INFO - 📈 进度: 3383/3473 (97.4%)
2025-07-12 02:11:39,186 - INFO - ✅ API调用成功: 121.290754, 31.189042 -> 青浦区
2025-07-12 02:11:39,190 - INFO - 🔄 正在处理记录 3881: (121.26969, 31.194439)
2025-07-12 02:11:39,190 - INFO - 📈 进度: 3384/3473 (97.4%)
2025-07-12 02:11:40,190 - INFO - ✅ API调用成功: 121.789686, 31.075582 -> 浦东新区
2025-07-12 02:11:40,195 - INFO - 🔄 正在处理记录 3882: (121.310758, 31.164424)
2025-07-12 02:11:40,195 - INFO - 📈 进度: 3385/3473 (97.5%)
2025-07-12 02:11:41,203 - INFO - ✅ API调用成功: 121.22066, 31.377987 -> 嘉定区
2025-07-12 02:11:41,237 - INFO - 🔄 正在处理记录 3883: (121.147385, 31.153118)
2025-07-12 02:11:41,238 - INFO - 📈 进度: 3386/3473 (97.5%)
2025-07-12 02:11:42,176 - INFO - ✅ API调用成功: 121.782697, 31.566872 -> 崇明区
2025-07-12 02:11:42,178 - INFO - 🔄 正在处理记录 3884: (121.378066, 31.163588)
2025-07-12 02:11:42,178 - INFO - 📈 进度: 3387/3473 (97.5%)
2025-07-12 02:11:43,227 - INFO - ✅ API调用成功: 121.448406, 31.049688 -> 闵行区
2025-07-12 02:11:43,231 - INFO - 🔄 正在处理记录 3885: (121.474772, 31.249146)
2025-07-12 02:11:43,232 - INFO - 📈 进度: 3388/3473 (97.6%)
2025-07-12 02:11:44,216 - INFO - ✅ API调用成功: 121.266441, 31.194 -> 青浦区
2025-07-12 02:11:44,220 - INFO - 🔄 正在处理记录 3886: (121.331853, 30.715913)
2025-07-12 02:11:44,221 - INFO - 📈 进度: 3389/3473 (97.6%)
2025-07-12 02:11:45,232 - INFO - ✅ API调用成功: 121.517967, 31.105167 -> 闵行区
2025-07-12 02:11:45,239 - INFO - 🔄 正在处理记录 3887: (121.833904, 31.077098)
2025-07-12 02:11:45,264 - INFO - ✅ 写入 10 条结果到 /Users/songdingan/Downloads/detect_bus/final_station_ranking_with_district.csv
2025-07-12 02:11:45,264 - INFO - 📈 进度: 3390/3473 (97.6%)
2025-07-12 02:11:46,220 - INFO - ✅ API调用成功: 121.43594, 30.968563 -> 奉贤区
2025-07-12 02:11:46,226 - INFO - 🔄 正在处理记录 3888: (121.608448, 31.010713)
2025-07-12 02:11:46,226 - INFO - 📈 进度: 3391/3473 (97.6%)
2025-07-12 02:11:47,244 - INFO - ✅ API调用成功: 121.533205, 31.231782 -> 浦东新区
2025-07-12 02:11:47,248 - INFO - 🔄 正在处理记录 3889: (121.265225, 31.121658)
2025-07-12 02:11:47,248 - INFO - 📈 进度: 3392/3473 (97.7%)
2025-07-12 02:11:48,253 - INFO - ✅ API调用成功: 121.702227, 31.140425 -> 浦东新区
2025-07-12 02:11:48,259 - INFO - 🔄 正在处理记录 3890: (121.448161, 31.179087)
2025-07-12 02:11:48,259 - INFO - 📈 进度: 3393/3473 (97.7%)
2025-07-12 02:11:49,275 - INFO - ✅ API调用成功: 121.439952, 31.262106 -> 普陀区
2025-07-12 02:11:49,279 - INFO - 🔄 正在处理记录 3891: (121.605745, 31.525352)
2025-07-12 02:11:49,279 - INFO - 📈 进度: 3394/3473 (97.7%)
2025-07-12 02:11:50,348 - INFO - ✅ API调用成功: 121.54864, 30.982157 -> 奉贤区
2025-07-12 02:11:50,353 - INFO - 🔄 正在处理记录 3892: (121.484021, 31.414796)
2025-07-12 02:11:50,353 - INFO - 📈 进度: 3395/3473 (97.8%)
2025-07-12 02:11:51,270 - INFO - ✅ API调用成功: 121.77009, 31.098867 -> 浦东新区
2025-07-12 02:11:51,275 - INFO - 🔄 正在处理记录 3893: (121.129034, 31.090024)
2025-07-12 02:11:51,275 - INFO - 📈 进度: 3396/3473 (97.8%)
2025-07-12 02:11:52,266 - INFO - ✅ API调用成功: 121.645663, 31.530319 -> 崇明区
2025-07-12 02:11:52,271 - INFO - 🔄 正在处理记录 3894: (121.576082, 31.152536)
2025-07-12 02:11:52,271 - INFO - 📈 进度: 3397/3473 (97.8%)
2025-07-12 02:11:53,285 - INFO - ✅ API调用成功: 121.347512, 30.757231 -> 金山区
2025-07-12 02:11:53,289 - INFO - 🔄 正在处理记录 3895: (121.513021, 31.253098)
2025-07-12 02:11:53,289 - INFO - 📈 进度: 3398/3473 (97.8%)
2025-07-12 02:11:54,280 - INFO - ✅ API调用成功: 121.269357, 31.194929 -> 青浦区
2025-07-12 02:11:54,284 - INFO - 🔄 正在处理记录 3896: (121.66102, 31.218261)
2025-07-12 02:11:54,284 - INFO - 📈 进度: 3399/3473 (97.9%)
2025-07-12 02:11:55,326 - INFO - ✅ API调用成功: 121.454289, 31.310224 -> 静安区
2025-07-12 02:11:55,332 - INFO - 🔄 正在处理记录 3897: (121.495623, 31.378659)
2025-07-12 02:11:55,337 - INFO - ✅ 写入 10 条结果到 /Users/songdingan/Downloads/detect_bus/final_station_ranking_with_district.csv
2025-07-12 02:11:55,337 - INFO - 📈 进度: 3400/3473 (97.9%)
2025-07-12 02:11:56,297 - INFO - ✅ API调用成功: 121.309667, 31.065982 -> 松江区
2025-07-12 02:11:56,302 - INFO - 🔄 正在处理记录 3898: (121.502534, 31.332338)
2025-07-12 02:11:56,302 - INFO - 📈 进度: 3401/3473 (97.9%)
2025-07-12 02:11:57,322 - INFO - ✅ API调用成功: 121.554093, 31.182933 -> 浦东新区
2025-07-12 02:11:57,324 - INFO - 🔄 正在处理记录 3899: (121.711938, 31.160591)
2025-07-12 02:11:57,324 - INFO - 📈 进度: 3402/3473 (98.0%)
2025-07-12 02:11:58,347 - INFO - ✅ API调用成功: 121.744273, 31.202879 -> 浦东新区
2025-07-12 02:11:58,352 - INFO - 🔄 正在处理记录 3900: (121.313274, 31.194907)
2025-07-12 02:11:58,352 - INFO - 📈 进度: 3403/3473 (98.0%)
2025-07-12 02:11:59,324 - INFO - ✅ API调用成功: 121.237264, 31.345495 -> 嘉定区
2025-07-12 02:11:59,329 - INFO - 🔄 正在处理记录 3901: (121.415159, 31.217295)
2025-07-12 02:11:59,329 - INFO - 📈 进度: 3404/3473 (98.0%)
2025-07-12 02:12:00,342 - INFO - ✅ API调用成功: 121.440051, 31.170838 -> 徐汇区
2025-07-12 02:12:00,346 - INFO - 🔄 正在处理记录 3902: (121.439292, 31.192353)
2025-07-12 02:12:00,346 - INFO - 📈 进度: 3405/3473 (98.0%)
2025-07-12 02:12:01,379 - INFO - ✅ API调用成功: 121.198227, 31.010881 -> 松江区
2025-07-12 02:12:01,384 - INFO - 🔄 正在处理记录 3903: (121.538818, 31.277118)
2025-07-12 02:12:01,384 - INFO - 📈 进度: 3406/3473 (98.1%)
2025-07-12 02:12:02,362 - INFO - ✅ API调用成功: 121.248886, 31.245667 -> 青浦区
2025-07-12 02:12:02,367 - INFO - 🔄 正在处理记录 3904: (121.431205, 31.325351)
2025-07-12 02:12:02,367 - INFO - 📈 进度: 3407/3473 (98.1%)
2025-07-12 02:12:03,352 - INFO - ✅ API调用成功: 121.492203, 31.25166 -> 虹口区
2025-07-12 02:12:03,356 - INFO - 🔄 正在处理记录 3905: (121.488585, 31.23451)
2025-07-12 02:12:03,356 - INFO - 📈 进度: 3408/3473 (98.1%)
2025-07-12 02:12:04,358 - INFO - ✅ API调用成功: 121.129872, 31.142025 -> 青浦区
2025-07-12 02:12:04,364 - INFO - 🔄 正在处理记录 3906: (121.296, 31.014309)
2025-07-12 02:12:04,364 - INFO - 📈 进度: 3409/3473 (98.2%)
2025-07-12 02:12:05,465 - INFO - ✅ API调用成功: 121.328931, 31.219458 -> 闵行区
2025-07-12 02:12:05,469 - INFO - 🔄 正在处理记录 3907: (121.373507, 31.739244)
2025-07-12 02:12:05,475 - INFO - ✅ 写入 10 条结果到 /Users/songdingan/Downloads/detect_bus/final_station_ranking_with_district.csv
2025-07-12 02:12:05,475 - INFO - 📈 进度: 3410/3473 (98.2%)
2025-07-12 02:12:06,368 - INFO - ✅ API调用成功: 121.30401, 31.208512 -> 闵行区
2025-07-12 02:12:06,372 - INFO - 🔄 正在处理记录 3908: (121.902669, 30.897545)
2025-07-12 02:12:06,372 - INFO - 📈 进度: 3411/3473 (98.2%)
2025-07-12 02:12:07,373 - INFO - ✅ API调用成功: 121.300507, 31.451762 -> 嘉定区
2025-07-12 02:12:07,377 - INFO - 🔄 正在处理记录 3909: (121.8034, 31.077575)
2025-07-12 02:12:07,377 - INFO - 📈 进度: 3412/3473 (98.2%)
2025-07-12 02:12:08,389 - INFO - ✅ API调用成功: 121.486246, 31.234994 -> 黄浦区
2025-07-12 02:12:08,393 - INFO - 🔄 正在处理记录 3910: (121.311103, 31.155001)
2025-07-12 02:12:08,393 - INFO - 📈 进度: 3413/3473 (98.3%)
2025-07-12 02:12:09,384 - INFO - ✅ API调用成功: 121.821114, 30.994967 -> 浦东新区
2025-07-12 02:12:09,388 - INFO - 🔄 正在处理记录 3911: (121.861622, 30.925799)
2025-07-12 02:12:09,388 - INFO - 📈 进度: 3414/3473 (98.3%)
2025-07-12 02:12:10,493 - INFO - ✅ API调用成功: 121.437417, 31.228739 -> 长宁区
2025-07-12 02:12:10,496 - INFO - 🔄 正在处理记录 3912: (121.146878, 31.150543)
2025-07-12 02:12:10,496 - INFO - 📈 进度: 3415/3473 (98.3%)
2025-07-12 02:12:11,411 - INFO - ✅ API调用成功: 121.861032, 30.954888 -> 浦东新区
2025-07-12 02:12:11,415 - INFO - 🔄 正在处理记录 3913: (121.499128, 31.167954)
2025-07-12 02:12:11,415 - INFO - 📈 进度: 3416/3473 (98.4%)
2025-07-12 02:12:12,399 - INFO - ✅ API调用成功: 121.489353, 31.223978 -> 黄浦区
2025-07-12 02:12:12,404 - INFO - 🔄 正在处理记录 3914: (121.394676, 31.280273)
2025-07-12 02:12:12,404 - INFO - 📈 进度: 3417/3473 (98.4%)
2025-07-12 02:12:13,390 - INFO - ✅ API调用成功: 121.431871, 31.165487 -> 徐汇区
2025-07-12 02:12:13,394 - INFO - 🔄 正在处理记录 3915: (121.42759, 31.284973)
2025-07-12 02:12:13,394 - INFO - 📈 进度: 3418/3473 (98.4%)
2025-07-12 02:12:14,423 - INFO - ✅ API调用成功: 121.502717, 31.083814 -> 闵行区
2025-07-12 02:12:14,425 - INFO - 🔄 正在处理记录 3916: (121.281424, 31.060545)
2025-07-12 02:12:14,425 - INFO - 📈 进度: 3419/3473 (98.4%)
2025-07-12 02:12:15,424 - INFO - ✅ API调用成功: 121.426313, 31.231271 -> 长宁区
2025-07-12 02:12:15,429 - INFO - 🔄 正在处理记录 3917: (121.698466, 31.192701)
2025-07-12 02:12:15,434 - INFO - ✅ 写入 10 条结果到 /Users/songdingan/Downloads/detect_bus/final_station_ranking_with_district.csv
2025-07-12 02:12:15,434 - INFO - 📈 进度: 3420/3473 (98.5%)
2025-07-12 02:12:16,428 - INFO - ✅ API调用成功: 121.30401, 31.208512 -> 闵行区
2025-07-12 02:12:16,432 - INFO - 🔄 正在处理记录 3918: (121.184883, 31.352139)
2025-07-12 02:12:16,432 - INFO - 📈 进度: 3421/3473 (98.5%)
2025-07-12 02:12:17,662 - INFO - ✅ API调用成功: 121.439008, 31.333922 -> 宝山区
2025-07-12 02:12:17,667 - INFO - 🔄 正在处理记录 3919: (121.247845, 31.107559)
2025-07-12 02:12:17,667 - INFO - 📈 进度: 3422/3473 (98.5%)
2025-07-12 02:12:18,478 - INFO - ✅ API调用成功: 121.292051, 31.198338 -> 青浦区
2025-07-12 02:12:18,484 - INFO - 🔄 正在处理记录 3920: (121.609187, 31.281049)
2025-07-12 02:12:18,484 - INFO - 📈 进度: 3423/3473 (98.6%)
2025-07-12 02:12:19,457 - INFO - ✅ API调用成功: 121.26969, 31.194439 -> 青浦区
2025-07-12 02:12:19,461 - INFO - 🔄 正在处理记录 3921: (121.75463, 30.991779)
2025-07-12 02:12:19,461 - INFO - 📈 进度: 3424/3473 (98.6%)
2025-07-12 02:12:20,477 - INFO - ✅ API调用成功: 121.310758, 31.164424 -> 青浦区
2025-07-12 02:12:20,484 - INFO - 🔄 正在处理记录 3922: (121.080635, 31.248619)
2025-07-12 02:12:20,485 - INFO - 📈 进度: 3425/3473 (98.6%)
2025-07-12 02:12:22,060 - INFO - ✅ API调用成功: 121.147385, 31.153118 -> 青浦区
2025-07-12 02:12:22,064 - INFO - 🔄 正在处理记录 3923: (121.528254, 31.110335)
2025-07-12 02:12:22,064 - INFO - 📈 进度: 3426/3473 (98.6%)
2025-07-12 02:12:22,579 - INFO - ✅ API调用成功: 121.378066, 31.163588 -> 闵行区
2025-07-12 02:12:22,587 - INFO - 🔄 正在处理记录 3924: (121.751411, 31.147261)
2025-07-12 02:12:22,587 - INFO - 📈 进度: 3427/3473 (98.7%)
2025-07-12 02:12:23,458 - INFO - ✅ API调用成功: 121.474772, 31.249146 -> 静安区
2025-07-12 02:12:23,465 - INFO - 🔄 正在处理记录 3925: (121.714306, 31.514553)
2025-07-12 02:12:23,466 - INFO - 📈 进度: 3428/3473 (98.7%)
2025-07-12 02:12:24,542 - INFO - ✅ API调用成功: 121.331853, 30.715913 -> 金山区
2025-07-12 02:12:24,546 - INFO - 🔄 正在处理记录 3926: (121.659278, 31.11107)
2025-07-12 02:12:24,547 - INFO - 📈 进度: 3429/3473 (98.7%)
2025-07-12 02:12:25,463 - INFO - ✅ API调用成功: 121.833904, 31.077098 -> 浦东新区
2025-07-12 02:12:25,467 - INFO - 🔄 正在处理记录 3927: (121.698466, 31.192701)
2025-07-12 02:12:25,473 - INFO - ✅ 写入 10 条结果到 /Users/songdingan/Downloads/detect_bus/final_station_ranking_with_district.csv
2025-07-12 02:12:25,474 - INFO - 📈 进度: 3430/3473 (98.8%)
2025-07-12 02:12:26,489 - INFO - ✅ API调用成功: 121.608448, 31.010713 -> 浦东新区
2025-07-12 02:12:26,495 - INFO - 🔄 正在处理记录 3928: (121.373728, 31.123044)
2025-07-12 02:12:26,495 - INFO - 📈 进度: 3431/3473 (98.8%)
2025-07-12 02:12:27,531 - INFO - ✅ API调用成功: 121.265225, 31.121658 -> 松江区
2025-07-12 02:12:27,536 - INFO - 🔄 正在处理记录 3929: (121.570436, 30.926638)
2025-07-12 02:12:27,536 - INFO - 📈 进度: 3432/3473 (98.8%)
2025-07-12 02:12:28,512 - INFO - ✅ API调用成功: 121.448161, 31.179087 -> 徐汇区
2025-07-12 02:12:28,519 - INFO - 🔄 正在处理记录 3930: (121.402985, 31.301361)
2025-07-12 02:12:28,519 - INFO - 📈 进度: 3433/3473 (98.8%)
2025-07-12 02:12:29,485 - INFO - ✅ API调用成功: 121.605745, 31.525352 -> 崇明区
2025-07-12 02:12:29,491 - INFO - 📈 进度: 3434/3473 (98.9%)
2025-07-12 02:12:30,492 - INFO - ✅ API调用成功: 121.484021, 31.414796 -> 宝山区
2025-07-12 02:12:30,497 - INFO - 📈 进度: 3435/3473 (98.9%)
2025-07-12 02:12:31,489 - INFO - ✅ API调用成功: 121.129034, 31.090024 -> 松江区
2025-07-12 02:12:31,495 - INFO - 📈 进度: 3436/3473 (98.9%)
2025-07-12 02:12:32,539 - INFO - ✅ API调用成功: 121.576082, 31.152536 -> 浦东新区
2025-07-12 02:12:32,552 - INFO - 📈 进度: 3437/3473 (99.0%)
2025-07-12 02:12:33,587 - INFO - ✅ API调用成功: 121.513021, 31.253098 -> 虹口区
2025-07-12 02:12:33,596 - INFO - 📈 进度: 3438/3473 (99.0%)
2025-07-12 02:12:34,574 - INFO - ✅ API调用成功: 121.66102, 31.218261 -> 浦东新区
2025-07-12 02:12:34,579 - INFO - 📈 进度: 3439/3473 (99.0%)
2025-07-12 02:12:35,567 - INFO - ✅ API调用成功: 121.495623, 31.378659 -> 宝山区
2025-07-12 02:12:35,574 - INFO - ✅ 写入 10 条结果到 /Users/songdingan/Downloads/detect_bus/final_station_ranking_with_district.csv
2025-07-12 02:12:35,574 - INFO - 📈 进度: 3440/3473 (99.0%)
2025-07-12 02:12:36,762 - INFO - ✅ API调用成功: 121.502534, 31.332338 -> 宝山区
2025-07-12 02:12:36,766 - INFO - 📈 进度: 3441/3473 (99.1%)
2025-07-12 02:12:37,548 - INFO - ✅ API调用成功: 121.711938, 31.160591 -> 浦东新区
2025-07-12 02:12:37,552 - INFO - 📈 进度: 3442/3473 (99.1%)
2025-07-12 02:12:38,592 - INFO - ✅ API调用成功: 121.313274, 31.194907 -> 青浦区
2025-07-12 02:12:38,597 - INFO - 📈 进度: 3443/3473 (99.1%)
2025-07-12 02:12:39,598 - INFO - ✅ API调用成功: 121.415159, 31.217295 -> 长宁区
2025-07-12 02:12:39,602 - INFO - 📈 进度: 3444/3473 (99.2%)
2025-07-12 02:12:40,583 - INFO - ✅ API调用成功: 121.439292, 31.192353 -> 徐汇区
2025-07-12 02:12:40,585 - INFO - 📈 进度: 3445/3473 (99.2%)
2025-07-12 02:12:41,624 - INFO - ✅ API调用成功: 121.538818, 31.277118 -> 杨浦区
2025-07-12 02:12:41,631 - INFO - 📈 进度: 3446/3473 (99.2%)
2025-07-12 02:12:42,585 - INFO - ✅ API调用成功: 121.431205, 31.325351 -> 宝山区
2025-07-12 02:12:42,591 - INFO - 📈 进度: 3447/3473 (99.3%)
2025-07-12 02:12:43,610 - INFO - ✅ API调用成功: 121.488585, 31.23451 -> 黄浦区
2025-07-12 02:12:43,614 - INFO - 📈 进度: 3448/3473 (99.3%)
2025-07-12 02:12:44,633 - INFO - ✅ API调用成功: 121.296, 31.014309 -> 松江区
2025-07-12 02:12:44,639 - INFO - 📈 进度: 3449/3473 (99.3%)
2025-07-12 02:12:45,622 - INFO - ✅ API调用成功: 121.373507, 31.739244 -> 崇明区
2025-07-12 02:12:45,628 - INFO - ✅ 写入 10 条结果到 /Users/songdingan/Downloads/detect_bus/final_station_ranking_with_district.csv
2025-07-12 02:12:45,628 - INFO - 📈 进度: 3450/3473 (99.3%)
2025-07-12 02:12:46,595 - INFO - ✅ API调用成功: 121.902669, 30.897545 -> 浦东新区
2025-07-12 02:12:46,600 - INFO - 📈 进度: 3451/3473 (99.4%)
2025-07-12 02:12:47,616 - INFO - ✅ API调用成功: 121.8034, 31.077575 -> 浦东新区
2025-07-12 02:12:47,621 - INFO - 📈 进度: 3452/3473 (99.4%)
2025-07-12 02:12:48,965 - INFO - ✅ API调用成功: 121.311103, 31.155001 -> 松江区
2025-07-12 02:12:48,971 - INFO - 📈 进度: 3453/3473 (99.4%)
2025-07-12 02:12:49,881 - INFO - ✅ API调用成功: 121.861622, 30.925799 -> 浦东新区
2025-07-12 02:12:49,885 - INFO - 📈 进度: 3454/3473 (99.5%)
2025-07-12 02:12:50,633 - INFO - ✅ API调用成功: 121.146878, 31.150543 -> 青浦区
2025-07-12 02:12:50,635 - INFO - 📈 进度: 3455/3473 (99.5%)
2025-07-12 02:12:51,645 - INFO - ✅ API调用成功: 121.499128, 31.167954 -> 浦东新区
2025-07-12 02:12:51,650 - INFO - 📈 进度: 3456/3473 (99.5%)
2025-07-12 02:12:52,639 - INFO - ✅ API调用成功: 121.394676, 31.280273 -> 普陀区
2025-07-12 02:12:52,642 - INFO - 📈 进度: 3457/3473 (99.5%)
2025-07-12 02:12:53,664 - INFO - ✅ API调用成功: 121.42759, 31.284973 -> 宝山区
2025-07-12 02:12:53,670 - INFO - 📈 进度: 3458/3473 (99.6%)
2025-07-12 02:12:54,674 - INFO - ✅ API调用成功: 121.281424, 31.060545 -> 松江区
2025-07-12 02:12:54,678 - INFO - 📈 进度: 3459/3473 (99.6%)
2025-07-12 02:12:55,659 - INFO - ✅ API调用成功: 121.698466, 31.192701 -> 浦东新区
2025-07-12 02:12:55,668 - INFO - ✅ 写入 10 条结果到 /Users/songdingan/Downloads/detect_bus/final_station_ranking_with_district.csv
2025-07-12 02:12:55,668 - INFO - 📈 进度: 3460/3473 (99.6%)
2025-07-12 02:12:56,686 - INFO - ✅ API调用成功: 121.184883, 31.352139 -> 嘉定区
2025-07-12 02:12:56,691 - INFO - 📈 进度: 3461/3473 (99.7%)
2025-07-12 02:12:57,681 - INFO - ✅ API调用成功: 121.247845, 31.107559 -> 松江区
2025-07-12 02:12:57,685 - INFO - 📈 进度: 3462/3473 (99.7%)
2025-07-12 02:12:58,703 - INFO - ✅ API调用成功: 121.609187, 31.281049 -> 浦东新区
2025-07-12 02:12:58,707 - INFO - 📈 进度: 3463/3473 (99.7%)
2025-07-12 02:12:59,698 - INFO - ✅ API调用成功: 121.75463, 30.991779 -> 浦东新区
2025-07-12 02:12:59,703 - INFO - 📈 进度: 3464/3473 (99.7%)
2025-07-12 02:13:00,892 - INFO - ✅ API调用成功: 121.080635, 31.248619 -> 青浦区
2025-07-12 02:13:00,897 - INFO - 📈 进度: 3465/3473 (99.8%)
2025-07-12 02:13:01,766 - INFO - ✅ API调用成功: 121.528254, 31.110335 -> 闵行区
2025-07-12 02:13:01,772 - INFO - 📈 进度: 3466/3473 (99.8%)
2025-07-12 02:13:02,711 - INFO - ✅ API调用成功: 121.751411, 31.147261 -> 浦东新区
2025-07-12 02:13:02,715 - INFO - 📈 进度: 3467/3473 (99.8%)
2025-07-12 02:13:04,232 - INFO - ✅ API调用成功: 121.714306, 31.514553 -> 崇明区
2025-07-12 02:13:04,237 - INFO - 📈 进度: 3468/3473 (99.9%)
2025-07-12 02:13:04,715 - INFO - ✅ API调用成功: 121.659278, 31.11107 -> 浦东新区
2025-07-12 02:13:04,719 - INFO - 📈 进度: 3469/3473 (99.9%)
2025-07-12 02:13:05,741 - INFO - ✅ API调用成功: 121.698466, 31.192701 -> 浦东新区
2025-07-12 02:13:05,751 - INFO - ✅ 写入 10 条结果到 /Users/songdingan/Downloads/detect_bus/final_station_ranking_with_district.csv
2025-07-12 02:13:05,751 - INFO - 📈 进度: 3470/3473 (99.9%)
2025-07-12 02:13:06,735 - INFO - ✅ API调用成功: 121.373728, 31.123044 -> 闵行区
2025-07-12 02:13:06,741 - INFO - 📈 进度: 3471/3473 (99.9%)
2025-07-12 02:13:07,769 - INFO - ✅ API调用成功: 121.570436, 30.926638 -> 奉贤区
2025-07-12 02:13:07,774 - INFO - 📈 进度: 3472/3473 (100.0%)
2025-07-12 02:13:08,764 - INFO - ✅ API调用成功: 121.402985, 31.301361 -> 宝山区
2025-07-12 02:13:08,775 - INFO - ✅ 写入 3 条结果到 /Users/songdingan/Downloads/detect_bus/final_station_ranking_with_district.csv
2025-07-12 02:13:08,775 - INFO - 📈 进度: 3473/3473 (100.0%)
2025-07-12 02:13:08,779 - INFO - 🎉 并发处理完成！
2025-07-12 02:13:08,804 - INFO - 📝 创建最终合并文件...
2025-07-12 02:13:09,442 - INFO - ✅ 最终文件创建成功: /Users/songdingan/Downloads/detect_bus/final_station_ranking_with_district.csv
2025-07-12 02:13:09,442 - INFO -    - 总记录数: 3931
2025-07-12 02:13:09,444 - INFO -    - 已获取区域信息的记录数: 3931
2025-07-12 02:13:09,444 - INFO - 🎉 程序运行完成！
